2026-08-06T14:47:46+12:00	linux_method3_vit_ln_single_8ts1v_b8_seed1_i40000	vit_imagenet	LITE_RUNNING
2026-08-06T15:38:56+12:00	linux_method3_vit_ln_single_8ts1v_b8_seed1_i40000	vit_imagenet	LITE_COMPLETE
2026-08-06T15:38:56+12:00	hpsA_r3m_bn_bi_rho0p25_eps0p05_lr1e4_i40000	r3m_bn_bi	UPSTREAM_RUNNING_TO_5000
2026-08-06T17:37:52+12:00	hpsA_r3m_bn_bi_rho0p25_eps0p05_lr1e4_i40000	r3m_bn_bi	UPSTREAM_SEGMENT_COMPLETE_5000
2026-08-06T17:59:34+12:00	hpsA_r3m_bn_bi_rho0p25_eps0p05_lr1e4_i40000	r3m_bn_bi	UPSTREAM_RUNNING_TO_10000
2026-08-06T19:58:48+12:00	hpsA_r3m_bn_bi_rho0p25_eps0p05_lr1e4_i40000	r3m_bn_bi	UPSTREAM_SEGMENT_COMPLETE_10000
2026-08-06T19:58:48+12:00	hpsA_r3m_bn_bi_rho0p25_eps0p05_lr1e4_i40000	r3m_bn_bi	UPSTREAM_RUNNING_TO_15000
2026-08-06T21:59:09+12:00	hpsA_r3m_bn_bi_rho0p25_eps0p05_lr1e4_i40000	r3m_bn_bi	UPSTREAM_SEGMENT_COMPLETE_15000
2026-08-06T21:59:09+12:00	hpsA_r3m_bn_bi_rho0p25_eps0p05_lr1e4_i40000	r3m_bn_bi	UPSTREAM_RUNNING_TO_20000
2026-08-06T23:59:20+12:00	hpsA_r3m_bn_bi_rho0p25_eps0p05_lr1e4_i40000	r3m_bn_bi	UPSTREAM_SEGMENT_COMPLETE_20000
2026-08-06T23:59:20+12:00	hpsA_r3m_bn_bi_rho0p25_eps0p05_lr1e4_i40000	r3m_bn_bi	UPSTREAM_RUNNING_TO_25000
2026-08-07T01:59:15+12:00	hpsA_r3m_bn_bi_rho0p25_eps0p05_lr1e4_i40000	r3m_bn_bi	UPSTREAM_SEGMENT_COMPLETE_25000
2026-08-07T01:59:15+12:00	hpsA_r3m_bn_bi_rho0p25_eps0p05_lr1e4_i40000	r3m_bn_bi	UPSTREAM_RUNNING_TO_30000
2026-08-07T03:58:31+12:00	hpsA_r3m_bn_bi_rho0p25_eps0p05_lr1e4_i40000	r3m_bn_bi	UPSTREAM_SEGMENT_COMPLETE_30000
2026-08-07T03:58:31+12:00	hpsA_r3m_bn_bi_rho0p25_eps0p05_lr1e4_i40000	r3m_bn_bi	UPSTREAM_RUNNING_TO_35000
2026-08-07T05:57:38+12:00	hpsA_r3m_bn_bi_rho0p25_eps0p05_lr1e4_i40000	r3m_bn_bi	UPSTREAM_SEGMENT_COMPLETE_35000
2026-08-07T05:57:39+12:00	hpsA_r3m_bn_bi_rho0p25_eps0p05_lr1e4_i40000	r3m_bn_bi	UPSTREAM_RUNNING_TO_40000
2026-08-07T07:56:33+12:00	hpsA_r3m_bn_bi_rho0p25_eps0p05_lr1e4_i40000	r3m_bn_bi	UPSTREAM_SEGMENT_COMPLETE_40000
2026-08-07T07:56:33+12:00	hpsA_r3m_bn_bi_rho0p25_eps0p05_lr1e4_i40000	r3m_bn_bi	UPSTREAM_COMPLETE
2026-08-07T07:56:35+12:00	hpsA_r3m_bn_bi_rho0p25_eps0p05_lr1e4_i40000	r3m_bn_bi	LITE_RUNNING
2026-08-07T07:56:45+12:00	hpsA_r3m_bn_bi_rho0p25_eps0p05_lr1e4_i40000	r3m_bn_bi	LITE_COMPLETE
2026-08-07T07:56:45+12:00	hpsA_r3m_bn_bi_rho0p25_eps0p05_lr1e4_i40000	r3m_bn_bi	LITE_RUNNING
2026-08-07T07:56:55+12:00	hpsA_r3m_bn_bi_rho0p25_eps0p05_lr1e4_i40000	r3m_bn_bi	LITE_COMPLETE
2026-08-07T07:56:55+12:00	hpsA_r3m_bn_bi_rho0p25_eps0p05_lr1e4_i40000	r3m_bn_bi	LITE_RUNNING
2026-08-07T07:57:04+12:00	hpsA_r3m_bn_bi_rho0p25_eps0p05_lr1e4_i40000	r3m_bn_bi	LITE_COMPLETE
2026-08-07T07:57:04+12:00	hpsA_r3m_bn_bi_rho0p25_eps0p05_lr1e4_i40000	r3m_bn_bi	LITE_RUNNING
2026-08-07T07:57:13+12:00	hpsA_r3m_bn_bi_rho0p25_eps0p05_lr1e4_i40000	r3m_bn_bi	LITE_COMPLETE
2026-08-07T07:57:13+12:00	hpsA_r3m_bn_bi_rho0p25_eps0p05_lr1e4_i40000	r3m_bn_bi	LITE_RUNNING
2026-08-07T07:57:22+12:00	hpsA_r3m_bn_bi_rho0p25_eps0p05_lr1e4_i40000	r3m_bn_bi	LITE_COMPLETE
2026-08-07T07:57:22+12:00	hpsA_r3m_bn_bi_rho0p25_eps0p05_lr1e4_i40000	r3m_bn_bi	LITE_RUNNING
2026-08-07T07:57:31+12:00	hpsA_r3m_bn_bi_rho0p25_eps0p05_lr1e4_i40000	r3m_bn_bi	LITE_COMPLETE
2026-08-07T07:57:31+12:00	hpsA_r3m_bn_bi_rho0p25_eps0p05_lr1e4_i40000	r3m_bn_bi	LITE_RUNNING
2026-08-07T07:57:40+12:00	hpsA_r3m_bn_bi_rho0p25_eps0p05_lr1e4_i40000	r3m_bn_bi	LITE_COMPLETE
2026-08-07T07:57:40+12:00	hpsA_r3m_bn_bi_rho0p25_eps0p05_lr1e4_i40000	r3m_bn_bi	LITE_RUNNING
2026-08-07T07:57:49+12:00	hpsA_r3m_bn_bi_rho0p25_eps0p05_lr1e4_i40000	r3m_bn_bi	LITE_COMPLETE
2026-08-07T07:57:49+12:00	hpsA_r3m_bn_bi_rho0p25_eps0p05_lr1e4_i40000	r3m_bn_bi	LITE_RUNNING
2026-08-07T07:57:58+12:00	hpsA_r3m_bn_bi_rho0p25_eps0p05_lr1e4_i40000	r3m_bn_bi	LITE_COMPLETE
2026-08-07T07:57:58+12:00	hpsA_r3m_bn_bi_rho0p25_eps0p05_lr1e4_i40000	r3m_bn_bi	LITE_RUNNING
2026-08-07T07:58:07+12:00	hpsA_r3m_bn_bi_rho0p25_eps0p05_lr1e4_i40000	r3m_bn_bi	LITE_COMPLETE
2026-08-07T07:58:07+12:00	hpsA_r3m_bn_bi_rho0p25_eps0p05_lr1e4_i40000	r3m_bn_bi	LITE_RUNNING
2026-08-07T07:58:15+12:00	hpsA_r3m_bn_bi_rho0p25_eps0p05_lr1e4_i40000	r3m_bn_bi	LITE_COMPLETE
2026-08-07T07:58:15+12:00	hpsA_r3m_bn_bi_rho0p25_eps0p05_lr1e4_i40000	r3m_bn_bi	LITE_RUNNING
2026-08-07T07:58:24+12:00	hpsA_r3m_bn_bi_rho0p25_eps0p05_lr1e4_i40000	r3m_bn_bi	LITE_COMPLETE
2026-08-07T07:58:24+12:00	hpsA_r3m_bn_bi_rho0p25_eps0p05_lr1e4_i40000	r3m_bn_bi	LITE_RUNNING
2026-08-07T07:58:33+12:00	hpsA_r3m_bn_bi_rho0p25_eps0p05_lr1e4_i40000	r3m_bn_bi	LITE_COMPLETE
2026-08-07T07:58:33+12:00	hpsA_r3m_bn_bi_rho0p25_eps0p05_lr1e4_i40000	r3m_bn_bi	LITE_RUNNING
2026-08-07T07:58:42+12:00	hpsA_r3m_bn_bi_rho0p25_eps0p05_lr1e4_i40000	r3m_bn_bi	LITE_COMPLETE
2026-08-07T07:58:42+12:00	hpsA_r3m_bn_bi_rho0p25_eps0p05_lr1e4_i40000	r3m_bn_bi	LITE_RUNNING
2026-08-07T07:58:51+12:00	hpsA_r3m_bn_bi_rho0p25_eps0p05_lr1e4_i40000	r3m_bn_bi	LITE_COMPLETE
2026-08-07T07:58:51+12:00	hpsA_r3m_bn_bi_rho0p25_eps0p05_lr1e4_i40000	r3m_bn_bi	LITE_RUNNING
2026-08-07T07:59:00+12:00	hpsA_r3m_bn_bi_rho0p25_eps0p05_lr1e4_i40000	r3m_bn_bi	LITE_COMPLETE
2026-08-07T07:59:00+12:00	hpsA_r3m_bn_bi_rho0p25_eps0p05_lr1e4_i40000	r3m_bn_bi	LITE_RUNNING
2026-08-07T07:59:08+12:00	hpsA_r3m_bn_bi_rho0p25_eps0p05_lr1e4_i40000	r3m_bn_bi	LITE_COMPLETE
2026-08-07T07:59:08+12:00	hpsA_r3m_bn_bi_rho0p25_eps0p05_lr1e4_i40000	r3m_bn_bi	LITE_RUNNING
2026-08-07T07:59:17+12:00	hpsA_r3m_bn_bi_rho0p25_eps0p05_lr1e4_i40000	r3m_bn_bi	LITE_COMPLETE
2026-08-07T07:59:17+12:00	hpsA_r3m_bn_bi_rho0p25_eps0p05_lr1e4_i40000	r3m_bn_bi	LITE_RUNNING
2026-08-07T07:59:26+12:00	hpsA_r3m_bn_bi_rho0p25_eps0p05_lr1e4_i40000	r3m_bn_bi	LITE_COMPLETE
2026-08-07T07:59:26+12:00	hpsA_r3m_bn_bi_rho0p25_eps0p05_lr1e4_i40000	r3m_bn_bi	LITE_RUNNING
2026-08-07T07:59:35+12:00	hpsA_r3m_bn_bi_rho0p25_eps0p05_lr1e4_i40000	r3m_bn_bi	LITE_COMPLETE
2026-08-07T07:59:35+12:00	hpsA_r3m_bn_bi_rho0p25_eps0p05_lr1e4_i40000	r3m_bn_bi	LITE_RUNNING
2026-08-07T07:59:44+12:00	hpsA_r3m_bn_bi_rho0p25_eps0p05_lr1e4_i40000	r3m_bn_bi	LITE_COMPLETE
2026-08-07T07:59:44+12:00	hpsA_r3m_bn_bi_rho0p25_eps0p05_lr1e4_i40000	r3m_bn_bi	LITE_RUNNING
2026-08-07T07:59:53+12:00	hpsA_r3m_bn_bi_rho0p25_eps0p05_lr1e4_i40000	r3m_bn_bi	LITE_COMPLETE
2026-08-07T07:59:53+12:00	hpsA_r3m_bn_bi_rho0p25_eps0p05_lr1e4_i40000	r3m_bn_bi	LITE_RUNNING
2026-08-07T08:00:02+12:00	hpsA_r3m_bn_bi_rho0p25_eps0p05_lr1e4_i40000	r3m_bn_bi	LITE_COMPLETE
2026-08-07T08:00:02+12:00	hpsA_r3m_bn_bi_rho0p25_eps0p05_lr1e4_i40000	r3m_bn_bi	LITE_RUNNING
2026-08-07T08:00:11+12:00	hpsA_r3m_bn_bi_rho0p25_eps0p05_lr1e4_i40000	r3m_bn_bi	LITE_COMPLETE
2026-08-07T08:00:11+12:00	hpsA_r3m_bn_bi_rho0p25_eps0p05_lr1e4_i40000	r3m_bn_bi	LITE_RUNNING
2026-08-07T08:00:21+12:00	hpsA_r3m_bn_bi_rho0p25_eps0p05_lr1e4_i40000	r3m_bn_bi	LITE_COMPLETE
2026-08-07T08:00:21+12:00	hpsA_r3m_bn_bi_rho0p25_eps0p05_lr1e4_i40000	r3m_bn_bi	LITE_RUNNING
2026-08-07T08:00:31+12:00	hpsA_r3m_bn_bi_rho0p25_eps0p05_lr1e4_i40000	r3m_bn_bi	LITE_COMPLETE
2026-08-07T08:00:31+12:00	hpsA_r3m_bn_bi_rho0p25_eps0p05_lr1e4_i40000	r3m_bn_bi	LITE_RUNNING
2026-08-07T08:00:41+12:00	hpsA_r3m_bn_bi_rho0p25_eps0p05_lr1e4_i40000	r3m_bn_bi	LITE_COMPLETE
2026-08-07T08:00:41+12:00	hpsA_r3m_bn_bi_rho0p25_eps0p05_lr1e4_i40000	r3m_bn_bi	LITE_RUNNING
2026-08-07T08:00:51+12:00	hpsA_r3m_bn_bi_rho0p25_eps0p05_lr1e4_i40000	r3m_bn_bi	LITE_COMPLETE
2026-08-07T08:00:51+12:00	hpsA_r3m_bn_bi_rho0p25_eps0p05_lr1e4_i40000	r3m_bn_bi	LITE_RUNNING
2026-08-07T08:01:01+12:00	hpsA_r3m_bn_bi_rho0p25_eps0p05_lr1e4_i40000	r3m_bn_bi	LITE_COMPLETE
2026-08-07T08:01:01+12:00	hpsA_r3m_bn_bi_rho0p25_eps0p05_lr1e4_i40000	r3m_bn_bi	LITE_RUNNING
2026-08-07T08:01:10+12:00	hpsA_r3m_bn_bi_rho0p25_eps0p05_lr1e4_i40000	r3m_bn_bi	LITE_COMPLETE
2026-08-07T08:01:10+12:00	hpsA_r3m_bn_bi_rho0p25_eps0p05_lr1e4_i40000	r3m_bn_bi	LITE_RUNNING
2026-08-07T08:01:19+12:00	hpsA_r3m_bn_bi_rho0p25_eps0p05_lr1e4_i40000	r3m_bn_bi	LITE_COMPLETE
2026-08-07T08:01:19+12:00	hpsA_r3m_bn_bi_rho0p25_eps0p05_lr1e4_i40000	r3m_bn_bi	LITE_RUNNING
2026-08-07T08:01:28+12:00	hpsA_r3m_bn_bi_rho0p25_eps0p05_lr1e4_i40000	r3m_bn_bi	LITE_COMPLETE
2026-08-07T08:01:28+12:00	hpsA_r3m_bn_bi_rho0p25_eps0p05_lr1e4_i40000	r3m_bn_bi	LITE_RUNNING
2026-08-07T08:01:37+12:00	hpsA_r3m_bn_bi_rho0p25_eps0p05_lr1e4_i40000	r3m_bn_bi	LITE_COMPLETE
2026-08-07T08:01:37+12:00	hpsA_r3m_bn_bi_rho0p25_eps0p05_lr1e4_i40000	r3m_bn_bi	LITE_RUNNING
2026-08-07T08:01:46+12:00	hpsA_r3m_bn_bi_rho0p25_eps0p05_lr1e4_i40000	r3m_bn_bi	LITE_COMPLETE
2026-08-07T08:01:46+12:00	hpsA_r3m_bn_bi_rho0p25_eps0p05_lr1e4_i40000	r3m_bn_bi	LITE_RUNNING
2026-08-07T08:01:55+12:00	hpsA_r3m_bn_bi_rho0p25_eps0p05_lr1e4_i40000	r3m_bn_bi	LITE_COMPLETE
2026-08-07T08:01:55+12:00	hpsA_r3m_bn_bi_rho0p25_eps0p05_lr1e4_i40000	r3m_bn_bi	LITE_RUNNING
2026-08-07T08:02:04+12:00	hpsA_r3m_bn_bi_rho0p25_eps0p05_lr1e4_i40000	r3m_bn_bi	LITE_COMPLETE
2026-08-07T08:02:04+12:00	hpsA_r3m_bn_bi_rho0p25_eps0p05_lr1e4_i40000	r3m_bn_bi	LITE_RUNNING
2026-08-07T08:02:12+12:00	hpsA_r3m_bn_bi_rho0p25_eps0p05_lr1e4_i40000	r3m_bn_bi	LITE_COMPLETE
2026-08-07T08:02:12+12:00	hpsA_r3m_bn_bi_rho0p25_eps0p05_lr1e4_i40000	r3m_bn_bi	LITE_RUNNING
2026-08-07T08:02:21+12:00	hpsA_r3m_bn_bi_rho0p25_eps0p05_lr1e4_i40000	r3m_bn_bi	LITE_COMPLETE
2026-08-07T08:02:21+12:00	hpsA_r3m_bn_bi_rho0p25_eps0p05_lr1e4_i40000	r3m_bn_bi	LITE_RUNNING
2026-08-07T08:02:30+12:00	hpsA_r3m_bn_bi_rho0p25_eps0p05_lr1e4_i40000	r3m_bn_bi	LITE_COMPLETE
2026-08-07T08:02:30+12:00	hpsA_r3m_bn_bi_rho0p25_eps0p05_lr1e4_i40000	r3m_bn_bi	LITE_RUNNING
2026-08-07T08:02:39+12:00	hpsA_r3m_bn_bi_rho0p25_eps0p05_lr1e4_i40000	r3m_bn_bi	LITE_COMPLETE
2026-08-07T08:02:39+12:00	hpsA_r3m_bn_bi_rho0p25_eps0p05_lr1e4_i40000	r3m_bn_bi	LITE_RUNNING
2026-08-07T08:02:48+12:00	hpsA_r3m_bn_bi_rho0p25_eps0p05_lr1e4_i40000	r3m_bn_bi	LITE_COMPLETE
2026-08-07T08:02:48+12:00	hpsA_r3m_bn_bi_rho0p25_eps0p05_lr1e4_i40000	r3m_bn_bi	LITE_RUNNING
2026-08-07T08:02:57+12:00	hpsA_r3m_bn_bi_rho0p25_eps0p05_lr1e4_i40000	r3m_bn_bi	LITE_COMPLETE
2026-08-07T08:02:57+12:00	hpsA_r3m_bn_bi_rho0p25_eps0p05_lr1e4_i40000	r3m_bn_bi	LITE_RUNNING
2026-08-07T08:03:06+12:00	hpsA_r3m_bn_bi_rho0p25_eps0p05_lr1e4_i40000	r3m_bn_bi	LITE_COMPLETE
2026-08-07T08:03:06+12:00	hpsA_r3m_bn_bi_rho0p25_eps0p05_lr1e4_i40000	r3m_bn_bi	LITE_RUNNING
2026-08-07T08:03:15+12:00	hpsA_r3m_bn_bi_rho0p25_eps0p05_lr1e4_i40000	r3m_bn_bi	LITE_COMPLETE
2026-08-07T08:03:15+12:00	hpsA_r3m_bn_bi_rho0p25_eps0p05_lr1e4_i40000	r3m_bn_bi	LITE_RUNNING
2026-08-07T08:03:24+12:00	hpsA_r3m_bn_bi_rho0p25_eps0p05_lr1e4_i40000	r3m_bn_bi	LITE_COMPLETE
2026-08-07T08:03:24+12:00	hpsA_r3m_bn_bi_rho0p25_eps0p05_lr1e4_i40000	r3m_bn_bi	LITE_RUNNING
2026-08-07T08:03:32+12:00	hpsA_r3m_bn_bi_rho0p25_eps0p05_lr1e4_i40000	r3m_bn_bi	LITE_COMPLETE
2026-08-07T08:03:32+12:00	hpsA_r3m_bn_bi_rho0p25_eps0p05_lr1e4_i40000	r3m_bn_bi	LITE_RUNNING
2026-08-07T08:03:41+12:00	hpsA_r3m_bn_bi_rho0p25_eps0p05_lr1e4_i40000	r3m_bn_bi	LITE_COMPLETE
2026-08-07T08:03:41+12:00	hpsA_r3m_bn_bi_rho0p25_eps0p05_lr1e4_i40000	r3m_bn_bi	LITE_RUNNING
2026-08-07T08:03:50+12:00	hpsA_r3m_bn_bi_rho0p25_eps0p05_lr1e4_i40000	r3m_bn_bi	LITE_COMPLETE
2026-08-07T08:03:50+12:00	hpsA_r3m_bn_bi_rho0p25_eps0p05_lr1e4_i40000	r3m_bn_bi	LITE_RUNNING
2026-08-07T08:03:59+12:00	hpsA_r3m_bn_bi_rho0p25_eps0p05_lr1e4_i40000	r3m_bn_bi	LITE_COMPLETE
2026-08-07T08:03:59+12:00	hpsA_r3m_bn_bi_rho0p25_eps0p05_lr1e4_i40000	r3m_bn_bi	LITE_RUNNING
2026-08-07T08:04:08+12:00	hpsA_r3m_bn_bi_rho0p25_eps0p05_lr1e4_i40000	r3m_bn_bi	LITE_COMPLETE
2026-08-07T08:04:08+12:00	hpsA_r3m_bn_bi_rho0p25_eps0p05_lr1e4_i40000	r3m_bn_bi	LITE_RUNNING
2026-08-07T08:04:17+12:00	hpsA_r3m_bn_bi_rho0p25_eps0p05_lr1e4_i40000	r3m_bn_bi	LITE_COMPLETE
2026-08-07T08:04:17+12:00	hpsA_r3m_bn_bi_rho0p25_eps0p05_lr1e4_i40000	r3m_bn_bi	LITE_RUNNING
2026-08-07T08:04:26+12:00	hpsA_r3m_bn_bi_rho0p25_eps0p05_lr1e4_i40000	r3m_bn_bi	LITE_COMPLETE
2026-08-07T08:04:26+12:00	hpsA_r3m_bn_bi_rho0p25_eps0p05_lr1e4_i40000	r3m_bn_bi	LITE_RUNNING
2026-08-07T08:04:34+12:00	hpsA_r3m_bn_bi_rho0p25_eps0p05_lr1e4_i40000	r3m_bn_bi	LITE_COMPLETE
2026-08-07T08:04:34+12:00	hpsA_r3m_bn_bi_rho0p25_eps0p05_lr1e4_i40000	r3m_bn_bi	LITE_RUNNING
2026-08-07T08:04:43+12:00	hpsA_r3m_bn_bi_rho0p25_eps0p05_lr1e4_i40000	r3m_bn_bi	LITE_COMPLETE
2026-08-07T08:04:43+12:00	hpsA_r3m_bn_bi_rho0p25_eps0p05_lr1e4_i40000	r3m_bn_bi	LITE_RUNNING
2026-08-07T08:04:52+12:00	hpsA_r3m_bn_bi_rho0p25_eps0p05_lr1e4_i40000	r3m_bn_bi	LITE_COMPLETE
2026-08-07T08:04:52+12:00	hpsA_r3m_bn_bi_rho0p25_eps0p05_lr1e4_i40000	r3m_bn_bi	LITE_RUNNING
2026-08-07T08:05:01+12:00	hpsA_r3m_bn_bi_rho0p25_eps0p05_lr1e4_i40000	r3m_bn_bi	LITE_COMPLETE
2026-08-07T08:05:01+12:00	hpsA_r3m_bn_bi_rho0p25_eps0p05_lr1e4_i40000	r3m_bn_bi	LITE_RUNNING
2026-08-07T08:05:10+12:00	hpsA_r3m_bn_bi_rho0p25_eps0p05_lr1e4_i40000	r3m_bn_bi	LITE_COMPLETE
2026-08-07T08:05:10+12:00	hpsA_r3m_bn_bi_rho0p25_eps0p05_lr1e4_i40000	r3m_bn_bi	LITE_RUNNING
2026-08-07T08:05:19+12:00	hpsA_r3m_bn_bi_rho0p25_eps0p05_lr1e4_i40000	r3m_bn_bi	LITE_COMPLETE
2026-08-07T08:05:19+12:00	hpsA_r3m_bn_bi_rho0p25_eps0p05_lr1e4_i40000	r3m_bn_bi	LITE_RUNNING
2026-08-07T08:05:28+12:00	hpsA_r3m_bn_bi_rho0p25_eps0p05_lr1e4_i40000	r3m_bn_bi	LITE_COMPLETE
2026-08-07T08:05:28+12:00	hpsA_r3m_bn_bi_rho0p25_eps0p05_lr1e4_i40000	r3m_bn_bi	LITE_RUNNING
2026-08-07T08:05:37+12:00	hpsA_r3m_bn_bi_rho0p25_eps0p05_lr1e4_i40000	r3m_bn_bi	LITE_COMPLETE
2026-08-07T08:05:37+12:00	hpsA_r3m_bn_bi_rho0p25_eps0p05_lr1e4_i40000	r3m_bn_bi	LITE_RUNNING
2026-08-07T08:05:45+12:00	hpsA_r3m_bn_bi_rho0p25_eps0p05_lr1e4_i40000	r3m_bn_bi	LITE_COMPLETE
2026-08-07T08:05:45+12:00	hpsA_r3m_bn_bi_rho0p25_eps0p05_lr1e4_i40000	r3m_bn_bi	LITE_RUNNING
2026-08-07T08:05:54+12:00	hpsA_r3m_bn_bi_rho0p25_eps0p05_lr1e4_i40000	r3m_bn_bi	LITE_COMPLETE
2026-08-07T08:05:54+12:00	hpsA_r3m_bn_bi_rho0p25_eps0p05_lr1e4_i40000	r3m_bn_bi	LITE_RUNNING
2026-08-07T08:06:03+12:00	hpsA_r3m_bn_bi_rho0p25_eps0p05_lr1e4_i40000	r3m_bn_bi	LITE_COMPLETE
2026-08-07T08:06:03+12:00	hpsA_r3m_bn_bi_rho0p25_eps0p05_lr1e4_i40000	r3m_bn_bi	LITE_RUNNING
2026-08-07T08:06:12+12:00	hpsA_r3m_bn_bi_rho0p25_eps0p05_lr1e4_i40000	r3m_bn_bi	LITE_COMPLETE
2026-08-07T08:06:12+12:00	hpsA_r3m_bn_bi_rho0p25_eps0p05_lr1e4_i40000	r3m_bn_bi	LITE_RUNNING
2026-08-07T08:06:21+12:00	hpsA_r3m_bn_bi_rho0p25_eps0p05_lr1e4_i40000	r3m_bn_bi	LITE_COMPLETE
2026-08-07T08:06:21+12:00	hpsA_r3m_bn_bi_rho0p25_eps0p05_lr1e4_i40000	r3m_bn_bi	LITE_RUNNING
2026-08-07T08:06:30+12:00	hpsA_r3m_bn_bi_rho0p25_eps0p05_lr1e4_i40000	r3m_bn_bi	LITE_COMPLETE
2026-08-07T08:06:30+12:00	hpsA_r3m_bn_bi_rho0p25_eps0p05_lr1e4_i40000	r3m_bn_bi	LITE_RUNNING
2026-08-07T08:06:39+12:00	hpsA_r3m_bn_bi_rho0p25_eps0p05_lr1e4_i40000	r3m_bn_bi	LITE_COMPLETE
2026-08-07T08:06:39+12:00	hpsA_r3m_bn_bi_rho0p25_eps0p05_lr1e4_i40000	r3m_bn_bi	LITE_RUNNING
2026-08-07T08:06:47+12:00	hpsA_r3m_bn_bi_rho0p25_eps0p05_lr1e4_i40000	r3m_bn_bi	LITE_COMPLETE
2026-08-07T08:06:47+12:00	hpsA_r3m_bn_bi_rho0p25_eps0p05_lr1e4_i40000	r3m_bn_bi	LITE_RUNNING
2026-08-07T08:06:56+12:00	hpsA_r3m_bn_bi_rho0p25_eps0p05_lr1e4_i40000	r3m_bn_bi	LITE_COMPLETE
2026-08-07T08:06:56+12:00	hpsA_r3m_bn_bi_rho0p25_eps0p05_lr1e4_i40000	r3m_bn_bi	LITE_RUNNING
2026-08-07T08:07:05+12:00	hpsA_r3m_bn_bi_rho0p25_eps0p05_lr1e4_i40000	r3m_bn_bi	LITE_COMPLETE
2026-08-07T08:07:05+12:00	hpsA_r3m_bn_bi_rho0p25_eps0p05_lr1e4_i40000	r3m_bn_bi	LITE_RUNNING
2026-08-07T08:07:14+12:00	hpsA_r3m_bn_bi_rho0p25_eps0p05_lr1e4_i40000	r3m_bn_bi	LITE_COMPLETE
2026-08-07T08:07:14+12:00	hpsA_r3m_bn_bi_rho0p25_eps0p05_lr1e4_i40000	r3m_bn_bi	LITE_RUNNING
2026-08-07T08:07:23+12:00	hpsA_r3m_bn_bi_rho0p25_eps0p05_lr1e4_i40000	r3m_bn_bi	LITE_COMPLETE
2026-08-07T08:07:23+12:00	hpsA_r3m_bn_bi_rho0p25_eps0p05_lr1e4_i40000	r3m_bn_bi	LITE_RUNNING
2026-08-07T08:07:32+12:00	hpsA_r3m_bn_bi_rho0p25_eps0p05_lr1e4_i40000	r3m_bn_bi	LITE_COMPLETE
2026-08-07T08:07:32+12:00	hpsA_r3m_bn_bi_rho0p25_eps0p05_lr1e4_i40000	r3m_bn_bi	LITE_RUNNING
2026-08-07T08:07:41+12:00	hpsA_r3m_bn_bi_rho0p25_eps0p05_lr1e4_i40000	r3m_bn_bi	LITE_COMPLETE
2026-08-07T08:07:41+12:00	hpsA_r3m_bn_bi_rho0p25_eps0p05_lr1e4_i40000	r3m_bn_bi	LITE_RUNNING
2026-08-07T08:07:49+12:00	hpsA_r3m_bn_bi_rho0p25_eps0p05_lr1e4_i40000	r3m_bn_bi	LITE_COMPLETE
2026-08-07T08:07:49+12:00	hpsA_r3m_bn_bi_rho0p25_eps0p05_lr1e4_i40000	r3m_bn_bi	LITE_RUNNING
2026-08-07T08:07:58+12:00	hpsA_r3m_bn_bi_rho0p25_eps0p05_lr1e4_i40000	r3m_bn_bi	LITE_COMPLETE
2026-08-07T08:07:58+12:00	hpsA_r3m_bn_bi_rho0p25_eps0p05_lr1e4_i40000	r3m_bn_bi	LITE_RUNNING
2026-08-07T08:08:07+12:00	hpsA_r3m_bn_bi_rho0p25_eps0p05_lr1e4_i40000	r3m_bn_bi	LITE_COMPLETE
2026-08-07T08:08:07+12:00	hpsA_r3m_bn_bi_rho0p25_eps0p05_lr1e4_i40000	r3m_bn_bi	LITE_RUNNING
2026-08-07T08:08:16+12:00	hpsA_r3m_bn_bi_rho0p25_eps0p05_lr1e4_i40000	r3m_bn_bi	LITE_COMPLETE
2026-08-07T08:08:16+12:00	hpsA_r3m_bn_bi_rho0p25_eps0p05_lr1e4_i40000	r3m_bn_bi	LITE_RUNNING
2026-08-07T08:08:25+12:00	hpsA_r3m_bn_bi_rho0p25_eps0p05_lr1e4_i40000	r3m_bn_bi	LITE_COMPLETE
2026-08-07T08:08:25+12:00	hpsA_r3m_bn_bi_rho0p25_eps0p05_lr1e4_i40000	r3m_bn_bi	LITE_RUNNING
2026-08-07T08:08:34+12:00	hpsA_r3m_bn_bi_rho0p25_eps0p05_lr1e4_i40000	r3m_bn_bi	LITE_COMPLETE
2026-08-07T08:08:34+12:00	hpsA_r3m_bn_bi_rho0p25_eps0p05_lr1e4_i40000	r3m_bn_bi	LITE_RUNNING
2026-08-07T08:08:43+12:00	hpsA_r3m_bn_bi_rho0p25_eps0p05_lr1e4_i40000	r3m_bn_bi	LITE_COMPLETE
2026-08-07T08:08:43+12:00	hpsA_r3m_bn_bi_rho0p25_eps0p05_lr1e4_i40000	r3m_bn_bi	LITE_RUNNING
2026-08-07T08:08:52+12:00	hpsA_r3m_bn_bi_rho0p25_eps0p05_lr1e4_i40000	r3m_bn_bi	LITE_COMPLETE
2026-08-07T08:08:52+12:00	hpsA_r3m_bn_bi_rho0p25_eps0p05_lr1e4_i40000	r3m_bn_bi	LITE_RUNNING
2026-08-07T08:09:00+12:00	hpsA_r3m_bn_bi_rho0p25_eps0p05_lr1e4_i40000	r3m_bn_bi	LITE_COMPLETE
2026-08-07T08:09:00+12:00	hpsA_r3m_bn_bi_rho0p25_eps0p05_lr1e4_i40000	r3m_bn_bi	LITE_RUNNING
2026-08-07T08:09:09+12:00	hpsA_r3m_bn_bi_rho0p25_eps0p05_lr1e4_i40000	r3m_bn_bi	LITE_COMPLETE
2026-08-07T08:09:09+12:00	hpsA_r3m_bn_bi_rho0p25_eps0p05_lr1e4_i40000	r3m_bn_bi	LITE_RUNNING
2026-08-07T08:09:18+12:00	hpsA_r3m_bn_bi_rho0p25_eps0p05_lr1e4_i40000	r3m_bn_bi	LITE_COMPLETE
2026-08-07T08:09:18+12:00	hpsA_r3m_bn_bi_rho0p25_eps0p05_lr1e4_i40000	r3m_bn_bi	LITE_RUNNING
2026-08-07T08:09:27+12:00	hpsA_r3m_bn_bi_rho0p25_eps0p05_lr1e4_i40000	r3m_bn_bi	LITE_COMPLETE
2026-08-07T08:09:27+12:00	hpsA_r3m_bn_bi_rho0p25_eps0p05_lr1e4_i40000	r3m_bn_bi	LITE_RUNNING
2026-08-07T08:09:36+12:00	hpsA_r3m_bn_bi_rho0p25_eps0p05_lr1e4_i40000	r3m_bn_bi	LITE_COMPLETE
2026-08-07T08:09:36+12:00	hpsA_r3m_bn_bi_rho0p25_eps0p05_lr1e4_i40000	r3m_bn_bi	LITE_RUNNING
2026-08-07T08:09:45+12:00	hpsA_r3m_bn_bi_rho0p25_eps0p05_lr1e4_i40000	r3m_bn_bi	LITE_COMPLETE
2026-08-07T08:09:45+12:00	hpsA_r3m_bn_bi_rho0p25_eps0p05_lr1e4_i40000	r3m_bn_bi	LITE_RUNNING
2026-08-07T08:09:54+12:00	hpsA_r3m_bn_bi_rho0p25_eps0p05_lr1e4_i40000	r3m_bn_bi	LITE_COMPLETE
2026-08-07T08:09:54+12:00	hpsA_r3m_bn_bi_rho0p25_eps0p05_lr1e4_i40000	r3m_bn_bi	LITE_RUNNING
2026-08-07T08:10:02+12:00	hpsA_r3m_bn_bi_rho0p25_eps0p05_lr1e4_i40000	r3m_bn_bi	LITE_COMPLETE
2026-08-07T08:10:02+12:00	hpsA_r3m_bn_bi_rho0p25_eps0p05_lr1e4_i40000	r3m_bn_bi	LITE_RUNNING
2026-08-07T08:10:11+12:00	hpsA_r3m_bn_bi_rho0p25_eps0p05_lr1e4_i40000	r3m_bn_bi	LITE_COMPLETE
2026-08-07T08:10:11+12:00	hpsA_r3m_bn_bi_rho0p25_eps0p05_lr1e4_i40000	r3m_bn_bi	LITE_RUNNING
2026-08-07T08:10:20+12:00	hpsA_r3m_bn_bi_rho0p25_eps0p05_lr1e4_i40000	r3m_bn_bi	LITE_COMPLETE
2026-08-07T08:10:20+12:00	hpsA_r3m_bn_bi_rho0p25_eps0p05_lr1e4_i40000	r3m_bn_bi	LITE_RUNNING
2026-08-07T08:10:29+12:00	hpsA_r3m_bn_bi_rho0p25_eps0p05_lr1e4_i40000	r3m_bn_bi	LITE_COMPLETE
2026-08-07T08:10:29+12:00	hpsA_r3m_bn_bi_rho0p25_eps0p05_lr1e4_i40000	r3m_bn_bi	LITE_RUNNING
2026-08-07T08:10:38+12:00	hpsA_r3m_bn_bi_rho0p25_eps0p05_lr1e4_i40000	r3m_bn_bi	LITE_COMPLETE
2026-08-07T08:10:38+12:00	hpsA_r3m_bn_bi_rho0p25_eps0p05_lr1e4_i40000	r3m_bn_bi	LITE_RUNNING
2026-08-07T08:10:47+12:00	hpsA_r3m_bn_bi_rho0p25_eps0p05_lr1e4_i40000	r3m_bn_bi	LITE_COMPLETE
2026-08-07T08:10:47+12:00	hpsA_r3m_bn_bi_rho0p25_eps0p05_lr1e4_i40000	r3m_bn_bi	LITE_RUNNING
2026-08-07T08:10:56+12:00	hpsA_r3m_bn_bi_rho0p25_eps0p05_lr1e4_i40000	r3m_bn_bi	LITE_COMPLETE
2026-08-07T08:10:56+12:00	hpsA_r3m_bn_bi_rho0p25_eps0p05_lr1e4_i40000	r3m_bn_bi	LITE_RUNNING
2026-08-07T08:11:05+12:00	hpsA_r3m_bn_bi_rho0p25_eps0p05_lr1e4_i40000	r3m_bn_bi	LITE_COMPLETE
2026-08-07T08:11:05+12:00	hpsA_r3m_bn_bi_rho0p25_eps0p05_lr1e4_i40000	r3m_bn_bi	LITE_RUNNING
2026-08-07T08:11:13+12:00	hpsA_r3m_bn_bi_rho0p25_eps0p05_lr1e4_i40000	r3m_bn_bi	LITE_COMPLETE
2026-08-07T08:11:13+12:00	hpsA_r3m_bn_bi_rho0p25_eps0p05_lr1e4_i40000	r3m_bn_bi	LITE_RUNNING
2026-08-07T08:11:22+12:00	hpsA_r3m_bn_bi_rho0p25_eps0p05_lr1e4_i40000	r3m_bn_bi	LITE_COMPLETE
2026-08-07T08:11:22+12:00	hpsA_r3m_bn_bi_rho0p25_eps0p05_lr1e4_i40000	r3m_bn_bi	LITE_RUNNING
2026-08-07T08:11:31+12:00	hpsA_r3m_bn_bi_rho0p25_eps0p05_lr1e4_i40000	r3m_bn_bi	LITE_COMPLETE
2026-08-07T08:11:31+12:00	hpsA_r3m_bn_bi_rho0p25_eps0p05_lr1e4_i40000	r3m_bn_bi	LITE_RUNNING
2026-08-07T08:11:40+12:00	hpsA_r3m_bn_bi_rho0p25_eps0p05_lr1e4_i40000	r3m_bn_bi	LITE_COMPLETE
2026-08-07T08:11:40+12:00	hpsA_r3m_bn_bi_rho0p25_eps0p05_lr1e4_i40000	r3m_bn_bi	LITE_RUNNING
2026-08-07T08:11:49+12:00	hpsA_r3m_bn_bi_rho0p25_eps0p05_lr1e4_i40000	r3m_bn_bi	LITE_COMPLETE
2026-08-07T08:11:49+12:00	hpsA_r3m_bn_bi_rho0p25_eps0p05_lr1e4_i40000	r3m_bn_bi	LITE_RUNNING
2026-08-07T08:11:58+12:00	hpsA_r3m_bn_bi_rho0p25_eps0p05_lr1e4_i40000	r3m_bn_bi	LITE_COMPLETE
2026-08-07T08:11:58+12:00	hpsA_r3m_bn_bi_rho0p25_eps0p05_lr1e4_i40000	r3m_bn_bi	LITE_RUNNING
2026-08-07T08:12:07+12:00	hpsA_r3m_bn_bi_rho0p25_eps0p05_lr1e4_i40000	r3m_bn_bi	LITE_COMPLETE
2026-08-07T08:12:07+12:00	hpsA_r3m_bn_bi_rho0p25_eps0p05_lr1e4_i40000	r3m_bn_bi	LITE_RUNNING
2026-08-07T08:12:15+12:00	hpsA_r3m_bn_bi_rho0p25_eps0p05_lr1e4_i40000	r3m_bn_bi	LITE_COMPLETE
2026-08-07T08:12:15+12:00	hpsA_r3m_bn_bi_rho0p25_eps0p05_lr1e4_i40000	r3m_bn_bi	LITE_RUNNING
2026-08-07T08:12:24+12:00	hpsA_r3m_bn_bi_rho0p25_eps0p05_lr1e4_i40000	r3m_bn_bi	LITE_COMPLETE
2026-08-07T08:12:24+12:00	hpsA_r3m_bn_bi_rho0p25_eps0p05_lr1e4_i40000	r3m_bn_bi	LITE_RUNNING
2026-08-07T08:12:33+12:00	hpsA_r3m_bn_bi_rho0p25_eps0p05_lr1e4_i40000	r3m_bn_bi	LITE_COMPLETE
2026-08-07T08:12:33+12:00	hpsA_r3m_bn_bi_rho0p25_eps0p05_lr1e4_i40000	r3m_bn_bi	LITE_RUNNING
2026-08-07T08:12:42+12:00	hpsA_r3m_bn_bi_rho0p25_eps0p05_lr1e4_i40000	r3m_bn_bi	LITE_COMPLETE
2026-08-07T08:12:42+12:00	hpsA_r3m_bn_bi_rho0p25_eps0p05_lr1e4_i40000	r3m_bn_bi	LITE_RUNNING
2026-08-07T08:12:51+12:00	hpsA_r3m_bn_bi_rho0p25_eps0p05_lr1e4_i40000	r3m_bn_bi	LITE_COMPLETE
2026-08-07T08:12:51+12:00	hpsA_r3m_bn_bi_rho0p25_eps0p05_lr1e4_i40000	r3m_bn_bi	LITE_RUNNING
2026-08-07T08:13:00+12:00	hpsA_r3m_bn_bi_rho0p25_eps0p05_lr1e4_i40000	r3m_bn_bi	LITE_COMPLETE
2026-08-07T08:13:00+12:00	hpsA_r3m_bn_bi_rho0p25_eps0p05_lr1e4_i40000	r3m_bn_bi	LITE_RUNNING
2026-08-07T08:13:09+12:00	hpsA_r3m_bn_bi_rho0p25_eps0p05_lr1e4_i40000	r3m_bn_bi	LITE_COMPLETE
2026-08-07T08:13:09+12:00	hpsA_r3m_bn_bi_rho0p25_eps0p05_lr1e4_i40000	r3m_bn_bi	LITE_RUNNING
2026-08-07T08:13:18+12:00	hpsA_r3m_bn_bi_rho0p25_eps0p05_lr1e4_i40000	r3m_bn_bi	LITE_COMPLETE
2026-08-07T08:13:18+12:00	hpsA_r3m_bn_bi_rho0p25_eps0p05_lr1e4_i40000	r3m_bn_bi	LITE_RUNNING
2026-08-07T08:13:26+12:00	hpsA_r3m_bn_bi_rho0p25_eps0p05_lr1e4_i40000	r3m_bn_bi	LITE_COMPLETE
2026-08-07T08:13:26+12:00	hpsA_r3m_bn_bi_rho0p25_eps0p05_lr1e4_i40000	r3m_bn_bi	LITE_RUNNING
2026-08-07T08:13:35+12:00	hpsA_r3m_bn_bi_rho0p25_eps0p05_lr1e4_i40000	r3m_bn_bi	LITE_COMPLETE
2026-08-07T08:13:35+12:00	hpsA_r3m_bn_bi_rho0p25_eps0p05_lr1e4_i40000	r3m_bn_bi	LITE_RUNNING
2026-08-07T08:13:44+12:00	hpsA_r3m_bn_bi_rho0p25_eps0p05_lr1e4_i40000	r3m_bn_bi	LITE_COMPLETE
2026-08-07T08:13:44+12:00	hpsA_r3m_bn_bi_rho0p25_eps0p05_lr1e4_i40000	r3m_bn_bi	LITE_RUNNING
2026-08-07T08:13:53+12:00	hpsA_r3m_bn_bi_rho0p25_eps0p05_lr1e4_i40000	r3m_bn_bi	LITE_COMPLETE
2026-08-07T08:13:53+12:00	hpsA_r3m_bn_bi_rho0p25_eps0p05_lr1e4_i40000	r3m_bn_bi	LITE_RUNNING
2026-08-07T08:14:02+12:00	hpsA_r3m_bn_bi_rho0p25_eps0p05_lr1e4_i40000	r3m_bn_bi	LITE_COMPLETE
2026-08-07T08:14:02+12:00	hpsA_r3m_bn_bi_rho0p25_eps0p05_lr1e4_i40000	r3m_bn_bi	LITE_RUNNING
2026-08-07T08:14:11+12:00	hpsA_r3m_bn_bi_rho0p25_eps0p05_lr1e4_i40000	r3m_bn_bi	LITE_COMPLETE
2026-08-07T08:14:11+12:00	hpsA_r3m_bn_bi_rho0p25_eps0p05_lr1e4_i40000	r3m_bn_bi	LITE_RUNNING
2026-08-07T08:14:20+12:00	hpsA_r3m_bn_bi_rho0p25_eps0p05_lr1e4_i40000	r3m_bn_bi	LITE_COMPLETE
2026-08-07T08:14:20+12:00	hpsA_r3m_bn_bi_rho0p25_eps0p05_lr1e4_i40000	r3m_bn_bi	LITE_RUNNING
2026-08-07T08:14:29+12:00	hpsA_r3m_bn_bi_rho0p25_eps0p05_lr1e4_i40000	r3m_bn_bi	LITE_COMPLETE
2026-08-07T08:14:29+12:00	hpsA_r3m_bn_bi_rho0p25_eps0p05_lr1e4_i40000	r3m_bn_bi	LITE_RUNNING
2026-08-07T08:14:38+12:00	hpsA_r3m_bn_bi_rho0p25_eps0p05_lr1e4_i40000	r3m_bn_bi	LITE_COMPLETE
2026-08-07T08:14:38+12:00	hpsA_r3m_bn_bi_rho0p25_eps0p05_lr1e4_i40000	r3m_bn_bi	LITE_RUNNING
2026-08-07T08:14:47+12:00	hpsA_r3m_bn_bi_rho0p25_eps0p05_lr1e4_i40000	r3m_bn_bi	LITE_COMPLETE
2026-08-07T08:14:47+12:00	hpsA_r3m_bn_bi_rho0p25_eps0p05_lr1e4_i40000	r3m_bn_bi	LITE_RUNNING
2026-08-07T08:14:55+12:00	hpsA_r3m_bn_bi_rho0p25_eps0p05_lr1e4_i40000	r3m_bn_bi	LITE_COMPLETE
2026-08-07T08:14:55+12:00	hpsA_r3m_bn_bi_rho0p25_eps0p05_lr1e4_i40000	r3m_bn_bi	LITE_RUNNING
2026-08-07T08:15:04+12:00	hpsA_r3m_bn_bi_rho0p25_eps0p05_lr1e4_i40000	r3m_bn_bi	LITE_COMPLETE
2026-08-07T08:15:04+12:00	hpsA_r3m_bn_bi_rho0p25_eps0p05_lr1e4_i40000	r3m_bn_bi	LITE_RUNNING
2026-08-07T08:15:13+12:00	hpsA_r3m_bn_bi_rho0p25_eps0p05_lr1e4_i40000	r3m_bn_bi	LITE_COMPLETE
2026-08-07T08:15:13+12:00	hpsA_r3m_bn_bi_rho0p25_eps0p05_lr1e4_i40000	r3m_bn_bi	LITE_RUNNING
2026-08-07T08:15:22+12:00	hpsA_r3m_bn_bi_rho0p25_eps0p05_lr1e4_i40000	r3m_bn_bi	LITE_COMPLETE
2026-08-07T08:15:22+12:00	hpsA_r3m_bn_bi_rho0p25_eps0p05_lr1e4_i40000	r3m_bn_bi	LITE_RUNNING
2026-08-07T08:15:31+12:00	hpsA_r3m_bn_bi_rho0p25_eps0p05_lr1e4_i40000	r3m_bn_bi	LITE_COMPLETE
2026-08-07T08:15:31+12:00	hpsA_r3m_bn_bi_rho0p25_eps0p05_lr1e4_i40000	r3m_bn_bi	LITE_RUNNING
2026-08-07T08:15:40+12:00	hpsA_r3m_bn_bi_rho0p25_eps0p05_lr1e4_i40000	r3m_bn_bi	LITE_COMPLETE
2026-08-07T08:15:40+12:00	hpsA_r3m_bn_bi_rho0p25_eps0p05_lr1e4_i40000	r3m_bn_bi	LITE_RUNNING
2026-08-07T08:15:49+12:00	hpsA_r3m_bn_bi_rho0p25_eps0p05_lr1e4_i40000	r3m_bn_bi	LITE_COMPLETE
2026-08-07T08:15:49+12:00	hpsA_r3m_bn_bi_rho0p25_eps0p05_lr1e4_i40000	r3m_bn_bi	LITE_RUNNING
2026-08-07T08:15:58+12:00	hpsA_r3m_bn_bi_rho0p25_eps0p05_lr1e4_i40000	r3m_bn_bi	LITE_COMPLETE
2026-08-07T08:15:58+12:00	hpsA_r3m_bn_bi_rho0p25_eps0p05_lr1e4_i40000	r3m_bn_bi	LITE_RUNNING
2026-08-07T08:16:06+12:00	hpsA_r3m_bn_bi_rho0p25_eps0p05_lr1e4_i40000	r3m_bn_bi	LITE_COMPLETE
2026-08-07T08:16:06+12:00	hpsA_r3m_bn_bi_rho0p25_eps0p05_lr1e4_i40000	r3m_bn_bi	LITE_RUNNING
2026-08-07T08:16:15+12:00	hpsA_r3m_bn_bi_rho0p25_eps0p05_lr1e4_i40000	r3m_bn_bi	LITE_COMPLETE
2026-08-07T08:16:15+12:00	hpsA_r3m_bn_bi_rho0p25_eps0p05_lr1e4_i40000	r3m_bn_bi	LITE_RUNNING
2026-08-07T08:16:24+12:00	hpsA_r3m_bn_bi_rho0p25_eps0p05_lr1e4_i40000	r3m_bn_bi	LITE_COMPLETE
2026-08-07T08:16:24+12:00	hpsA_r3m_bn_bi_rho0p25_eps0p05_lr1e4_i40000	r3m_bn_bi	LITE_RUNNING
2026-08-07T08:16:33+12:00	hpsA_r3m_bn_bi_rho0p25_eps0p05_lr1e4_i40000	r3m_bn_bi	LITE_COMPLETE
2026-08-07T08:16:33+12:00	hpsA_r3m_bn_bi_rho0p25_eps0p05_lr1e4_i40000	r3m_bn_bi	LITE_RUNNING
2026-08-07T08:16:42+12:00	hpsA_r3m_bn_bi_rho0p25_eps0p05_lr1e4_i40000	r3m_bn_bi	LITE_COMPLETE
2026-08-07T08:16:42+12:00	hpsA_r3m_bn_bi_rho0p25_eps0p05_lr1e4_i40000	r3m_bn_bi	LITE_RUNNING
2026-08-07T08:16:51+12:00	hpsA_r3m_bn_bi_rho0p25_eps0p05_lr1e4_i40000	r3m_bn_bi	LITE_COMPLETE
2026-08-07T08:16:51+12:00	hpsA_r3m_bn_bi_rho0p25_eps0p05_lr1e4_i40000	r3m_bn_bi	LITE_RUNNING
2026-08-07T08:17:00+12:00	hpsA_r3m_bn_bi_rho0p25_eps0p05_lr1e4_i40000	r3m_bn_bi	LITE_COMPLETE
2026-08-07T08:17:00+12:00	hpsA_r3m_bn_bi_rho0p25_eps0p05_lr1e4_i40000	r3m_bn_bi	LITE_RUNNING
2026-08-07T08:17:09+12:00	hpsA_r3m_bn_bi_rho0p25_eps0p05_lr1e4_i40000	r3m_bn_bi	LITE_COMPLETE
2026-08-07T08:17:09+12:00	hpsA_r3m_bn_bi_rho0p25_eps0p05_lr1e4_i40000	r3m_bn_bi	LITE_RUNNING
2026-08-07T08:17:17+12:00	hpsA_r3m_bn_bi_rho0p25_eps0p05_lr1e4_i40000	r3m_bn_bi	LITE_COMPLETE
2026-08-07T08:17:17+12:00	hpsA_r3m_bn_bi_rho0p25_eps0p05_lr1e4_i40000	r3m_bn_bi	LITE_RUNNING
2026-08-07T08:17:26+12:00	hpsA_r3m_bn_bi_rho0p25_eps0p05_lr1e4_i40000	r3m_bn_bi	LITE_COMPLETE
2026-08-07T08:17:26+12:00	hpsA_r3m_bn_bi_rho0p25_eps0p05_lr1e4_i40000	r3m_bn_bi	LITE_RUNNING
2026-08-07T08:17:35+12:00	hpsA_r3m_bn_bi_rho0p25_eps0p05_lr1e4_i40000	r3m_bn_bi	LITE_COMPLETE
2026-08-07T08:17:35+12:00	hpsA_r3m_bn_bi_rho0p25_eps0p05_lr1e4_i40000	r3m_bn_bi	LITE_RUNNING
2026-08-07T08:17:44+12:00	hpsA_r3m_bn_bi_rho0p25_eps0p05_lr1e4_i40000	r3m_bn_bi	LITE_COMPLETE
2026-08-07T08:17:44+12:00	hpsA_r3m_bn_bi_rho0p25_eps0p05_lr1e4_i40000	r3m_bn_bi	LITE_RUNNING
2026-08-07T08:17:53+12:00	hpsA_r3m_bn_bi_rho0p25_eps0p05_lr1e4_i40000	r3m_bn_bi	LITE_COMPLETE
2026-08-07T08:17:53+12:00	hpsA_r3m_bn_bi_rho0p25_eps0p05_lr1e4_i40000	r3m_bn_bi	LITE_RUNNING
2026-08-07T08:18:02+12:00	hpsA_r3m_bn_bi_rho0p25_eps0p05_lr1e4_i40000	r3m_bn_bi	LITE_COMPLETE
2026-08-07T08:18:02+12:00	hpsA_r3m_bn_bi_rho0p25_eps0p05_lr1e4_i40000	r3m_bn_bi	LITE_RUNNING
2026-08-07T08:18:10+12:00	hpsA_r3m_bn_bi_rho0p25_eps0p05_lr1e4_i40000	r3m_bn_bi	LITE_COMPLETE
2026-08-07T08:18:10+12:00	hpsA_r3m_bn_bi_rho0p25_eps0p05_lr1e4_i40000	r3m_bn_bi	LITE_RUNNING
2026-08-07T08:18:19+12:00	hpsA_r3m_bn_bi_rho0p25_eps0p05_lr1e4_i40000	r3m_bn_bi	LITE_COMPLETE
2026-08-07T08:18:19+12:00	hpsA_r3m_bn_bi_rho0p25_eps0p05_lr1e4_i40000	r3m_bn_bi	LITE_RUNNING
2026-08-07T08:18:28+12:00	hpsA_r3m_bn_bi_rho0p25_eps0p05_lr1e4_i40000	r3m_bn_bi	LITE_COMPLETE
2026-08-07T08:18:28+12:00	hpsA_r3m_bn_bi_rho0p25_eps0p05_lr1e4_i40000	r3m_bn_bi	LITE_RUNNING
2026-08-07T08:18:37+12:00	hpsA_r3m_bn_bi_rho0p25_eps0p05_lr1e4_i40000	r3m_bn_bi	LITE_COMPLETE
2026-08-07T08:18:37+12:00	hpsA_r3m_bn_bi_rho0p25_eps0p05_lr1e4_i40000	r3m_bn_bi	LITE_RUNNING
2026-08-07T08:18:46+12:00	hpsA_r3m_bn_bi_rho0p25_eps0p05_lr1e4_i40000	r3m_bn_bi	LITE_COMPLETE
2026-08-07T08:18:46+12:00	hpsA_r3m_bn_bi_rho0p25_eps0p05_lr1e4_i40000	r3m_bn_bi	LITE_RUNNING
2026-08-07T08:18:55+12:00	hpsA_r3m_bn_bi_rho0p25_eps0p05_lr1e4_i40000	r3m_bn_bi	LITE_COMPLETE
2026-08-07T08:18:55+12:00	hpsA_r3m_bn_bi_rho0p25_eps0p05_lr1e4_i40000	r3m_bn_bi	LITE_RUNNING
2026-08-07T08:19:04+12:00	hpsA_r3m_bn_bi_rho0p25_eps0p05_lr1e4_i40000	r3m_bn_bi	LITE_COMPLETE
2026-08-07T08:19:04+12:00	hpsA_r3m_bn_bi_rho0p25_eps0p05_lr1e4_i40000	r3m_bn_bi	LITE_RUNNING
2026-08-07T08:19:13+12:00	hpsA_r3m_bn_bi_rho0p25_eps0p05_lr1e4_i40000	r3m_bn_bi	LITE_COMPLETE
2026-08-07T08:19:13+12:00	hpsA_r3m_bn_bi_rho0p25_eps0p05_lr1e4_i40000	r3m_bn_bi	LITE_RUNNING
2026-08-07T08:19:21+12:00	hpsA_r3m_bn_bi_rho0p25_eps0p05_lr1e4_i40000	r3m_bn_bi	LITE_COMPLETE
2026-08-07T08:19:21+12:00	hpsA_r3m_bn_bi_rho0p25_eps0p05_lr1e4_i40000	r3m_bn_bi	LITE_RUNNING
2026-08-07T08:19:30+12:00	hpsA_r3m_bn_bi_rho0p25_eps0p05_lr1e4_i40000	r3m_bn_bi	LITE_COMPLETE
2026-08-07T08:19:30+12:00	hpsA_r3m_bn_bi_rho0p25_eps0p05_lr1e4_i40000	r3m_bn_bi	LITE_RUNNING
2026-08-07T08:19:39+12:00	hpsA_r3m_bn_bi_rho0p25_eps0p05_lr1e4_i40000	r3m_bn_bi	LITE_COMPLETE
2026-08-07T08:19:39+12:00	hpsA_r3m_bn_bi_rho0p25_eps0p05_lr1e4_i40000	r3m_bn_bi	LITE_RUNNING
2026-08-07T08:19:48+12:00	hpsA_r3m_bn_bi_rho0p25_eps0p05_lr1e4_i40000	r3m_bn_bi	LITE_COMPLETE
2026-08-07T08:19:48+12:00	hpsA_r3m_bn_bi_rho0p25_eps0p05_lr1e4_i40000	r3m_bn_bi	LITE_RUNNING
2026-08-07T08:19:57+12:00	hpsA_r3m_bn_bi_rho0p25_eps0p05_lr1e4_i40000	r3m_bn_bi	LITE_COMPLETE
2026-08-07T08:19:57+12:00	hpsA_r3m_bn_bi_rho0p25_eps0p05_lr1e4_i40000	r3m_bn_bi	LITE_RUNNING
2026-08-07T08:20:06+12:00	hpsA_r3m_bn_bi_rho0p25_eps0p05_lr1e4_i40000	r3m_bn_bi	LITE_COMPLETE
2026-08-07T08:20:06+12:00	hpsA_r3m_bn_bi_rho0p25_eps0p05_lr1e4_i40000	r3m_bn_bi	LITE_RUNNING
2026-08-07T08:20:15+12:00	hpsA_r3m_bn_bi_rho0p25_eps0p05_lr1e4_i40000	r3m_bn_bi	LITE_COMPLETE
2026-08-07T08:20:15+12:00	hpsA_r3m_bn_bi_rho0p25_eps0p05_lr1e4_i40000	r3m_bn_bi	LITE_RUNNING
2026-08-07T08:20:24+12:00	hpsA_r3m_bn_bi_rho0p25_eps0p05_lr1e4_i40000	r3m_bn_bi	LITE_COMPLETE
2026-08-07T08:20:24+12:00	hpsA_r3m_bn_bi_rho0p25_eps0p05_lr1e4_i40000	r3m_bn_bi	LITE_RUNNING
2026-08-07T08:20:32+12:00	hpsA_r3m_bn_bi_rho0p25_eps0p05_lr1e4_i40000	r3m_bn_bi	LITE_COMPLETE
2026-08-07T08:20:32+12:00	hpsA_r3m_bn_bi_rho0p25_eps0p05_lr1e4_i40000	r3m_bn_bi	LITE_RUNNING
2026-08-07T08:20:41+12:00	hpsA_r3m_bn_bi_rho0p25_eps0p05_lr1e4_i40000	r3m_bn_bi	LITE_COMPLETE
2026-08-07T08:20:41+12:00	hpsA_r3m_bn_bi_rho0p25_eps0p05_lr1e4_i40000	r3m_bn_bi	LITE_RUNNING
2026-08-07T08:20:50+12:00	hpsA_r3m_bn_bi_rho0p25_eps0p05_lr1e4_i40000	r3m_bn_bi	LITE_COMPLETE
2026-08-07T08:20:50+12:00	hpsA_r3m_bn_bi_rho0p25_eps0p05_lr1e4_i40000	r3m_bn_bi	LITE_RUNNING
2026-08-07T08:20:59+12:00	hpsA_r3m_bn_bi_rho0p25_eps0p05_lr1e4_i40000	r3m_bn_bi	LITE_COMPLETE
2026-08-07T08:20:59+12:00	hpsA_r3m_bn_bi_rho0p25_eps0p05_lr1e4_i40000	r3m_bn_bi	LITE_RUNNING
2026-08-07T08:21:08+12:00	hpsA_r3m_bn_bi_rho0p25_eps0p05_lr1e4_i40000	r3m_bn_bi	LITE_COMPLETE
2026-08-07T08:21:08+12:00	hpsA_r3m_bn_bi_rho0p25_eps0p05_lr1e4_i40000	r3m_bn_bi	LITE_RUNNING
2026-08-07T08:21:17+12:00	hpsA_r3m_bn_bi_rho0p25_eps0p05_lr1e4_i40000	r3m_bn_bi	LITE_COMPLETE
2026-08-07T08:21:17+12:00	hpsA_r3m_bn_bi_rho0p25_eps0p05_lr1e4_i40000	r3m_bn_bi	LITE_RUNNING
2026-08-07T08:21:26+12:00	hpsA_r3m_bn_bi_rho0p25_eps0p05_lr1e4_i40000	r3m_bn_bi	LITE_COMPLETE
2026-08-07T08:21:26+12:00	hpsA_r3m_bn_bi_rho0p25_eps0p05_lr1e4_i40000	r3m_bn_bi	LITE_RUNNING
2026-08-07T08:21:34+12:00	hpsA_r3m_bn_bi_rho0p25_eps0p05_lr1e4_i40000	r3m_bn_bi	LITE_COMPLETE
2026-08-07T08:21:34+12:00	hpsA_r3m_bn_bi_rho0p25_eps0p05_lr1e4_i40000	r3m_bn_bi	LITE_RUNNING
2026-08-07T08:21:43+12:00	hpsA_r3m_bn_bi_rho0p25_eps0p05_lr1e4_i40000	r3m_bn_bi	LITE_COMPLETE
2026-08-07T08:21:43+12:00	hpsA_r3m_bn_bi_rho0p25_eps0p05_lr1e4_i40000	r3m_bn_bi	LITE_RUNNING
2026-08-07T08:21:52+12:00	hpsA_r3m_bn_bi_rho0p25_eps0p05_lr1e4_i40000	r3m_bn_bi	LITE_COMPLETE
2026-08-07T08:21:52+12:00	hpsA_r3m_bn_bi_rho0p25_eps0p05_lr1e4_i40000	r3m_bn_bi	LITE_RUNNING
2026-08-07T08:22:01+12:00	hpsA_r3m_bn_bi_rho0p25_eps0p05_lr1e4_i40000	r3m_bn_bi	LITE_COMPLETE
2026-08-07T08:22:01+12:00	hpsA_r3m_bn_bi_rho0p25_eps0p05_lr1e4_i40000	r3m_bn_bi	LITE_RUNNING
2026-08-07T08:22:10+12:00	hpsA_r3m_bn_bi_rho0p25_eps0p05_lr1e4_i40000	r3m_bn_bi	LITE_COMPLETE
2026-08-07T08:22:10+12:00	hpsA_r3m_bn_bi_rho0p25_eps0p05_lr1e4_i40000	r3m_bn_bi	LITE_RUNNING
2026-08-07T08:22:19+12:00	hpsA_r3m_bn_bi_rho0p25_eps0p05_lr1e4_i40000	r3m_bn_bi	LITE_COMPLETE
2026-08-07T08:22:19+12:00	hpsA_r3m_bn_bi_rho0p25_eps0p05_lr1e4_i40000	r3m_bn_bi	LITE_RUNNING
2026-08-07T08:22:28+12:00	hpsA_r3m_bn_bi_rho0p25_eps0p05_lr1e4_i40000	r3m_bn_bi	LITE_COMPLETE
2026-08-07T08:22:28+12:00	hpsA_r3m_bn_bi_rho0p25_eps0p05_lr1e4_i40000	r3m_bn_bi	LITE_RUNNING
2026-08-07T08:22:37+12:00	hpsA_r3m_bn_bi_rho0p25_eps0p05_lr1e4_i40000	r3m_bn_bi	LITE_COMPLETE
2026-08-07T08:22:37+12:00	hpsA_r3m_bn_bi_rho0p25_eps0p05_lr1e4_i40000	r3m_bn_bi	LITE_RUNNING
2026-08-07T08:22:46+12:00	hpsA_r3m_bn_bi_rho0p25_eps0p05_lr1e4_i40000	r3m_bn_bi	LITE_COMPLETE
2026-08-07T08:22:46+12:00	hpsA_r3m_bn_bi_rho0p25_eps0p05_lr1e4_i40000	r3m_bn_bi	LITE_RUNNING
2026-08-07T08:22:54+12:00	hpsA_r3m_bn_bi_rho0p25_eps0p05_lr1e4_i40000	r3m_bn_bi	LITE_COMPLETE
2026-08-07T08:22:54+12:00	hpsA_r3m_bn_bi_rho0p25_eps0p05_lr1e4_i40000	r3m_bn_bi	LITE_RUNNING
2026-08-07T08:23:03+12:00	hpsA_r3m_bn_bi_rho0p25_eps0p05_lr1e4_i40000	r3m_bn_bi	LITE_COMPLETE
2026-08-07T08:23:03+12:00	hpsA_r3m_bn_bi_rho0p25_eps0p05_lr1e4_i40000	r3m_bn_bi	LITE_RUNNING
2026-08-07T08:23:12+12:00	hpsA_r3m_bn_bi_rho0p25_eps0p05_lr1e4_i40000	r3m_bn_bi	LITE_COMPLETE
2026-08-07T08:23:12+12:00	hpsA_r3m_bn_bi_rho0p25_eps0p05_lr1e4_i40000	r3m_bn_bi	LITE_RUNNING
2026-08-07T08:23:21+12:00	hpsA_r3m_bn_bi_rho0p25_eps0p05_lr1e4_i40000	r3m_bn_bi	LITE_COMPLETE
2026-08-07T08:23:21+12:00	hpsA_r3m_bn_bi_rho0p25_eps0p05_lr1e4_i40000	r3m_bn_bi	LITE_RUNNING
2026-08-07T08:23:30+12:00	hpsA_r3m_bn_bi_rho0p25_eps0p05_lr1e4_i40000	r3m_bn_bi	LITE_COMPLETE
2026-08-07T08:23:30+12:00	hpsA_r3m_bn_bi_rho0p25_eps0p05_lr1e4_i40000	r3m_bn_bi	LITE_RUNNING
2026-08-07T08:23:39+12:00	hpsA_r3m_bn_bi_rho0p25_eps0p05_lr1e4_i40000	r3m_bn_bi	LITE_COMPLETE
2026-08-07T08:23:39+12:00	hpsA_r3m_bn_bi_rho0p25_eps0p05_lr1e4_i40000	r3m_bn_bi	LITE_RUNNING
2026-08-07T08:23:48+12:00	hpsA_r3m_bn_bi_rho0p25_eps0p05_lr1e4_i40000	r3m_bn_bi	LITE_COMPLETE
2026-08-07T08:23:48+12:00	hpsA_r3m_bn_bi_rho0p25_eps0p05_lr1e4_i40000	r3m_bn_bi	LITE_RUNNING
2026-08-07T08:23:56+12:00	hpsA_r3m_bn_bi_rho0p25_eps0p05_lr1e4_i40000	r3m_bn_bi	LITE_COMPLETE
2026-08-07T08:23:56+12:00	hpsA_r3m_bn_bi_rho0p25_eps0p05_lr1e4_i40000	r3m_bn_bi	LITE_RUNNING
2026-08-07T08:24:05+12:00	hpsA_r3m_bn_bi_rho0p25_eps0p05_lr1e4_i40000	r3m_bn_bi	LITE_COMPLETE
2026-08-07T08:24:05+12:00	hpsA_r3m_bn_bi_rho0p25_eps0p05_lr1e4_i40000	r3m_bn_bi	LITE_RUNNING
2026-08-07T08:24:14+12:00	hpsA_r3m_bn_bi_rho0p25_eps0p05_lr1e4_i40000	r3m_bn_bi	LITE_COMPLETE
2026-08-07T08:24:14+12:00	hpsA_r3m_bn_bi_rho0p25_eps0p05_lr1e4_i40000	r3m_bn_bi	LITE_RUNNING
2026-08-07T08:24:23+12:00	hpsA_r3m_bn_bi_rho0p25_eps0p05_lr1e4_i40000	r3m_bn_bi	LITE_COMPLETE
2026-08-07T08:24:23+12:00	hpsA_r3m_bn_bi_rho0p25_eps0p05_lr1e4_i40000	r3m_bn_bi	LITE_RUNNING
2026-08-07T08:24:32+12:00	hpsA_r3m_bn_bi_rho0p25_eps0p05_lr1e4_i40000	r3m_bn_bi	LITE_COMPLETE
2026-08-07T08:24:32+12:00	hpsA_r3m_bn_bi_rho0p25_eps0p05_lr1e4_i40000	r3m_bn_bi	LITE_RUNNING
2026-08-07T08:24:41+12:00	hpsA_r3m_bn_bi_rho0p25_eps0p05_lr1e4_i40000	r3m_bn_bi	LITE_COMPLETE
2026-08-07T08:24:41+12:00	hpsA_r3m_bn_bi_rho0p25_eps0p05_lr1e4_i40000	r3m_bn_bi	LITE_RUNNING
2026-08-07T08:24:50+12:00	hpsA_r3m_bn_bi_rho0p25_eps0p05_lr1e4_i40000	r3m_bn_bi	LITE_COMPLETE
2026-08-07T08:24:50+12:00	hpsA_r3m_bn_bi_rho0p25_eps0p05_lr1e4_i40000	r3m_bn_bi	LITE_RUNNING
2026-08-07T08:24:58+12:00	hpsA_r3m_bn_bi_rho0p25_eps0p05_lr1e4_i40000	r3m_bn_bi	LITE_COMPLETE
2026-08-07T08:24:58+12:00	hpsA_r3m_bn_bi_rho0p25_eps0p05_lr1e4_i40000	r3m_bn_bi	LITE_RUNNING
2026-08-07T08:25:07+12:00	hpsA_r3m_bn_bi_rho0p25_eps0p05_lr1e4_i40000	r3m_bn_bi	LITE_COMPLETE
2026-08-07T08:25:07+12:00	hpsA_r3m_bn_bi_rho0p25_eps0p05_lr1e4_i40000	r3m_bn_bi	LITE_RUNNING
2026-08-07T08:25:16+12:00	hpsA_r3m_bn_bi_rho0p25_eps0p05_lr1e4_i40000	r3m_bn_bi	LITE_COMPLETE
2026-08-07T08:25:16+12:00	hpsA_r3m_bn_bi_rho0p25_eps0p05_lr1e4_i40000	r3m_bn_bi	LITE_RUNNING
2026-08-07T08:25:25+12:00	hpsA_r3m_bn_bi_rho0p25_eps0p05_lr1e4_i40000	r3m_bn_bi	LITE_COMPLETE
2026-08-07T08:25:25+12:00	hpsA_r3m_bn_bi_rho0p25_eps0p05_lr1e4_i40000	r3m_bn_bi	LITE_RUNNING
2026-08-07T08:25:34+12:00	hpsA_r3m_bn_bi_rho0p25_eps0p05_lr1e4_i40000	r3m_bn_bi	LITE_COMPLETE
2026-08-07T08:25:34+12:00	hpsA_r3m_bn_bi_rho0p25_eps0p05_lr1e4_i40000	r3m_bn_bi	LITE_RUNNING
2026-08-07T08:25:43+12:00	hpsA_r3m_bn_bi_rho0p25_eps0p05_lr1e4_i40000	r3m_bn_bi	LITE_COMPLETE
2026-08-07T08:25:43+12:00	hpsA_r3m_bn_bi_rho0p25_eps0p05_lr1e4_i40000	r3m_bn_bi	LITE_RUNNING
2026-08-07T08:25:52+12:00	hpsA_r3m_bn_bi_rho0p25_eps0p05_lr1e4_i40000	r3m_bn_bi	LITE_COMPLETE
2026-08-07T08:25:52+12:00	hpsA_r3m_bn_bi_rho0p25_eps0p05_lr1e4_i40000	r3m_bn_bi	LITE_RUNNING
2026-08-07T08:26:00+12:00	hpsA_r3m_bn_bi_rho0p25_eps0p05_lr1e4_i40000	r3m_bn_bi	LITE_COMPLETE
2026-08-07T08:26:00+12:00	hpsA_r3m_bn_bi_rho0p25_eps0p05_lr1e4_i40000	r3m_bn_bi	LITE_RUNNING
2026-08-07T08:26:09+12:00	hpsA_r3m_bn_bi_rho0p25_eps0p05_lr1e4_i40000	r3m_bn_bi	LITE_COMPLETE
2026-08-07T08:26:09+12:00	hpsA_r3m_bn_bi_rho0p25_eps0p05_lr1e4_i40000	r3m_bn_bi	LITE_RUNNING
2026-08-07T08:26:18+12:00	hpsA_r3m_bn_bi_rho0p25_eps0p05_lr1e4_i40000	r3m_bn_bi	LITE_COMPLETE
2026-08-07T08:26:18+12:00	hpsA_r3m_bn_bi_rho0p25_eps0p05_lr1e4_i40000	r3m_bn_bi	LITE_RUNNING
2026-08-07T08:26:27+12:00	hpsA_r3m_bn_bi_rho0p25_eps0p05_lr1e4_i40000	r3m_bn_bi	LITE_COMPLETE
2026-08-07T08:26:27+12:00	hpsA_r3m_bn_bi_rho0p25_eps0p05_lr1e4_i40000	r3m_bn_bi	LITE_RUNNING
2026-08-07T08:26:36+12:00	hpsA_r3m_bn_bi_rho0p25_eps0p05_lr1e4_i40000	r3m_bn_bi	LITE_COMPLETE
2026-08-07T08:26:36+12:00	hpsA_r3m_bn_bi_rho0p25_eps0p05_lr1e4_i40000	r3m_bn_bi	LITE_RUNNING
2026-08-07T08:26:45+12:00	hpsA_r3m_bn_bi_rho0p25_eps0p05_lr1e4_i40000	r3m_bn_bi	LITE_COMPLETE
2026-08-07T08:26:45+12:00	hpsA_r3m_bn_bi_rho0p25_eps0p05_lr1e4_i40000	r3m_bn_bi	LITE_RUNNING
2026-08-07T08:26:54+12:00	hpsA_r3m_bn_bi_rho0p25_eps0p05_lr1e4_i40000	r3m_bn_bi	LITE_COMPLETE
2026-08-07T08:26:54+12:00	hpsA_r3m_bn_bi_rho0p25_eps0p05_lr1e4_i40000	r3m_bn_bi	LITE_RUNNING
2026-08-07T08:27:02+12:00	hpsA_r3m_bn_bi_rho0p25_eps0p05_lr1e4_i40000	r3m_bn_bi	LITE_COMPLETE
2026-08-07T08:27:02+12:00	hpsA_r3m_bn_bi_rho0p25_eps0p05_lr1e4_i40000	r3m_bn_bi	LITE_RUNNING
2026-08-07T08:27:11+12:00	hpsA_r3m_bn_bi_rho0p25_eps0p05_lr1e4_i40000	r3m_bn_bi	LITE_COMPLETE
2026-08-07T08:27:11+12:00	hpsA_r3m_bn_bi_rho0p25_eps0p05_lr1e4_i40000	r3m_bn_bi	LITE_RUNNING
2026-08-07T08:27:20+12:00	hpsA_r3m_bn_bi_rho0p25_eps0p05_lr1e4_i40000	r3m_bn_bi	LITE_COMPLETE
2026-08-07T08:27:20+12:00	hpsA_r3m_bn_bi_rho0p25_eps0p05_lr1e4_i40000	r3m_bn_bi	LITE_RUNNING
2026-08-07T08:27:29+12:00	hpsA_r3m_bn_bi_rho0p25_eps0p05_lr1e4_i40000	r3m_bn_bi	LITE_COMPLETE
2026-08-07T08:27:29+12:00	hpsA_r3m_bn_bi_rho0p25_eps0p05_lr1e4_i40000	r3m_bn_bi	LITE_RUNNING
2026-08-07T08:27:38+12:00	hpsA_r3m_bn_bi_rho0p25_eps0p05_lr1e4_i40000	r3m_bn_bi	LITE_COMPLETE
2026-08-07T08:27:38+12:00	hpsA_r3m_bn_bi_rho0p25_eps0p05_lr1e4_i40000	r3m_bn_bi	LITE_RUNNING
2026-08-07T08:27:47+12:00	hpsA_r3m_bn_bi_rho0p25_eps0p05_lr1e4_i40000	r3m_bn_bi	LITE_COMPLETE
2026-08-07T08:27:47+12:00	hpsA_r3m_bn_bi_rho0p25_eps0p05_lr1e4_i40000	r3m_bn_bi	LITE_RUNNING
2026-08-07T08:27:56+12:00	hpsA_r3m_bn_bi_rho0p25_eps0p05_lr1e4_i40000	r3m_bn_bi	LITE_COMPLETE
2026-08-07T08:27:56+12:00	hpsA_r3m_bn_bi_rho0p25_eps0p05_lr1e4_i40000	r3m_bn_bi	LITE_RUNNING
2026-08-07T08:28:04+12:00	hpsA_r3m_bn_bi_rho0p25_eps0p05_lr1e4_i40000	r3m_bn_bi	LITE_COMPLETE
2026-08-07T08:28:04+12:00	hpsA_r3m_bn_bi_rho0p25_eps0p05_lr1e4_i40000	r3m_bn_bi	LITE_RUNNING
2026-08-07T08:28:13+12:00	hpsA_r3m_bn_bi_rho0p25_eps0p05_lr1e4_i40000	r3m_bn_bi	LITE_COMPLETE
2026-08-07T08:28:13+12:00	hpsA_r3m_bn_bi_rho0p25_eps0p05_lr1e4_i40000	r3m_bn_bi	LITE_RUNNING
2026-08-07T08:28:22+12:00	hpsA_r3m_bn_bi_rho0p25_eps0p05_lr1e4_i40000	r3m_bn_bi	LITE_COMPLETE
2026-08-07T08:28:22+12:00	hpsA_r3m_bn_bi_rho0p25_eps0p05_lr1e4_i40000	r3m_bn_bi	LITE_RUNNING
2026-08-07T08:28:31+12:00	hpsA_r3m_bn_bi_rho0p25_eps0p05_lr1e4_i40000	r3m_bn_bi	LITE_COMPLETE
2026-08-07T08:28:31+12:00	hpsA_r3m_bn_bi_rho0p25_eps0p05_lr1e4_i40000	r3m_bn_bi	LITE_RUNNING
2026-08-07T08:28:40+12:00	hpsA_r3m_bn_bi_rho0p25_eps0p05_lr1e4_i40000	r3m_bn_bi	LITE_COMPLETE
2026-08-07T08:28:40+12:00	hpsA_r3m_bn_bi_rho0p25_eps0p05_lr1e4_i40000	r3m_bn_bi	LITE_RUNNING
2026-08-07T08:28:49+12:00	hpsA_r3m_bn_bi_rho0p25_eps0p05_lr1e4_i40000	r3m_bn_bi	LITE_COMPLETE
2026-08-07T08:28:49+12:00	hpsA_r3m_bn_bi_rho0p25_eps0p05_lr1e4_i40000	r3m_bn_bi	LITE_RUNNING
2026-08-07T08:28:58+12:00	hpsA_r3m_bn_bi_rho0p25_eps0p05_lr1e4_i40000	r3m_bn_bi	LITE_COMPLETE
2026-08-07T08:28:58+12:00	hpsA_r3m_bn_bi_rho0p25_eps0p05_lr1e4_i40000	r3m_bn_bi	LITE_RUNNING
2026-08-07T08:29:07+12:00	hpsA_r3m_bn_bi_rho0p25_eps0p05_lr1e4_i40000	r3m_bn_bi	LITE_COMPLETE
2026-08-07T08:29:07+12:00	hpsA_r3m_bn_bi_rho0p25_eps0p05_lr1e4_i40000	r3m_bn_bi	LITE_RUNNING
2026-08-07T08:29:16+12:00	hpsA_r3m_bn_bi_rho0p25_eps0p05_lr1e4_i40000	r3m_bn_bi	LITE_COMPLETE
2026-08-07T08:29:16+12:00	hpsA_r3m_bn_bi_rho0p25_eps0p05_lr1e4_i40000	r3m_bn_bi	LITE_RUNNING
2026-08-07T08:29:25+12:00	hpsA_r3m_bn_bi_rho0p25_eps0p05_lr1e4_i40000	r3m_bn_bi	LITE_COMPLETE
2026-08-07T08:29:25+12:00	hpsA_r3m_bn_bi_rho0p25_eps0p05_lr1e4_i40000	r3m_bn_bi	LITE_RUNNING
2026-08-07T08:29:34+12:00	hpsA_r3m_bn_bi_rho0p25_eps0p05_lr1e4_i40000	r3m_bn_bi	LITE_COMPLETE
2026-08-07T08:29:34+12:00	hpsA_r3m_bn_bi_rho0p25_eps0p05_lr1e4_i40000	r3m_bn_bi	LITE_RUNNING
2026-08-07T08:29:43+12:00	hpsA_r3m_bn_bi_rho0p25_eps0p05_lr1e4_i40000	r3m_bn_bi	LITE_COMPLETE
2026-08-07T08:29:43+12:00	hpsA_r3m_bn_bi_rho0p25_eps0p05_lr1e4_i40000	r3m_bn_bi	LITE_RUNNING
2026-08-07T08:29:51+12:00	hpsA_r3m_bn_bi_rho0p25_eps0p05_lr1e4_i40000	r3m_bn_bi	LITE_COMPLETE
2026-08-07T08:29:51+12:00	hpsA_r3m_bn_bi_rho0p25_eps0p05_lr1e4_i40000	r3m_bn_bi	LITE_RUNNING
2026-08-07T08:30:00+12:00	hpsA_r3m_bn_bi_rho0p25_eps0p05_lr1e4_i40000	r3m_bn_bi	LITE_COMPLETE
2026-08-07T08:30:00+12:00	hpsA_r3m_bn_bi_rho0p25_eps0p05_lr1e4_i40000	r3m_bn_bi	LITE_RUNNING
2026-08-07T08:30:09+12:00	hpsA_r3m_bn_bi_rho0p25_eps0p05_lr1e4_i40000	r3m_bn_bi	LITE_COMPLETE
2026-08-07T08:30:09+12:00	hpsA_r3m_bn_bi_rho0p25_eps0p05_lr1e4_i40000	r3m_bn_bi	LITE_RUNNING
2026-08-07T08:30:18+12:00	hpsA_r3m_bn_bi_rho0p25_eps0p05_lr1e4_i40000	r3m_bn_bi	LITE_COMPLETE
2026-08-07T08:30:18+12:00	hpsA_r3m_bn_bi_rho0p25_eps0p05_lr1e4_i40000	r3m_bn_bi	LITE_RUNNING
2026-08-07T08:30:27+12:00	hpsA_r3m_bn_bi_rho0p25_eps0p05_lr1e4_i40000	r3m_bn_bi	LITE_COMPLETE
2026-08-07T08:30:27+12:00	hpsA_r3m_bn_bi_rho0p25_eps0p05_lr1e4_i40000	r3m_bn_bi	LITE_RUNNING
2026-08-07T08:30:36+12:00	hpsA_r3m_bn_bi_rho0p25_eps0p05_lr1e4_i40000	r3m_bn_bi	LITE_COMPLETE
2026-08-07T08:30:36+12:00	hpsA_r3m_bn_bi_rho0p25_eps0p05_lr1e4_i40000	r3m_bn_bi	LITE_RUNNING
2026-08-07T08:30:45+12:00	hpsA_r3m_bn_bi_rho0p25_eps0p05_lr1e4_i40000	r3m_bn_bi	LITE_COMPLETE
2026-08-07T08:30:45+12:00	hpsA_r3m_bn_bi_rho0p25_eps0p05_lr1e4_i40000	r3m_bn_bi	LITE_RUNNING
2026-08-07T08:30:54+12:00	hpsA_r3m_bn_bi_rho0p25_eps0p05_lr1e4_i40000	r3m_bn_bi	LITE_COMPLETE
2026-08-07T08:30:54+12:00	hpsA_r3m_bn_bi_rho0p25_eps0p05_lr1e4_i40000	r3m_bn_bi	LITE_RUNNING
2026-08-07T08:31:02+12:00	hpsA_r3m_bn_bi_rho0p25_eps0p05_lr1e4_i40000	r3m_bn_bi	LITE_COMPLETE
2026-08-07T08:31:02+12:00	hpsA_r3m_bn_bi_rho0p25_eps0p05_lr1e4_i40000	r3m_bn_bi	LITE_RUNNING
2026-08-07T08:31:11+12:00	hpsA_r3m_bn_bi_rho0p25_eps0p05_lr1e4_i40000	r3m_bn_bi	LITE_COMPLETE
2026-08-07T08:31:11+12:00	hpsA_r3m_bn_bi_rho0p25_eps0p05_lr1e4_i40000	r3m_bn_bi	LITE_RUNNING
2026-08-07T08:31:20+12:00	hpsA_r3m_bn_bi_rho0p25_eps0p05_lr1e4_i40000	r3m_bn_bi	LITE_COMPLETE
2026-08-07T08:31:20+12:00	hpsA_r3m_bn_bi_rho0p25_eps0p05_lr1e4_i40000	r3m_bn_bi	LITE_RUNNING
2026-08-07T08:31:29+12:00	hpsA_r3m_bn_bi_rho0p25_eps0p05_lr1e4_i40000	r3m_bn_bi	LITE_COMPLETE
2026-08-07T08:31:29+12:00	hpsA_r3m_bn_bi_rho0p25_eps0p05_lr1e4_i40000	r3m_bn_bi	LITE_RUNNING
2026-08-07T08:31:38+12:00	hpsA_r3m_bn_bi_rho0p25_eps0p05_lr1e4_i40000	r3m_bn_bi	LITE_COMPLETE
2026-08-07T08:31:38+12:00	hpsA_r3m_bn_bi_rho0p25_eps0p05_lr1e4_i40000	r3m_bn_bi	LITE_RUNNING
2026-08-07T08:31:47+12:00	hpsA_r3m_bn_bi_rho0p25_eps0p05_lr1e4_i40000	r3m_bn_bi	LITE_COMPLETE
2026-08-07T08:31:47+12:00	hpsA_r3m_bn_bi_rho0p25_eps0p05_lr1e4_i40000	r3m_bn_bi	LITE_RUNNING
2026-08-07T08:31:56+12:00	hpsA_r3m_bn_bi_rho0p25_eps0p05_lr1e4_i40000	r3m_bn_bi	LITE_COMPLETE
2026-08-07T08:31:56+12:00	hpsA_r3m_bn_bi_rho0p25_eps0p05_lr1e4_i40000	r3m_bn_bi	LITE_RUNNING
2026-08-07T08:32:05+12:00	hpsA_r3m_bn_bi_rho0p25_eps0p05_lr1e4_i40000	r3m_bn_bi	LITE_COMPLETE
2026-08-07T08:32:05+12:00	hpsA_r3m_bn_bi_rho0p25_eps0p05_lr1e4_i40000	r3m_bn_bi	LITE_RUNNING
2026-08-07T08:32:14+12:00	hpsA_r3m_bn_bi_rho0p25_eps0p05_lr1e4_i40000	r3m_bn_bi	LITE_COMPLETE
2026-08-07T08:32:14+12:00	hpsA_r3m_bn_bi_rho0p25_eps0p05_lr1e4_i40000	r3m_bn_bi	LITE_RUNNING
2026-08-07T08:32:23+12:00	hpsA_r3m_bn_bi_rho0p25_eps0p05_lr1e4_i40000	r3m_bn_bi	LITE_COMPLETE
2026-08-07T08:32:23+12:00	hpsA_r3m_bn_bi_rho0p25_eps0p05_lr1e4_i40000	r3m_bn_bi	LITE_RUNNING
2026-08-07T08:32:32+12:00	hpsA_r3m_bn_bi_rho0p25_eps0p05_lr1e4_i40000	r3m_bn_bi	LITE_COMPLETE
2026-08-07T08:32:32+12:00	hpsA_r3m_bn_bi_rho0p25_eps0p05_lr1e4_i40000	r3m_bn_bi	LITE_RUNNING
2026-08-07T08:32:40+12:00	hpsA_r3m_bn_bi_rho0p25_eps0p05_lr1e4_i40000	r3m_bn_bi	LITE_COMPLETE
2026-08-07T08:32:40+12:00	hpsA_r3m_bn_bi_rho0p25_eps0p05_lr1e4_i40000	r3m_bn_bi	LITE_RUNNING
2026-08-07T08:32:49+12:00	hpsA_r3m_bn_bi_rho0p25_eps0p05_lr1e4_i40000	r3m_bn_bi	LITE_COMPLETE
2026-08-07T08:32:49+12:00	hpsA_r3m_bn_bi_rho0p25_eps0p05_lr1e4_i40000	r3m_bn_bi	LITE_RUNNING
2026-08-07T08:32:58+12:00	hpsA_r3m_bn_bi_rho0p25_eps0p05_lr1e4_i40000	r3m_bn_bi	LITE_COMPLETE
2026-08-07T08:32:58+12:00	hpsA_r3m_bn_bi_rho0p25_eps0p05_lr1e4_i40000	r3m_bn_bi	LITE_RUNNING
2026-08-07T08:33:07+12:00	hpsA_r3m_bn_bi_rho0p25_eps0p05_lr1e4_i40000	r3m_bn_bi	LITE_COMPLETE
2026-08-07T08:33:07+12:00	hpsA_r3m_bn_bi_rho0p25_eps0p05_lr1e4_i40000	r3m_bn_bi	LITE_RUNNING
2026-08-07T08:33:16+12:00	hpsA_r3m_bn_bi_rho0p25_eps0p05_lr1e4_i40000	r3m_bn_bi	LITE_COMPLETE
2026-08-07T08:33:16+12:00	hpsA_r3m_bn_bi_rho0p25_eps0p05_lr1e4_i40000	r3m_bn_bi	LITE_RUNNING
2026-08-07T08:33:25+12:00	hpsA_r3m_bn_bi_rho0p25_eps0p05_lr1e4_i40000	r3m_bn_bi	LITE_COMPLETE
2026-08-07T08:33:25+12:00	hpsA_r3m_bn_bi_rho0p25_eps0p05_lr1e4_i40000	r3m_bn_bi	LITE_RUNNING
2026-08-07T08:33:34+12:00	hpsA_r3m_bn_bi_rho0p25_eps0p05_lr1e4_i40000	r3m_bn_bi	LITE_COMPLETE
2026-08-07T08:33:34+12:00	hpsA_r3m_bn_bi_rho0p25_eps0p05_lr1e4_i40000	r3m_bn_bi	LITE_RUNNING
2026-08-07T08:33:43+12:00	hpsA_r3m_bn_bi_rho0p25_eps0p05_lr1e4_i40000	r3m_bn_bi	LITE_COMPLETE
2026-08-07T08:33:43+12:00	hpsA_r3m_bn_bi_rho0p25_eps0p05_lr1e4_i40000	r3m_bn_bi	LITE_RUNNING
2026-08-07T08:33:52+12:00	hpsA_r3m_bn_bi_rho0p25_eps0p05_lr1e4_i40000	r3m_bn_bi	LITE_COMPLETE
2026-08-07T08:33:52+12:00	hpsA_r3m_bn_bi_rho0p25_eps0p05_lr1e4_i40000	r3m_bn_bi	LITE_RUNNING
2026-08-07T08:34:01+12:00	hpsA_r3m_bn_bi_rho0p25_eps0p05_lr1e4_i40000	r3m_bn_bi	LITE_COMPLETE
2026-08-07T08:34:01+12:00	hpsA_r3m_bn_bi_rho0p25_eps0p05_lr1e4_i40000	r3m_bn_bi	LITE_RUNNING
2026-08-07T08:34:09+12:00	hpsA_r3m_bn_bi_rho0p25_eps0p05_lr1e4_i40000	r3m_bn_bi	LITE_COMPLETE
2026-08-07T08:34:09+12:00	hpsA_r3m_bn_bi_rho0p25_eps0p05_lr1e4_i40000	r3m_bn_bi	LITE_RUNNING
2026-08-07T08:34:18+12:00	hpsA_r3m_bn_bi_rho0p25_eps0p05_lr1e4_i40000	r3m_bn_bi	LITE_COMPLETE
2026-08-07T08:34:18+12:00	hpsA_r3m_bn_bi_rho0p25_eps0p05_lr1e4_i40000	r3m_bn_bi	LITE_RUNNING
2026-08-07T08:34:27+12:00	hpsA_r3m_bn_bi_rho0p25_eps0p05_lr1e4_i40000	r3m_bn_bi	LITE_COMPLETE
2026-08-07T08:34:27+12:00	hpsA_r3m_bn_bi_rho0p25_eps0p05_lr1e4_i40000	r3m_bn_bi	LITE_RUNNING
2026-08-07T08:34:36+12:00	hpsA_r3m_bn_bi_rho0p25_eps0p05_lr1e4_i40000	r3m_bn_bi	LITE_COMPLETE
2026-08-07T08:34:36+12:00	hpsA_r3m_bn_bi_rho0p25_eps0p05_lr1e4_i40000	r3m_bn_bi	LITE_RUNNING
2026-08-07T08:34:45+12:00	hpsA_r3m_bn_bi_rho0p25_eps0p05_lr1e4_i40000	r3m_bn_bi	LITE_COMPLETE
2026-08-07T08:34:45+12:00	hpsA_r3m_bn_bi_rho0p25_eps0p05_lr1e4_i40000	r3m_bn_bi	LITE_RUNNING
2026-08-07T08:34:54+12:00	hpsA_r3m_bn_bi_rho0p25_eps0p05_lr1e4_i40000	r3m_bn_bi	LITE_COMPLETE
2026-08-07T08:34:54+12:00	hpsA_r3m_bn_bi_rho0p25_eps0p05_lr1e4_i40000	r3m_bn_bi	LITE_RUNNING
2026-08-07T08:35:03+12:00	hpsA_r3m_bn_bi_rho0p25_eps0p05_lr1e4_i40000	r3m_bn_bi	LITE_COMPLETE
2026-08-07T08:35:03+12:00	hpsA_r3m_bn_bi_rho0p25_eps0p05_lr1e4_i40000	r3m_bn_bi	LITE_RUNNING
2026-08-07T08:35:12+12:00	hpsA_r3m_bn_bi_rho0p25_eps0p05_lr1e4_i40000	r3m_bn_bi	LITE_COMPLETE
2026-08-07T08:35:12+12:00	hpsA_r3m_bn_bi_rho0p25_eps0p05_lr1e4_i40000	r3m_bn_bi	LITE_RUNNING
2026-08-07T08:35:21+12:00	hpsA_r3m_bn_bi_rho0p25_eps0p05_lr1e4_i40000	r3m_bn_bi	LITE_COMPLETE
2026-08-07T08:35:21+12:00	hpsA_r3m_bn_bi_rho0p25_eps0p05_lr1e4_i40000	r3m_bn_bi	LITE_RUNNING
2026-08-07T08:35:29+12:00	hpsA_r3m_bn_bi_rho0p25_eps0p05_lr1e4_i40000	r3m_bn_bi	LITE_COMPLETE
2026-08-07T08:35:29+12:00	hpsA_r3m_bn_bi_rho0p25_eps0p05_lr1e4_i40000	r3m_bn_bi	LITE_RUNNING
2026-08-07T08:35:38+12:00	hpsA_r3m_bn_bi_rho0p25_eps0p05_lr1e4_i40000	r3m_bn_bi	LITE_COMPLETE
2026-08-07T08:35:38+12:00	hpsA_r3m_bn_bi_rho0p25_eps0p05_lr1e4_i40000	r3m_bn_bi	LITE_RUNNING
2026-08-07T08:35:47+12:00	hpsA_r3m_bn_bi_rho0p25_eps0p05_lr1e4_i40000	r3m_bn_bi	LITE_COMPLETE
2026-08-07T08:35:47+12:00	hpsA_r3m_bn_bi_rho0p25_eps0p05_lr1e4_i40000	r3m_bn_bi	LITE_RUNNING
2026-08-07T08:35:56+12:00	hpsA_r3m_bn_bi_rho0p25_eps0p05_lr1e4_i40000	r3m_bn_bi	LITE_COMPLETE
2026-08-07T08:35:56+12:00	hpsA_r3m_bn_bi_rho0p25_eps0p05_lr1e4_i40000	r3m_bn_bi	LITE_RUNNING
2026-08-07T08:36:05+12:00	hpsA_r3m_bn_bi_rho0p25_eps0p05_lr1e4_i40000	r3m_bn_bi	LITE_COMPLETE
2026-08-07T08:36:05+12:00	hpsA_r3m_bn_bi_rho0p25_eps0p05_lr1e4_i40000	r3m_bn_bi	LITE_RUNNING
2026-08-07T08:36:14+12:00	hpsA_r3m_bn_bi_rho0p25_eps0p05_lr1e4_i40000	r3m_bn_bi	LITE_COMPLETE
2026-08-07T08:36:14+12:00	hpsA_r3m_bn_bi_rho0p25_eps0p05_lr1e4_i40000	r3m_bn_bi	LITE_RUNNING
2026-08-07T08:36:23+12:00	hpsA_r3m_bn_bi_rho0p25_eps0p05_lr1e4_i40000	r3m_bn_bi	LITE_COMPLETE
2026-08-07T08:36:23+12:00	hpsA_r3m_bn_bi_rho0p25_eps0p05_lr1e4_i40000	r3m_bn_bi	LITE_RUNNING
2026-08-07T08:36:32+12:00	hpsA_r3m_bn_bi_rho0p25_eps0p05_lr1e4_i40000	r3m_bn_bi	LITE_COMPLETE
2026-08-07T08:36:32+12:00	hpsA_r3m_bn_bi_rho0p25_eps0p05_lr1e4_i40000	r3m_bn_bi	LITE_RUNNING
2026-08-07T08:36:41+12:00	hpsA_r3m_bn_bi_rho0p25_eps0p05_lr1e4_i40000	r3m_bn_bi	LITE_COMPLETE
2026-08-07T08:36:41+12:00	hpsA_r3m_bn_bi_rho0p25_eps0p05_lr1e4_i40000	r3m_bn_bi	LITE_RUNNING
2026-08-07T08:36:49+12:00	hpsA_r3m_bn_bi_rho0p25_eps0p05_lr1e4_i40000	r3m_bn_bi	LITE_COMPLETE
2026-08-07T08:36:49+12:00	hpsA_r3m_bn_bi_rho0p25_eps0p05_lr1e4_i40000	r3m_bn_bi	LITE_RUNNING
2026-08-07T08:36:58+12:00	hpsA_r3m_bn_bi_rho0p25_eps0p05_lr1e4_i40000	r3m_bn_bi	LITE_COMPLETE
2026-08-07T08:36:58+12:00	hpsA_r3m_bn_bi_rho0p25_eps0p05_lr1e4_i40000	r3m_bn_bi	LITE_RUNNING
2026-08-07T08:37:07+12:00	hpsA_r3m_bn_bi_rho0p25_eps0p05_lr1e4_i40000	r3m_bn_bi	LITE_COMPLETE
2026-08-07T08:37:07+12:00	hpsA_r3m_bn_bi_rho0p25_eps0p05_lr1e4_i40000	r3m_bn_bi	LITE_RUNNING
2026-08-07T08:37:16+12:00	hpsA_r3m_bn_bi_rho0p25_eps0p05_lr1e4_i40000	r3m_bn_bi	LITE_COMPLETE
2026-08-07T08:37:16+12:00	hpsA_r3m_bn_bi_rho0p25_eps0p05_lr1e4_i40000	r3m_bn_bi	LITE_RUNNING
2026-08-07T08:37:25+12:00	hpsA_r3m_bn_bi_rho0p25_eps0p05_lr1e4_i40000	r3m_bn_bi	LITE_COMPLETE
2026-08-07T08:37:25+12:00	hpsA_r3m_bn_bi_rho0p25_eps0p05_lr1e4_i40000	r3m_bn_bi	LITE_RUNNING
2026-08-07T08:37:34+12:00	hpsA_r3m_bn_bi_rho0p25_eps0p05_lr1e4_i40000	r3m_bn_bi	LITE_COMPLETE
2026-08-07T08:37:34+12:00	hpsA_r3m_bn_bi_rho0p25_eps0p05_lr1e4_i40000	r3m_bn_bi	LITE_RUNNING
2026-08-07T08:37:43+12:00	hpsA_r3m_bn_bi_rho0p25_eps0p05_lr1e4_i40000	r3m_bn_bi	LITE_COMPLETE
2026-08-07T08:37:43+12:00	hpsA_r3m_bn_bi_rho0p25_eps0p05_lr1e4_i40000	r3m_bn_bi	LITE_RUNNING
2026-08-07T08:37:52+12:00	hpsA_r3m_bn_bi_rho0p25_eps0p05_lr1e4_i40000	r3m_bn_bi	LITE_COMPLETE
2026-08-07T08:37:52+12:00	hpsA_r3m_bn_bi_rho0p25_eps0p05_lr1e4_i40000	r3m_bn_bi	LITE_RUNNING
2026-08-07T08:38:01+12:00	hpsA_r3m_bn_bi_rho0p25_eps0p05_lr1e4_i40000	r3m_bn_bi	LITE_COMPLETE
2026-08-07T08:38:01+12:00	hpsA_r3m_bn_bi_rho0p25_eps0p05_lr1e4_i40000	r3m_bn_bi	LITE_RUNNING
2026-08-07T08:38:10+12:00	hpsA_r3m_bn_bi_rho0p25_eps0p05_lr1e4_i40000	r3m_bn_bi	LITE_COMPLETE
2026-08-07T08:38:10+12:00	hpsA_r3m_bn_bi_rho0p25_eps0p05_lr1e4_i40000	r3m_bn_bi	LITE_RUNNING
2026-08-07T08:38:19+12:00	hpsA_r3m_bn_bi_rho0p25_eps0p05_lr1e4_i40000	r3m_bn_bi	LITE_COMPLETE
2026-08-07T08:38:19+12:00	hpsA_r3m_bn_bi_rho0p25_eps0p05_lr1e4_i40000	r3m_bn_bi	LITE_RUNNING
2026-08-07T08:38:27+12:00	hpsA_r3m_bn_bi_rho0p25_eps0p05_lr1e4_i40000	r3m_bn_bi	LITE_COMPLETE
2026-08-07T08:38:27+12:00	hpsA_r3m_bn_bi_rho0p25_eps0p05_lr1e4_i40000	r3m_bn_bi	LITE_RUNNING
2026-08-07T08:38:36+12:00	hpsA_r3m_bn_bi_rho0p25_eps0p05_lr1e4_i40000	r3m_bn_bi	LITE_COMPLETE
2026-08-07T08:38:36+12:00	hpsA_r3m_bn_bi_rho0p25_eps0p05_lr1e4_i40000	r3m_bn_bi	LITE_RUNNING
2026-08-07T08:38:45+12:00	hpsA_r3m_bn_bi_rho0p25_eps0p05_lr1e4_i40000	r3m_bn_bi	LITE_COMPLETE
2026-08-07T08:38:45+12:00	hpsA_r3m_bn_bi_rho0p25_eps0p05_lr1e4_i40000	r3m_bn_bi	LITE_RUNNING
2026-08-07T08:38:54+12:00	hpsA_r3m_bn_bi_rho0p25_eps0p05_lr1e4_i40000	r3m_bn_bi	LITE_COMPLETE
2026-08-07T08:38:54+12:00	hpsA_r3m_bn_bi_rho0p25_eps0p05_lr1e4_i40000	r3m_bn_bi	LITE_RUNNING
2026-08-07T08:39:03+12:00	hpsA_r3m_bn_bi_rho0p25_eps0p05_lr1e4_i40000	r3m_bn_bi	LITE_COMPLETE
2026-08-07T08:39:03+12:00	hpsA_r3m_bn_bi_rho0p25_eps0p05_lr1e4_i40000	r3m_bn_bi	LITE_RUNNING
2026-08-07T08:39:12+12:00	hpsA_r3m_bn_bi_rho0p25_eps0p05_lr1e4_i40000	r3m_bn_bi	LITE_COMPLETE
2026-08-07T08:39:12+12:00	hpsA_r3m_bn_bi_rho0p25_eps0p05_lr1e4_i40000	r3m_bn_bi	LITE_RUNNING
2026-08-07T08:39:21+12:00	hpsA_r3m_bn_bi_rho0p25_eps0p05_lr1e4_i40000	r3m_bn_bi	LITE_COMPLETE
2026-08-07T08:39:21+12:00	hpsA_r3m_bn_bi_rho0p25_eps0p05_lr1e4_i40000	r3m_bn_bi	LITE_RUNNING
2026-08-07T08:39:30+12:00	hpsA_r3m_bn_bi_rho0p25_eps0p05_lr1e4_i40000	r3m_bn_bi	LITE_COMPLETE
2026-08-07T08:39:30+12:00	hpsA_r3m_bn_bi_rho0p25_eps0p05_lr1e4_i40000	r3m_bn_bi	LITE_RUNNING
2026-08-07T08:39:38+12:00	hpsA_r3m_bn_bi_rho0p25_eps0p05_lr1e4_i40000	r3m_bn_bi	LITE_COMPLETE
2026-08-07T08:39:38+12:00	hpsA_r3m_bn_bi_rho0p25_eps0p05_lr1e4_i40000	r3m_bn_bi	LITE_RUNNING
2026-08-07T08:39:47+12:00	hpsA_r3m_bn_bi_rho0p25_eps0p05_lr1e4_i40000	r3m_bn_bi	LITE_COMPLETE
2026-08-07T08:39:47+12:00	hpsA_r3m_bn_bi_rho0p25_eps0p05_lr1e4_i40000	r3m_bn_bi	LITE_RUNNING
2026-08-07T08:39:56+12:00	hpsA_r3m_bn_bi_rho0p25_eps0p05_lr1e4_i40000	r3m_bn_bi	LITE_COMPLETE
2026-08-07T08:39:56+12:00	hpsA_r3m_bn_bi_rho0p25_eps0p05_lr1e4_i40000	r3m_bn_bi	LITE_RUNNING
2026-08-07T08:40:05+12:00	hpsA_r3m_bn_bi_rho0p25_eps0p05_lr1e4_i40000	r3m_bn_bi	LITE_COMPLETE
2026-08-07T08:40:05+12:00	hpsA_r3m_bn_bi_rho0p25_eps0p05_lr1e4_i40000	r3m_bn_bi	LITE_RUNNING
2026-08-07T08:40:14+12:00	hpsA_r3m_bn_bi_rho0p25_eps0p05_lr1e4_i40000	r3m_bn_bi	LITE_COMPLETE
2026-08-07T08:40:14+12:00	hpsA_r3m_bn_bi_rho0p25_eps0p05_lr1e4_i40000	r3m_bn_bi	LITE_RUNNING
2026-08-07T08:40:23+12:00	hpsA_r3m_bn_bi_rho0p25_eps0p05_lr1e4_i40000	r3m_bn_bi	LITE_COMPLETE
2026-08-07T08:40:23+12:00	hpsA_r3m_bn_bi_rho0p25_eps0p05_lr1e4_i40000	r3m_bn_bi	LITE_RUNNING
2026-08-07T08:40:32+12:00	hpsA_r3m_bn_bi_rho0p25_eps0p05_lr1e4_i40000	r3m_bn_bi	LITE_COMPLETE
2026-08-07T08:40:32+12:00	hpsA_r3m_bn_bi_rho0p25_eps0p05_lr1e4_i40000	r3m_bn_bi	LITE_RUNNING
2026-08-07T08:40:41+12:00	hpsA_r3m_bn_bi_rho0p25_eps0p05_lr1e4_i40000	r3m_bn_bi	LITE_COMPLETE
2026-08-07T08:40:41+12:00	hpsA_r3m_bn_bi_rho0p25_eps0p05_lr1e4_i40000	r3m_bn_bi	LITE_RUNNING
2026-08-07T08:40:50+12:00	hpsA_r3m_bn_bi_rho0p25_eps0p05_lr1e4_i40000	r3m_bn_bi	LITE_COMPLETE
2026-08-07T08:40:50+12:00	hpsA_r3m_bn_bi_rho0p25_eps0p05_lr1e4_i40000	r3m_bn_bi	LITE_RUNNING
2026-08-07T08:40:58+12:00	hpsA_r3m_bn_bi_rho0p25_eps0p05_lr1e4_i40000	r3m_bn_bi	LITE_COMPLETE
2026-08-07T08:40:58+12:00	hpsA_r3m_bn_bi_rho0p25_eps0p05_lr1e4_i40000	r3m_bn_bi	LITE_RUNNING
2026-08-07T08:41:07+12:00	hpsA_r3m_bn_bi_rho0p25_eps0p05_lr1e4_i40000	r3m_bn_bi	LITE_COMPLETE
2026-08-07T08:41:07+12:00	hpsA_r3m_bn_bi_rho0p25_eps0p05_lr1e4_i40000	r3m_bn_bi	LITE_RUNNING
2026-08-07T08:41:16+12:00	hpsA_r3m_bn_bi_rho0p25_eps0p05_lr1e4_i40000	r3m_bn_bi	LITE_COMPLETE
2026-08-07T08:41:16+12:00	hpsA_r3m_bn_bi_rho0p25_eps0p05_lr1e4_i40000	r3m_bn_bi	LITE_RUNNING
2026-08-07T08:41:25+12:00	hpsA_r3m_bn_bi_rho0p25_eps0p05_lr1e4_i40000	r3m_bn_bi	LITE_COMPLETE
2026-08-07T08:41:25+12:00	hpsA_r3m_bn_bi_rho0p25_eps0p05_lr1e4_i40000	r3m_bn_bi	LITE_RUNNING
2026-08-07T08:41:34+12:00	hpsA_r3m_bn_bi_rho0p25_eps0p05_lr1e4_i40000	r3m_bn_bi	LITE_COMPLETE
2026-08-07T08:41:34+12:00	hpsA_r3m_bn_bi_rho0p25_eps0p05_lr1e4_i40000	r3m_bn_bi	LITE_RUNNING
2026-08-07T08:41:43+12:00	hpsA_r3m_bn_bi_rho0p25_eps0p05_lr1e4_i40000	r3m_bn_bi	LITE_COMPLETE
2026-08-07T08:41:43+12:00	hpsA_r3m_bn_bi_rho0p25_eps0p05_lr1e4_i40000	r3m_bn_bi	LITE_RUNNING
2026-08-07T08:41:52+12:00	hpsA_r3m_bn_bi_rho0p25_eps0p05_lr1e4_i40000	r3m_bn_bi	LITE_COMPLETE
2026-08-07T08:41:52+12:00	hpsA_r3m_bn_bi_rho0p25_eps0p05_lr1e4_i40000	r3m_bn_bi	LITE_RUNNING
2026-08-07T08:42:01+12:00	hpsA_r3m_bn_bi_rho0p25_eps0p05_lr1e4_i40000	r3m_bn_bi	LITE_COMPLETE
2026-08-07T08:42:01+12:00	hpsA_r3m_bn_bi_rho0p25_eps0p05_lr1e4_i40000	r3m_bn_bi	LITE_RUNNING
2026-08-07T08:42:10+12:00	hpsA_r3m_bn_bi_rho0p25_eps0p05_lr1e4_i40000	r3m_bn_bi	LITE_COMPLETE
2026-08-07T08:42:10+12:00	hpsA_r3m_bn_bi_rho0p25_eps0p05_lr1e4_i40000	r3m_bn_bi	LITE_RUNNING
2026-08-07T08:42:19+12:00	hpsA_r3m_bn_bi_rho0p25_eps0p05_lr1e4_i40000	r3m_bn_bi	LITE_COMPLETE
2026-08-07T08:42:19+12:00	hpsA_r3m_bn_bi_rho0p25_eps0p05_lr1e4_i40000	r3m_bn_bi	LITE_RUNNING
2026-08-07T08:42:27+12:00	hpsA_r3m_bn_bi_rho0p25_eps0p05_lr1e4_i40000	r3m_bn_bi	LITE_COMPLETE
2026-08-07T08:42:27+12:00	hpsA_r3m_bn_bi_rho0p25_eps0p05_lr1e4_i40000	r3m_bn_bi	LITE_RUNNING
2026-08-07T08:42:36+12:00	hpsA_r3m_bn_bi_rho0p25_eps0p05_lr1e4_i40000	r3m_bn_bi	LITE_COMPLETE
2026-08-07T08:42:36+12:00	hpsA_r3m_bn_bi_rho0p25_eps0p05_lr1e4_i40000	r3m_bn_bi	LITE_RUNNING
2026-08-07T08:42:45+12:00	hpsA_r3m_bn_bi_rho0p25_eps0p05_lr1e4_i40000	r3m_bn_bi	LITE_COMPLETE
2026-08-07T08:42:45+12:00	hpsA_r3m_bn_bi_rho0p25_eps0p05_lr1e4_i40000	r3m_bn_bi	LITE_RUNNING
2026-08-07T08:42:54+12:00	hpsA_r3m_bn_bi_rho0p25_eps0p05_lr1e4_i40000	r3m_bn_bi	LITE_COMPLETE
2026-08-07T08:42:54+12:00	hpsA_r3m_bn_bi_rho0p25_eps0p05_lr1e4_i40000	r3m_bn_bi	LITE_RUNNING
2026-08-07T08:43:03+12:00	hpsA_r3m_bn_bi_rho0p25_eps0p05_lr1e4_i40000	r3m_bn_bi	LITE_COMPLETE
2026-08-07T08:43:03+12:00	hpsA_r3m_bn_bi_rho0p25_eps0p05_lr1e4_i40000	r3m_bn_bi	LITE_RUNNING
2026-08-07T08:43:12+12:00	hpsA_r3m_bn_bi_rho0p25_eps0p05_lr1e4_i40000	r3m_bn_bi	LITE_COMPLETE
2026-08-07T08:43:12+12:00	hpsA_r3m_bn_bi_rho0p25_eps0p05_lr1e4_i40000	r3m_bn_bi	LITE_RUNNING
2026-08-07T08:43:21+12:00	hpsA_r3m_bn_bi_rho0p25_eps0p05_lr1e4_i40000	r3m_bn_bi	LITE_COMPLETE
2026-08-07T08:43:21+12:00	hpsA_r3m_bn_bi_rho0p25_eps0p05_lr1e4_i40000	r3m_bn_bi	LITE_RUNNING
2026-08-07T08:43:30+12:00	hpsA_r3m_bn_bi_rho0p25_eps0p05_lr1e4_i40000	r3m_bn_bi	LITE_COMPLETE
2026-08-07T08:43:30+12:00	hpsA_r3m_bn_bi_rho0p25_eps0p05_lr1e4_i40000	r3m_bn_bi	LITE_RUNNING
2026-08-07T08:43:39+12:00	hpsA_r3m_bn_bi_rho0p25_eps0p05_lr1e4_i40000	r3m_bn_bi	LITE_COMPLETE
2026-08-07T08:43:39+12:00	hpsA_r3m_bn_bi_rho0p25_eps0p05_lr1e4_i40000	r3m_bn_bi	LITE_RUNNING
2026-08-07T08:43:48+12:00	hpsA_r3m_bn_bi_rho0p25_eps0p05_lr1e4_i40000	r3m_bn_bi	LITE_COMPLETE
2026-08-07T08:43:48+12:00	hpsA_r3m_bn_bi_rho0p25_eps0p05_lr1e4_i40000	r3m_bn_bi	LITE_RUNNING
2026-08-07T08:43:56+12:00	hpsA_r3m_bn_bi_rho0p25_eps0p05_lr1e4_i40000	r3m_bn_bi	LITE_COMPLETE
2026-08-07T08:43:56+12:00	hpsA_r3m_bn_bi_rho0p25_eps0p05_lr1e4_i40000	r3m_bn_bi	LITE_RUNNING
2026-08-07T08:44:05+12:00	hpsA_r3m_bn_bi_rho0p25_eps0p05_lr1e4_i40000	r3m_bn_bi	LITE_COMPLETE
2026-08-07T08:44:05+12:00	hpsA_r3m_bn_bi_rho0p25_eps0p05_lr1e4_i40000	r3m_bn_bi	LITE_RUNNING
2026-08-07T08:44:14+12:00	hpsA_r3m_bn_bi_rho0p25_eps0p05_lr1e4_i40000	r3m_bn_bi	LITE_COMPLETE
2026-08-07T08:44:14+12:00	hpsA_r3m_bn_bi_rho0p25_eps0p05_lr1e4_i40000	r3m_bn_bi	LITE_RUNNING
2026-08-07T08:44:23+12:00	hpsA_r3m_bn_bi_rho0p25_eps0p05_lr1e4_i40000	r3m_bn_bi	LITE_COMPLETE
2026-08-07T08:44:23+12:00	hpsA_r3m_bn_bi_rho0p25_eps0p05_lr1e4_i40000	r3m_bn_bi	LITE_RUNNING
2026-08-07T08:44:32+12:00	hpsA_r3m_bn_bi_rho0p25_eps0p05_lr1e4_i40000	r3m_bn_bi	LITE_COMPLETE
2026-08-07T08:44:32+12:00	hpsA_r3m_bn_bi_rho0p25_eps0p05_lr1e4_i40000	r3m_bn_bi	LITE_RUNNING
2026-08-07T08:44:41+12:00	hpsA_r3m_bn_bi_rho0p25_eps0p05_lr1e4_i40000	r3m_bn_bi	LITE_COMPLETE
2026-08-07T08:44:41+12:00	hpsA_r3m_bn_bi_rho0p25_eps0p05_lr1e4_i40000	r3m_bn_bi	LITE_RUNNING
2026-08-07T08:44:50+12:00	hpsA_r3m_bn_bi_rho0p25_eps0p05_lr1e4_i40000	r3m_bn_bi	LITE_COMPLETE
2026-08-07T08:44:50+12:00	hpsA_r3m_bn_bi_rho0p25_eps0p05_lr1e4_i40000	r3m_bn_bi	LITE_RUNNING
2026-08-07T08:44:59+12:00	hpsA_r3m_bn_bi_rho0p25_eps0p05_lr1e4_i40000	r3m_bn_bi	LITE_COMPLETE
2026-08-07T08:44:59+12:00	hpsA_r3m_bn_bi_rho0p25_eps0p05_lr1e4_i40000	r3m_bn_bi	LITE_RUNNING
2026-08-07T08:45:08+12:00	hpsA_r3m_bn_bi_rho0p25_eps0p05_lr1e4_i40000	r3m_bn_bi	LITE_COMPLETE
2026-08-07T08:45:08+12:00	hpsA_r3m_bn_bi_rho0p25_eps0p05_lr1e4_i40000	r3m_bn_bi	LITE_RUNNING
2026-08-07T08:45:16+12:00	hpsA_r3m_bn_bi_rho0p25_eps0p05_lr1e4_i40000	r3m_bn_bi	LITE_COMPLETE
2026-08-07T08:45:16+12:00	hpsA_r3m_bn_bi_rho0p25_eps0p05_lr1e4_i40000	r3m_bn_bi	LITE_RUNNING
2026-08-07T08:45:25+12:00	hpsA_r3m_bn_bi_rho0p25_eps0p05_lr1e4_i40000	r3m_bn_bi	LITE_COMPLETE
2026-08-07T08:45:25+12:00	hpsA_r3m_bn_bi_rho0p25_eps0p05_lr1e4_i40000	r3m_bn_bi	LITE_RUNNING
2026-08-07T08:45:34+12:00	hpsA_r3m_bn_bi_rho0p25_eps0p05_lr1e4_i40000	r3m_bn_bi	LITE_COMPLETE
2026-08-07T08:45:34+12:00	hpsA_r3m_bn_bi_rho0p25_eps0p05_lr1e4_i40000	r3m_bn_bi	LITE_RUNNING
2026-08-07T08:45:43+12:00	hpsA_r3m_bn_bi_rho0p25_eps0p05_lr1e4_i40000	r3m_bn_bi	LITE_COMPLETE
2026-08-07T08:45:43+12:00	hpsA_r3m_bn_bi_rho0p25_eps0p05_lr1e4_i40000	r3m_bn_bi	LITE_RUNNING
2026-08-07T08:45:52+12:00	hpsA_r3m_bn_bi_rho0p25_eps0p05_lr1e4_i40000	r3m_bn_bi	LITE_COMPLETE
2026-08-07T08:45:52+12:00	hpsA_r3m_bn_bi_rho0p25_eps0p05_lr1e4_i40000	r3m_bn_bi	LITE_RUNNING
2026-08-07T08:46:01+12:00	hpsA_r3m_bn_bi_rho0p25_eps0p05_lr1e4_i40000	r3m_bn_bi	LITE_COMPLETE
2026-08-07T08:46:01+12:00	hpsA_r3m_bn_bi_rho0p25_eps0p05_lr1e4_i40000	r3m_bn_bi	LITE_RUNNING
2026-08-07T08:46:10+12:00	hpsA_r3m_bn_bi_rho0p25_eps0p05_lr1e4_i40000	r3m_bn_bi	LITE_COMPLETE
2026-08-07T08:46:10+12:00	hpsA_r3m_bn_bi_rho0p25_eps0p05_lr1e4_i40000	r3m_bn_bi	LITE_RUNNING
2026-08-07T08:46:19+12:00	hpsA_r3m_bn_bi_rho0p25_eps0p05_lr1e4_i40000	r3m_bn_bi	LITE_COMPLETE
2026-08-07T08:46:19+12:00	hpsA_r3m_bn_bi_rho0p25_eps0p05_lr1e4_i40000	r3m_bn_bi	LITE_RUNNING
2026-08-07T08:46:28+12:00	hpsA_r3m_bn_bi_rho0p25_eps0p05_lr1e4_i40000	r3m_bn_bi	LITE_COMPLETE
2026-08-07T08:46:28+12:00	hpsA_r3m_bn_bi_rho0p25_eps0p05_lr1e4_i40000	r3m_bn_bi	LITE_RUNNING
2026-08-07T08:46:37+12:00	hpsA_r3m_bn_bi_rho0p25_eps0p05_lr1e4_i40000	r3m_bn_bi	LITE_COMPLETE
2026-08-07T08:46:37+12:00	hpsA_r3m_bn_bi_rho0p25_eps0p05_lr1e4_i40000	r3m_bn_bi	LITE_RUNNING
2026-08-07T08:46:46+12:00	hpsA_r3m_bn_bi_rho0p25_eps0p05_lr1e4_i40000	r3m_bn_bi	LITE_COMPLETE
2026-08-07T08:46:46+12:00	hpsA_r3m_bn_bi_rho0p25_eps0p05_lr1e4_i40000	r3m_bn_bi	LITE_RUNNING
2026-08-07T08:46:54+12:00	hpsA_r3m_bn_bi_rho0p25_eps0p05_lr1e4_i40000	r3m_bn_bi	LITE_COMPLETE
2026-08-07T08:46:54+12:00	hpsA_r3m_bn_bi_rho0p25_eps0p05_lr1e4_i40000	r3m_bn_bi	LITE_RUNNING
2026-08-07T08:47:03+12:00	hpsA_r3m_bn_bi_rho0p25_eps0p05_lr1e4_i40000	r3m_bn_bi	LITE_COMPLETE
2026-08-07T08:47:03+12:00	hpsA_r3m_bn_bi_rho0p25_eps0p05_lr1e4_i40000	r3m_bn_bi	LITE_RUNNING
2026-08-07T08:47:12+12:00	hpsA_r3m_bn_bi_rho0p25_eps0p05_lr1e4_i40000	r3m_bn_bi	LITE_COMPLETE
2026-08-07T08:47:12+12:00	hpsA_r3m_bn_bi_rho0p25_eps0p05_lr1e4_i40000	r3m_bn_bi	LITE_RUNNING
2026-08-07T08:47:21+12:00	hpsA_r3m_bn_bi_rho0p25_eps0p05_lr1e4_i40000	r3m_bn_bi	LITE_COMPLETE
2026-08-07T08:47:21+12:00	hpsA_r3m_bn_bi_rho0p25_eps0p05_lr1e4_i40000	r3m_bn_bi	LITE_RUNNING
2026-08-07T08:47:30+12:00	hpsA_r3m_bn_bi_rho0p25_eps0p05_lr1e4_i40000	r3m_bn_bi	LITE_COMPLETE
2026-08-07T08:47:30+12:00	hpsA_r3m_bn_bi_rho0p25_eps0p05_lr1e4_i40000	r3m_bn_bi	LITE_RUNNING
2026-08-07T08:47:39+12:00	hpsA_r3m_bn_bi_rho0p25_eps0p05_lr1e4_i40000	r3m_bn_bi	LITE_COMPLETE
2026-08-07T08:47:39+12:00	hpsA_r3m_bn_bi_rho0p25_eps0p05_lr1e4_i40000	r3m_bn_bi	LITE_RUNNING
2026-08-07T08:47:48+12:00	hpsA_r3m_bn_bi_rho0p25_eps0p05_lr1e4_i40000	r3m_bn_bi	LITE_COMPLETE
2026-08-07T08:47:48+12:00	hpsA_r3m_bn_bi_rho0p25_eps0p05_lr1e4_i40000	r3m_bn_bi	LITE_RUNNING
2026-08-07T08:47:57+12:00	hpsA_r3m_bn_bi_rho0p25_eps0p05_lr1e4_i40000	r3m_bn_bi	LITE_COMPLETE
2026-08-07T08:47:57+12:00	hpsA_r3m_bn_bi_rho0p25_eps0p05_lr1e4_i40000	r3m_bn_bi	LITE_RUNNING
2026-08-07T08:48:05+12:00	hpsA_r3m_bn_bi_rho0p25_eps0p05_lr1e4_i40000	r3m_bn_bi	LITE_COMPLETE
2026-08-07T08:48:05+12:00	hpsA_r3m_bn_bi_rho0p25_eps0p05_lr1e4_i40000	r3m_bn_bi	LITE_RUNNING
2026-08-07T08:48:14+12:00	hpsA_r3m_bn_bi_rho0p25_eps0p05_lr1e4_i40000	r3m_bn_bi	LITE_COMPLETE
2026-08-07T08:48:14+12:00	hpsA_r3m_bn_bi_rho0p25_eps0p05_lr1e4_i40000	r3m_bn_bi	LITE_RUNNING
2026-08-07T08:48:23+12:00	hpsA_r3m_bn_bi_rho0p25_eps0p05_lr1e4_i40000	r3m_bn_bi	LITE_COMPLETE
2026-08-07T08:48:23+12:00	hpsA_r3m_bn_bi_rho0p25_eps0p05_lr1e4_i40000	r3m_bn_bi	LITE_RUNNING
2026-08-07T08:48:32+12:00	hpsA_r3m_bn_bi_rho0p25_eps0p05_lr1e4_i40000	r3m_bn_bi	LITE_COMPLETE
2026-08-07T08:48:32+12:00	hpsA_r3m_bn_bi_rho0p25_eps0p05_lr1e4_i40000	r3m_bn_bi	LITE_RUNNING
2026-08-07T08:48:41+12:00	hpsA_r3m_bn_bi_rho0p25_eps0p05_lr1e4_i40000	r3m_bn_bi	LITE_COMPLETE
2026-08-07T08:48:41+12:00	hpsA_r3m_bn_bi_rho0p25_eps0p05_lr1e4_i40000	r3m_bn_bi	LITE_RUNNING
2026-08-07T08:48:50+12:00	hpsA_r3m_bn_bi_rho0p25_eps0p05_lr1e4_i40000	r3m_bn_bi	LITE_COMPLETE
2026-08-07T08:48:50+12:00	hpsA_r3m_bn_bi_rho0p25_eps0p05_lr1e4_i40000	r3m_bn_bi	LITE_RUNNING
2026-08-07T08:48:59+12:00	hpsA_r3m_bn_bi_rho0p25_eps0p05_lr1e4_i40000	r3m_bn_bi	LITE_COMPLETE
2026-08-07T08:48:59+12:00	hpsA_r3m_bn_bi_rho0p25_eps0p05_lr1e4_i40000	r3m_bn_bi	LITE_RUNNING
2026-08-07T08:49:08+12:00	hpsA_r3m_bn_bi_rho0p25_eps0p05_lr1e4_i40000	r3m_bn_bi	LITE_COMPLETE
2026-08-07T08:49:08+12:00	hpsA_r3m_bn_bi_rho0p25_eps0p05_lr1e4_i40000	r3m_bn_bi	LITE_RUNNING
2026-08-07T08:49:17+12:00	hpsA_r3m_bn_bi_rho0p25_eps0p05_lr1e4_i40000	r3m_bn_bi	LITE_COMPLETE
2026-08-07T08:49:17+12:00	hpsA_r3m_bn_bi_rho0p25_eps0p05_lr1e4_i40000	r3m_bn_bi	LITE_RUNNING
2026-08-07T08:49:25+12:00	hpsA_r3m_bn_bi_rho0p25_eps0p05_lr1e4_i40000	r3m_bn_bi	LITE_COMPLETE
2026-08-07T08:49:25+12:00	hpsA_r3m_bn_bi_rho0p25_eps0p05_lr1e4_i40000	r3m_bn_bi	LITE_RUNNING
2026-08-07T08:49:34+12:00	hpsA_r3m_bn_bi_rho0p25_eps0p05_lr1e4_i40000	r3m_bn_bi	LITE_COMPLETE
2026-08-07T08:49:34+12:00	hpsA_r3m_bn_bi_rho0p25_eps0p05_lr1e4_i40000	r3m_bn_bi	LITE_RUNNING
2026-08-07T08:49:43+12:00	hpsA_r3m_bn_bi_rho0p25_eps0p05_lr1e4_i40000	r3m_bn_bi	LITE_COMPLETE
2026-08-07T08:49:43+12:00	hpsA_r3m_bn_bi_rho0p25_eps0p05_lr1e4_i40000	r3m_bn_bi	LITE_RUNNING
2026-08-07T08:49:52+12:00	hpsA_r3m_bn_bi_rho0p25_eps0p05_lr1e4_i40000	r3m_bn_bi	LITE_COMPLETE
2026-08-07T08:49:52+12:00	hpsA_r3m_bn_bi_rho0p25_eps0p05_lr1e4_i40000	r3m_bn_bi	LITE_RUNNING
2026-08-07T08:50:01+12:00	hpsA_r3m_bn_bi_rho0p25_eps0p05_lr1e4_i40000	r3m_bn_bi	LITE_COMPLETE
2026-08-07T08:50:01+12:00	hpsA_r3m_bn_bi_rho0p25_eps0p05_lr1e4_i40000	r3m_bn_bi	LITE_RUNNING
2026-08-07T08:50:10+12:00	hpsA_r3m_bn_bi_rho0p25_eps0p05_lr1e4_i40000	r3m_bn_bi	LITE_COMPLETE
2026-08-07T08:50:10+12:00	hpsA_r3m_bn_bi_rho0p25_eps0p05_lr1e4_i40000	r3m_bn_bi	LITE_RUNNING
2026-08-07T08:50:19+12:00	hpsA_r3m_bn_bi_rho0p25_eps0p05_lr1e4_i40000	r3m_bn_bi	LITE_COMPLETE
2026-08-07T08:50:19+12:00	hpsA_r3m_bn_bi_rho0p25_eps0p05_lr1e4_i40000	r3m_bn_bi	LITE_RUNNING
2026-08-07T08:50:28+12:00	hpsA_r3m_bn_bi_rho0p25_eps0p05_lr1e4_i40000	r3m_bn_bi	LITE_COMPLETE
2026-08-07T08:50:28+12:00	hpsA_r3m_bn_bi_rho0p25_eps0p05_lr1e4_i40000	r3m_bn_bi	LITE_RUNNING
2026-08-07T08:50:37+12:00	hpsA_r3m_bn_bi_rho0p25_eps0p05_lr1e4_i40000	r3m_bn_bi	LITE_COMPLETE
2026-08-07T08:50:37+12:00	hpsA_r3m_bn_bi_rho0p25_eps0p05_lr1e4_i40000	r3m_bn_bi	LITE_RUNNING
2026-08-07T08:50:45+12:00	hpsA_r3m_bn_bi_rho0p25_eps0p05_lr1e4_i40000	r3m_bn_bi	LITE_COMPLETE
2026-08-07T08:50:45+12:00	hpsA_r3m_bn_bi_rho0p25_eps0p05_lr1e4_i40000	r3m_bn_bi	LITE_RUNNING
2026-08-07T08:50:54+12:00	hpsA_r3m_bn_bi_rho0p25_eps0p05_lr1e4_i40000	r3m_bn_bi	LITE_COMPLETE
2026-08-07T08:50:54+12:00	hpsA_r3m_bn_bi_rho0p25_eps0p05_lr1e4_i40000	r3m_bn_bi	LITE_RUNNING
2026-08-07T08:51:03+12:00	hpsA_r3m_bn_bi_rho0p25_eps0p05_lr1e4_i40000	r3m_bn_bi	LITE_COMPLETE
2026-08-07T08:51:03+12:00	hpsA_r3m_bn_bi_rho0p25_eps0p05_lr1e4_i40000	r3m_bn_bi	LITE_RUNNING
2026-08-07T08:51:12+12:00	hpsA_r3m_bn_bi_rho0p25_eps0p05_lr1e4_i40000	r3m_bn_bi	LITE_COMPLETE
2026-08-07T08:51:12+12:00	hpsA_r3m_bn_bi_rho0p25_eps0p05_lr1e4_i40000	r3m_bn_bi	LITE_RUNNING
2026-08-07T08:51:21+12:00	hpsA_r3m_bn_bi_rho0p25_eps0p05_lr1e4_i40000	r3m_bn_bi	LITE_COMPLETE
2026-08-07T08:51:21+12:00	hpsA_r3m_bn_bi_rho0p25_eps0p05_lr1e4_i40000	r3m_bn_bi	LITE_RUNNING
2026-08-07T08:51:30+12:00	hpsA_r3m_bn_bi_rho0p25_eps0p05_lr1e4_i40000	r3m_bn_bi	LITE_COMPLETE
2026-08-07T08:51:30+12:00	hpsA_r3m_bn_bi_rho0p25_eps0p05_lr1e4_i40000	r3m_bn_bi	LITE_RUNNING
2026-08-07T08:51:39+12:00	hpsA_r3m_bn_bi_rho0p25_eps0p05_lr1e4_i40000	r3m_bn_bi	LITE_COMPLETE
2026-08-07T08:51:39+12:00	hpsA_r3m_bn_bi_rho0p25_eps0p05_lr1e4_i40000	r3m_bn_bi	LITE_RUNNING
2026-08-07T08:51:48+12:00	hpsA_r3m_bn_bi_rho0p25_eps0p05_lr1e4_i40000	r3m_bn_bi	LITE_COMPLETE
2026-08-07T08:51:48+12:00	hpsA_r3m_bn_bi_rho0p25_eps0p05_lr1e4_i40000	r3m_bn_bi	LITE_RUNNING
2026-08-07T08:51:57+12:00	hpsA_r3m_bn_bi_rho0p25_eps0p05_lr1e4_i40000	r3m_bn_bi	LITE_COMPLETE
2026-08-07T08:51:57+12:00	hpsA_r3m_bn_bi_rho0p25_eps0p05_lr1e4_i40000	r3m_bn_bi	LITE_RUNNING
2026-08-07T08:52:06+12:00	hpsA_r3m_bn_bi_rho0p25_eps0p05_lr1e4_i40000	r3m_bn_bi	LITE_COMPLETE
2026-08-07T08:52:06+12:00	hpsA_r3m_bn_bi_rho0p25_eps0p05_lr1e4_i40000	r3m_bn_bi	LITE_RUNNING
2026-08-07T08:52:14+12:00	hpsA_r3m_bn_bi_rho0p25_eps0p05_lr1e4_i40000	r3m_bn_bi	LITE_COMPLETE
2026-08-07T08:52:14+12:00	hpsA_r3m_bn_bi_rho0p25_eps0p05_lr1e4_i40000	r3m_bn_bi	LITE_RUNNING
2026-08-07T08:52:23+12:00	hpsA_r3m_bn_bi_rho0p25_eps0p05_lr1e4_i40000	r3m_bn_bi	LITE_COMPLETE
2026-08-07T08:52:23+12:00	hpsA_r3m_bn_bi_rho0p25_eps0p05_lr1e4_i40000	r3m_bn_bi	LITE_RUNNING
2026-08-07T08:52:32+12:00	hpsA_r3m_bn_bi_rho0p25_eps0p05_lr1e4_i40000	r3m_bn_bi	LITE_COMPLETE
2026-08-07T08:52:32+12:00	hpsA_r3m_bn_bi_rho0p25_eps0p05_lr1e4_i40000	r3m_bn_bi	LITE_RUNNING
2026-08-07T08:52:41+12:00	hpsA_r3m_bn_bi_rho0p25_eps0p05_lr1e4_i40000	r3m_bn_bi	LITE_COMPLETE
2026-08-07T08:52:41+12:00	hpsA_r3m_bn_bi_rho0p25_eps0p05_lr1e4_i40000	r3m_bn_bi	LITE_RUNNING
2026-08-07T08:52:50+12:00	hpsA_r3m_bn_bi_rho0p25_eps0p05_lr1e4_i40000	r3m_bn_bi	LITE_COMPLETE
2026-08-07T08:52:50+12:00	hpsA_r3m_bn_bi_rho0p25_eps0p05_lr1e4_i40000	r3m_bn_bi	LITE_RUNNING
2026-08-07T08:52:59+12:00	hpsA_r3m_bn_bi_rho0p25_eps0p05_lr1e4_i40000	r3m_bn_bi	LITE_COMPLETE
2026-08-07T08:52:59+12:00	hpsA_r3m_bn_bi_rho0p25_eps0p05_lr1e4_i40000	r3m_bn_bi	LITE_RUNNING
2026-08-07T08:53:08+12:00	hpsA_r3m_bn_bi_rho0p25_eps0p05_lr1e4_i40000	r3m_bn_bi	LITE_COMPLETE
2026-08-07T08:53:08+12:00	hpsA_r3m_bn_bi_rho0p25_eps0p05_lr1e4_i40000	r3m_bn_bi	LITE_RUNNING
2026-08-07T08:53:17+12:00	hpsA_r3m_bn_bi_rho0p25_eps0p05_lr1e4_i40000	r3m_bn_bi	LITE_COMPLETE
2026-08-07T08:53:17+12:00	hpsA_r3m_bn_bi_rho0p25_eps0p05_lr1e4_i40000	r3m_bn_bi	LITE_RUNNING
2026-08-07T08:53:25+12:00	hpsA_r3m_bn_bi_rho0p25_eps0p05_lr1e4_i40000	r3m_bn_bi	LITE_COMPLETE
2026-08-07T08:53:25+12:00	hpsA_r3m_bn_bi_rho0p25_eps0p05_lr1e4_i40000	r3m_bn_bi	LITE_RUNNING
2026-08-07T08:53:34+12:00	hpsA_r3m_bn_bi_rho0p25_eps0p05_lr1e4_i40000	r3m_bn_bi	LITE_COMPLETE
2026-08-07T08:53:34+12:00	hpsA_r3m_bn_bi_rho0p25_eps0p05_lr1e4_i40000	r3m_bn_bi	LITE_RUNNING
2026-08-07T08:53:43+12:00	hpsA_r3m_bn_bi_rho0p25_eps0p05_lr1e4_i40000	r3m_bn_bi	LITE_COMPLETE
2026-08-07T08:53:43+12:00	hpsA_r3m_bn_bi_rho0p25_eps0p05_lr1e4_i40000	r3m_bn_bi	LITE_RUNNING
2026-08-07T08:53:52+12:00	hpsA_r3m_bn_bi_rho0p25_eps0p05_lr1e4_i40000	r3m_bn_bi	LITE_COMPLETE
2026-08-07T08:53:52+12:00	hpsA_r3m_bn_bi_rho0p25_eps0p05_lr1e4_i40000	r3m_bn_bi	LITE_RUNNING
2026-08-07T08:54:01+12:00	hpsA_r3m_bn_bi_rho0p25_eps0p05_lr1e4_i40000	r3m_bn_bi	LITE_COMPLETE
2026-08-07T08:54:01+12:00	hpsA_r3m_bn_bi_rho0p25_eps0p05_lr1e4_i40000	r3m_bn_bi	LITE_RUNNING
2026-08-07T08:54:10+12:00	hpsA_r3m_bn_bi_rho0p25_eps0p05_lr1e4_i40000	r3m_bn_bi	LITE_COMPLETE
2026-08-07T08:54:10+12:00	hpsA_r3m_bn_bi_rho0p25_eps0p05_lr1e4_i40000	r3m_bn_bi	LITE_RUNNING
2026-08-07T08:54:19+12:00	hpsA_r3m_bn_bi_rho0p25_eps0p05_lr1e4_i40000	r3m_bn_bi	LITE_COMPLETE
2026-08-07T08:54:19+12:00	hpsA_r3m_bn_bi_rho0p25_eps0p05_lr1e4_i40000	r3m_bn_bi	LITE_RUNNING
2026-08-07T08:54:28+12:00	hpsA_r3m_bn_bi_rho0p25_eps0p05_lr1e4_i40000	r3m_bn_bi	LITE_COMPLETE
2026-08-07T08:54:28+12:00	hpsA_r3m_bn_bi_rho0p25_eps0p05_lr1e4_i40000	r3m_bn_bi	LITE_RUNNING
2026-08-07T08:54:37+12:00	hpsA_r3m_bn_bi_rho0p25_eps0p05_lr1e4_i40000	r3m_bn_bi	LITE_COMPLETE
2026-08-07T08:54:37+12:00	hpsA_r3m_bn_bi_rho0p25_eps0p05_lr1e4_i40000	r3m_bn_bi	LITE_RUNNING
2026-08-07T08:54:46+12:00	hpsA_r3m_bn_bi_rho0p25_eps0p05_lr1e4_i40000	r3m_bn_bi	LITE_COMPLETE
2026-08-07T08:54:46+12:00	hpsA_r3m_bn_bi_rho0p25_eps0p05_lr1e4_i40000	r3m_bn_bi	LITE_RUNNING
2026-08-07T08:54:55+12:00	hpsA_r3m_bn_bi_rho0p25_eps0p05_lr1e4_i40000	r3m_bn_bi	LITE_COMPLETE
2026-08-07T08:54:55+12:00	hpsA_r3m_bn_bi_rho0p25_eps0p05_lr1e4_i40000	r3m_bn_bi	LITE_RUNNING
2026-08-07T08:55:03+12:00	hpsA_r3m_bn_bi_rho0p25_eps0p05_lr1e4_i40000	r3m_bn_bi	LITE_COMPLETE
2026-08-07T08:55:03+12:00	hpsA_r3m_bn_bi_rho0p25_eps0p05_lr1e4_i40000	r3m_bn_bi	LITE_RUNNING
2026-08-07T08:55:12+12:00	hpsA_r3m_bn_bi_rho0p25_eps0p05_lr1e4_i40000	r3m_bn_bi	LITE_COMPLETE
2026-08-07T08:55:12+12:00	hpsA_r3m_bn_bi_rho0p25_eps0p05_lr1e4_i40000	r3m_bn_bi	LITE_RUNNING
2026-08-07T08:55:21+12:00	hpsA_r3m_bn_bi_rho0p25_eps0p05_lr1e4_i40000	r3m_bn_bi	LITE_COMPLETE
2026-08-07T08:55:21+12:00	hpsA_r3m_bn_bi_rho0p25_eps0p05_lr1e4_i40000	r3m_bn_bi	LITE_RUNNING
2026-08-07T08:55:30+12:00	hpsA_r3m_bn_bi_rho0p25_eps0p05_lr1e4_i40000	r3m_bn_bi	LITE_COMPLETE
2026-08-07T08:55:30+12:00	hpsA_r3m_bn_bi_rho0p25_eps0p05_lr1e4_i40000	r3m_bn_bi	LITE_RUNNING
2026-08-07T08:55:39+12:00	hpsA_r3m_bn_bi_rho0p25_eps0p05_lr1e4_i40000	r3m_bn_bi	LITE_COMPLETE
2026-08-07T08:55:39+12:00	hpsA_r3m_bn_bi_rho0p25_eps0p05_lr1e4_i40000	r3m_bn_bi	LITE_RUNNING
2026-08-07T08:55:48+12:00	hpsA_r3m_bn_bi_rho0p25_eps0p05_lr1e4_i40000	r3m_bn_bi	LITE_COMPLETE
2026-08-07T08:55:48+12:00	hpsA_r3m_bn_bi_rho0p25_eps0p05_lr1e4_i40000	r3m_bn_bi	LITE_RUNNING
2026-08-07T08:55:57+12:00	hpsA_r3m_bn_bi_rho0p25_eps0p05_lr1e4_i40000	r3m_bn_bi	LITE_COMPLETE
2026-08-07T08:55:57+12:00	hpsA_r3m_bn_bi_rho0p25_eps0p05_lr1e4_i40000	r3m_bn_bi	LITE_RUNNING
2026-08-07T08:56:06+12:00	hpsA_r3m_bn_bi_rho0p25_eps0p05_lr1e4_i40000	r3m_bn_bi	LITE_COMPLETE
2026-08-07T08:56:06+12:00	hpsA_r3m_bn_bi_rho0p25_eps0p05_lr1e4_i40000	r3m_bn_bi	LITE_RUNNING
2026-08-07T08:56:14+12:00	hpsA_r3m_bn_bi_rho0p25_eps0p05_lr1e4_i40000	r3m_bn_bi	LITE_COMPLETE
2026-08-07T08:56:14+12:00	hpsA_r3m_bn_bi_rho0p25_eps0p05_lr1e4_i40000	r3m_bn_bi	LITE_RUNNING
2026-08-07T08:56:23+12:00	hpsA_r3m_bn_bi_rho0p25_eps0p05_lr1e4_i40000	r3m_bn_bi	LITE_COMPLETE
2026-08-07T08:56:23+12:00	hpsA_r3m_bn_bi_rho0p25_eps0p05_lr1e4_i40000	r3m_bn_bi	LITE_RUNNING
2026-08-07T08:56:32+12:00	hpsA_r3m_bn_bi_rho0p25_eps0p05_lr1e4_i40000	r3m_bn_bi	LITE_COMPLETE
2026-08-07T08:56:32+12:00	hpsA_r3m_bn_bi_rho0p25_eps0p05_lr1e4_i40000	r3m_bn_bi	LITE_RUNNING
2026-08-07T08:56:41+12:00	hpsA_r3m_bn_bi_rho0p25_eps0p05_lr1e4_i40000	r3m_bn_bi	LITE_COMPLETE
2026-08-07T08:56:41+12:00	hpsA_r3m_bn_bi_rho0p25_eps0p05_lr1e4_i40000	r3m_bn_bi	LITE_RUNNING
2026-08-07T08:56:50+12:00	hpsA_r3m_bn_bi_rho0p25_eps0p05_lr1e4_i40000	r3m_bn_bi	LITE_COMPLETE
2026-08-07T08:56:50+12:00	hpsA_r3m_bn_bi_rho0p25_eps0p05_lr1e4_i40000	r3m_bn_bi	LITE_RUNNING
2026-08-07T08:56:59+12:00	hpsA_r3m_bn_bi_rho0p25_eps0p05_lr1e4_i40000	r3m_bn_bi	LITE_COMPLETE
2026-08-07T08:56:59+12:00	hpsA_r3m_bn_bi_rho0p25_eps0p05_lr1e4_i40000	r3m_bn_bi	LITE_RUNNING
2026-08-07T08:57:08+12:00	hpsA_r3m_bn_bi_rho0p25_eps0p05_lr1e4_i40000	r3m_bn_bi	LITE_COMPLETE
2026-08-07T08:57:08+12:00	hpsA_r3m_bn_bi_rho0p25_eps0p05_lr1e4_i40000	r3m_bn_bi	LITE_RUNNING
2026-08-07T08:57:17+12:00	hpsA_r3m_bn_bi_rho0p25_eps0p05_lr1e4_i40000	r3m_bn_bi	LITE_COMPLETE
2026-08-07T08:57:17+12:00	hpsA_r3m_bn_bi_rho0p25_eps0p05_lr1e4_i40000	r3m_bn_bi	LITE_RUNNING
2026-08-07T08:57:25+12:00	hpsA_r3m_bn_bi_rho0p25_eps0p05_lr1e4_i40000	r3m_bn_bi	LITE_COMPLETE
2026-08-07T08:57:25+12:00	hpsA_r3m_bn_bi_rho0p25_eps0p05_lr1e4_i40000	r3m_bn_bi	LITE_RUNNING
2026-08-07T08:57:34+12:00	hpsA_r3m_bn_bi_rho0p25_eps0p05_lr1e4_i40000	r3m_bn_bi	LITE_COMPLETE
2026-08-07T08:57:34+12:00	hpsA_r3m_bn_bi_rho0p25_eps0p05_lr1e4_i40000	r3m_bn_bi	LITE_RUNNING
2026-08-07T08:57:43+12:00	hpsA_r3m_bn_bi_rho0p25_eps0p05_lr1e4_i40000	r3m_bn_bi	LITE_COMPLETE
2026-08-07T08:57:43+12:00	hpsA_r3m_bn_bi_rho0p25_eps0p05_lr1e4_i40000	r3m_bn_bi	LITE_RUNNING
2026-08-07T08:57:52+12:00	hpsA_r3m_bn_bi_rho0p25_eps0p05_lr1e4_i40000	r3m_bn_bi	LITE_COMPLETE
2026-08-07T08:57:52+12:00	hpsA_r3m_bn_bi_rho0p25_eps0p05_lr1e4_i40000	r3m_bn_bi	LITE_RUNNING
2026-08-07T08:58:01+12:00	hpsA_r3m_bn_bi_rho0p25_eps0p05_lr1e4_i40000	r3m_bn_bi	LITE_COMPLETE
2026-08-07T08:58:01+12:00	hpsA_r3m_bn_bi_rho0p25_eps0p05_lr1e4_i40000	r3m_bn_bi	LITE_RUNNING
2026-08-07T08:58:10+12:00	hpsA_r3m_bn_bi_rho0p25_eps0p05_lr1e4_i40000	r3m_bn_bi	LITE_COMPLETE
2026-08-07T08:58:10+12:00	hpsA_r3m_bn_bi_rho0p25_eps0p05_lr1e4_i40000	r3m_bn_bi	LITE_RUNNING
2026-08-07T08:58:19+12:00	hpsA_r3m_bn_bi_rho0p25_eps0p05_lr1e4_i40000	r3m_bn_bi	LITE_COMPLETE
2026-08-07T08:58:19+12:00	hpsA_r3m_bn_bi_rho0p25_eps0p05_lr1e4_i40000	r3m_bn_bi	LITE_RUNNING
2026-08-07T08:58:28+12:00	hpsA_r3m_bn_bi_rho0p25_eps0p05_lr1e4_i40000	r3m_bn_bi	LITE_COMPLETE
2026-08-07T08:58:28+12:00	hpsA_r3m_bn_bi_rho0p25_eps0p05_lr1e4_i40000	r3m_bn_bi	LITE_RUNNING
2026-08-07T08:58:37+12:00	hpsA_r3m_bn_bi_rho0p25_eps0p05_lr1e4_i40000	r3m_bn_bi	LITE_COMPLETE
2026-08-07T08:58:37+12:00	hpsA_r3m_bn_bi_rho0p25_eps0p05_lr1e4_i40000	r3m_bn_bi	LITE_RUNNING
2026-08-07T08:58:46+12:00	hpsA_r3m_bn_bi_rho0p25_eps0p05_lr1e4_i40000	r3m_bn_bi	LITE_COMPLETE
2026-08-07T08:58:46+12:00	hpsA_r3m_bn_bi_rho0p25_eps0p05_lr1e4_i40000	r3m_bn_bi	LITE_RUNNING
2026-08-07T08:58:55+12:00	hpsA_r3m_bn_bi_rho0p25_eps0p05_lr1e4_i40000	r3m_bn_bi	LITE_COMPLETE
2026-08-07T08:58:55+12:00	hpsA_r3m_bn_bi_rho0p25_eps0p05_lr1e4_i40000	r3m_bn_bi	LITE_RUNNING
2026-08-07T08:59:03+12:00	hpsA_r3m_bn_bi_rho0p25_eps0p05_lr1e4_i40000	r3m_bn_bi	LITE_COMPLETE
2026-08-07T08:59:03+12:00	hpsA_r3m_bn_bi_rho0p25_eps0p05_lr1e4_i40000	r3m_bn_bi	LITE_RUNNING
2026-08-07T08:59:12+12:00	hpsA_r3m_bn_bi_rho0p25_eps0p05_lr1e4_i40000	r3m_bn_bi	LITE_COMPLETE
2026-08-07T08:59:12+12:00	hpsA_r3m_bn_bi_rho0p25_eps0p05_lr1e4_i40000	r3m_bn_bi	LITE_RUNNING
2026-08-07T08:59:21+12:00	hpsA_r3m_bn_bi_rho0p25_eps0p05_lr1e4_i40000	r3m_bn_bi	LITE_COMPLETE
2026-08-07T08:59:21+12:00	hpsA_r3m_bn_bi_rho0p25_eps0p05_lr1e4_i40000	r3m_bn_bi	LITE_RUNNING
2026-08-07T08:59:30+12:00	hpsA_r3m_bn_bi_rho0p25_eps0p05_lr1e4_i40000	r3m_bn_bi	LITE_COMPLETE
2026-08-07T08:59:30+12:00	hpsA_r3m_bn_bi_rho0p25_eps0p05_lr1e4_i40000	r3m_bn_bi	LITE_RUNNING
2026-08-07T08:59:39+12:00	hpsA_r3m_bn_bi_rho0p25_eps0p05_lr1e4_i40000	r3m_bn_bi	LITE_COMPLETE
2026-08-07T08:59:39+12:00	hpsA_r3m_bn_bi_rho0p25_eps0p05_lr1e4_i40000	r3m_bn_bi	LITE_RUNNING
2026-08-07T08:59:48+12:00	hpsA_r3m_bn_bi_rho0p25_eps0p05_lr1e4_i40000	r3m_bn_bi	LITE_COMPLETE
2026-08-07T08:59:48+12:00	hpsA_r3m_bn_bi_rho0p25_eps0p05_lr1e4_i40000	r3m_bn_bi	LITE_RUNNING
2026-08-07T08:59:57+12:00	hpsA_r3m_bn_bi_rho0p25_eps0p05_lr1e4_i40000	r3m_bn_bi	LITE_COMPLETE
2026-08-07T08:59:57+12:00	hpsA_r3m_bn_bi_rho0p25_eps0p05_lr1e4_i40000	r3m_bn_bi	LITE_RUNNING
2026-08-07T09:00:06+12:00	hpsA_r3m_bn_bi_rho0p25_eps0p05_lr1e4_i40000	r3m_bn_bi	LITE_COMPLETE
2026-08-07T09:00:06+12:00	hpsA_r3m_bn_bi_rho0p25_eps0p05_lr1e4_i40000	r3m_bn_bi	LITE_RUNNING
2026-08-07T09:00:14+12:00	hpsA_r3m_bn_bi_rho0p25_eps0p05_lr1e4_i40000	r3m_bn_bi	LITE_COMPLETE
2026-08-07T09:00:14+12:00	hpsA_r3m_bn_bi_rho0p25_eps0p05_lr1e4_i40000	r3m_bn_bi	LITE_RUNNING
2026-08-07T09:00:23+12:00	hpsA_r3m_bn_bi_rho0p25_eps0p05_lr1e4_i40000	r3m_bn_bi	LITE_COMPLETE
2026-08-07T09:00:23+12:00	hpsA_r3m_bn_bi_rho0p25_eps0p05_lr1e4_i40000	r3m_bn_bi	LITE_RUNNING
2026-08-07T09:00:32+12:00	hpsA_r3m_bn_bi_rho0p25_eps0p05_lr1e4_i40000	r3m_bn_bi	LITE_COMPLETE
2026-08-07T09:00:32+12:00	hpsA_r3m_bn_bi_rho0p25_eps0p05_lr1e4_i40000	r3m_bn_bi	LITE_RUNNING
2026-08-07T09:00:41+12:00	hpsA_r3m_bn_bi_rho0p25_eps0p05_lr1e4_i40000	r3m_bn_bi	LITE_COMPLETE
2026-08-07T09:00:41+12:00	hpsA_r3m_bn_bi_rho0p25_eps0p05_lr1e4_i40000	r3m_bn_bi	LITE_RUNNING
2026-08-07T09:00:50+12:00	hpsA_r3m_bn_bi_rho0p25_eps0p05_lr1e4_i40000	r3m_bn_bi	LITE_COMPLETE
2026-08-07T09:00:50+12:00	hpsA_r3m_bn_bi_rho0p25_eps0p05_lr1e4_i40000	r3m_bn_bi	LITE_RUNNING
2026-08-07T09:00:59+12:00	hpsA_r3m_bn_bi_rho0p25_eps0p05_lr1e4_i40000	r3m_bn_bi	LITE_COMPLETE
2026-08-07T09:00:59+12:00	hpsA_r3m_bn_bi_rho0p25_eps0p05_lr1e4_i40000	r3m_bn_bi	LITE_RUNNING
2026-08-07T09:01:08+12:00	hpsA_r3m_bn_bi_rho0p25_eps0p05_lr1e4_i40000	r3m_bn_bi	LITE_COMPLETE
2026-08-07T09:01:08+12:00	hpsA_r3m_bn_bi_rho0p25_eps0p05_lr1e4_i40000	r3m_bn_bi	LITE_RUNNING
2026-08-07T09:01:17+12:00	hpsA_r3m_bn_bi_rho0p25_eps0p05_lr1e4_i40000	r3m_bn_bi	LITE_COMPLETE
2026-08-07T09:01:17+12:00	hpsA_r3m_bn_bi_rho0p25_eps0p05_lr1e4_i40000	r3m_bn_bi	LITE_RUNNING
2026-08-07T09:01:26+12:00	hpsA_r3m_bn_bi_rho0p25_eps0p05_lr1e4_i40000	r3m_bn_bi	LITE_COMPLETE
2026-08-07T09:01:26+12:00	hpsA_r3m_bn_bi_rho0p25_eps0p05_lr1e4_i40000	r3m_bn_bi	LITE_RUNNING
2026-08-07T09:01:35+12:00	hpsA_r3m_bn_bi_rho0p25_eps0p05_lr1e4_i40000	r3m_bn_bi	LITE_COMPLETE
2026-08-07T09:01:35+12:00	hpsA_r3m_bn_bi_rho0p25_eps0p05_lr1e4_i40000	r3m_bn_bi	LITE_RUNNING
2026-08-07T09:01:43+12:00	hpsA_r3m_bn_bi_rho0p25_eps0p05_lr1e4_i40000	r3m_bn_bi	LITE_COMPLETE
2026-08-07T09:01:43+12:00	hpsA_r3m_bn_bi_rho0p25_eps0p05_lr1e4_i40000	r3m_bn_bi	LITE_RUNNING
2026-08-07T09:01:52+12:00	hpsA_r3m_bn_bi_rho0p25_eps0p05_lr1e4_i40000	r3m_bn_bi	LITE_COMPLETE
2026-08-07T09:01:52+12:00	hpsA_r3m_bn_bi_rho0p25_eps0p05_lr1e4_i40000	r3m_bn_bi	LITE_RUNNING
2026-08-07T09:02:01+12:00	hpsA_r3m_bn_bi_rho0p25_eps0p05_lr1e4_i40000	r3m_bn_bi	LITE_COMPLETE
2026-08-07T09:02:01+12:00	hpsA_r3m_bn_bi_rho0p25_eps0p05_lr1e4_i40000	r3m_bn_bi	LITE_RUNNING
2026-08-07T09:02:10+12:00	hpsA_r3m_bn_bi_rho0p25_eps0p05_lr1e4_i40000	r3m_bn_bi	LITE_COMPLETE
2026-08-07T09:02:10+12:00	hpsA_r3m_bn_bi_rho0p25_eps0p05_lr1e4_i40000	r3m_bn_bi	LITE_RUNNING
2026-08-07T09:02:19+12:00	hpsA_r3m_bn_bi_rho0p25_eps0p05_lr1e4_i40000	r3m_bn_bi	LITE_COMPLETE
2026-08-07T09:02:19+12:00	hpsA_r3m_bn_bi_rho0p25_eps0p05_lr1e4_i40000	r3m_bn_bi	LITE_RUNNING
2026-08-07T09:02:28+12:00	hpsA_r3m_bn_bi_rho0p25_eps0p05_lr1e4_i40000	r3m_bn_bi	LITE_COMPLETE
2026-08-07T09:02:28+12:00	hpsA_r3m_bn_bi_rho0p25_eps0p05_lr1e4_i40000	r3m_bn_bi	LITE_RUNNING
2026-08-07T09:02:37+12:00	hpsA_r3m_bn_bi_rho0p25_eps0p05_lr1e4_i40000	r3m_bn_bi	LITE_COMPLETE
2026-08-07T09:02:37+12:00	hpsA_r3m_bn_bi_rho0p25_eps0p05_lr1e4_i40000	r3m_bn_bi	LITE_RUNNING
2026-08-07T09:02:46+12:00	hpsA_r3m_bn_bi_rho0p25_eps0p05_lr1e4_i40000	r3m_bn_bi	LITE_COMPLETE
2026-08-07T09:02:46+12:00	hpsA_r3m_bn_bi_rho0p25_eps0p05_lr1e4_i40000	r3m_bn_bi	LITE_RUNNING
2026-08-07T09:02:55+12:00	hpsA_r3m_bn_bi_rho0p25_eps0p05_lr1e4_i40000	r3m_bn_bi	LITE_COMPLETE
2026-08-07T09:02:55+12:00	hpsA_r3m_bn_bi_rho0p25_eps0p05_lr1e4_i40000	r3m_bn_bi	LITE_RUNNING
2026-08-07T09:03:04+12:00	hpsA_r3m_bn_bi_rho0p25_eps0p05_lr1e4_i40000	r3m_bn_bi	LITE_COMPLETE
2026-08-07T09:03:04+12:00	hpsA_r3m_bn_bi_rho0p25_eps0p05_lr1e4_i40000	r3m_bn_bi	LITE_RUNNING
2026-08-07T09:03:13+12:00	hpsA_r3m_bn_bi_rho0p25_eps0p05_lr1e4_i40000	r3m_bn_bi	LITE_COMPLETE
2026-08-07T09:03:13+12:00	hpsA_r3m_bn_bi_rho0p25_eps0p05_lr1e4_i40000	r3m_bn_bi	LITE_RUNNING
2026-08-07T09:03:21+12:00	hpsA_r3m_bn_bi_rho0p25_eps0p05_lr1e4_i40000	r3m_bn_bi	LITE_COMPLETE
2026-08-07T09:03:21+12:00	hpsA_r3m_bn_bi_rho0p25_eps0p05_lr1e4_i40000	r3m_bn_bi	LITE_RUNNING
2026-08-07T09:03:30+12:00	hpsA_r3m_bn_bi_rho0p25_eps0p05_lr1e4_i40000	r3m_bn_bi	LITE_COMPLETE
2026-08-07T09:03:30+12:00	hpsA_r3m_bn_bi_rho0p25_eps0p05_lr1e4_i40000	r3m_bn_bi	LITE_RUNNING
2026-08-07T09:03:39+12:00	hpsA_r3m_bn_bi_rho0p25_eps0p05_lr1e4_i40000	r3m_bn_bi	LITE_COMPLETE
2026-08-07T09:03:39+12:00	hpsA_r3m_bn_bi_rho0p25_eps0p05_lr1e4_i40000	r3m_bn_bi	LITE_RUNNING
2026-08-07T09:03:48+12:00	hpsA_r3m_bn_bi_rho0p25_eps0p05_lr1e4_i40000	r3m_bn_bi	LITE_COMPLETE
2026-08-07T09:03:48+12:00	hpsA_r3m_bn_bi_rho0p25_eps0p05_lr1e4_i40000	r3m_bn_bi	LITE_RUNNING
2026-08-07T09:03:57+12:00	hpsA_r3m_bn_bi_rho0p25_eps0p05_lr1e4_i40000	r3m_bn_bi	LITE_COMPLETE
2026-08-07T09:03:57+12:00	hpsA_r3m_bn_bi_rho0p25_eps0p05_lr1e4_i40000	r3m_bn_bi	LITE_RUNNING
2026-08-07T09:04:06+12:00	hpsA_r3m_bn_bi_rho0p25_eps0p05_lr1e4_i40000	r3m_bn_bi	LITE_COMPLETE
2026-08-07T09:04:06+12:00	hpsA_r3m_bn_bi_rho0p25_eps0p05_lr1e4_i40000	r3m_bn_bi	LITE_RUNNING
2026-08-07T09:04:15+12:00	hpsA_r3m_bn_bi_rho0p25_eps0p05_lr1e4_i40000	r3m_bn_bi	LITE_COMPLETE
2026-08-07T09:04:15+12:00	hpsA_r3m_bn_bi_rho0p25_eps0p05_lr1e4_i40000	r3m_bn_bi	LITE_RUNNING
2026-08-07T09:04:24+12:00	hpsA_r3m_bn_bi_rho0p25_eps0p05_lr1e4_i40000	r3m_bn_bi	LITE_COMPLETE
2026-08-07T09:04:24+12:00	hpsA_r3m_bn_bi_rho0p25_eps0p05_lr1e4_i40000	r3m_bn_bi	LITE_RUNNING
2026-08-07T09:04:32+12:00	hpsA_r3m_bn_bi_rho0p25_eps0p05_lr1e4_i40000	r3m_bn_bi	LITE_COMPLETE
2026-08-07T09:04:32+12:00	hpsA_r3m_bn_bi_rho0p25_eps0p05_lr1e4_i40000	r3m_bn_bi	LITE_RUNNING
2026-08-07T09:04:41+12:00	hpsA_r3m_bn_bi_rho0p25_eps0p05_lr1e4_i40000	r3m_bn_bi	LITE_COMPLETE
2026-08-07T09:04:41+12:00	hpsA_r3m_bn_bi_rho0p25_eps0p05_lr1e4_i40000	r3m_bn_bi	LITE_RUNNING
2026-08-07T09:04:50+12:00	hpsA_r3m_bn_bi_rho0p25_eps0p05_lr1e4_i40000	r3m_bn_bi	LITE_COMPLETE
2026-08-07T09:04:50+12:00	hpsA_r3m_bn_bi_rho0p25_eps0p05_lr1e4_i40000	r3m_bn_bi	LITE_RUNNING
2026-08-07T09:04:59+12:00	hpsA_r3m_bn_bi_rho0p25_eps0p05_lr1e4_i40000	r3m_bn_bi	LITE_COMPLETE
2026-08-07T09:04:59+12:00	hpsA_r3m_bn_bi_rho0p25_eps0p05_lr1e4_i40000	r3m_bn_bi	LITE_RUNNING
2026-08-07T09:05:08+12:00	hpsA_r3m_bn_bi_rho0p25_eps0p05_lr1e4_i40000	r3m_bn_bi	LITE_COMPLETE
2026-08-07T09:05:08+12:00	hpsA_r3m_bn_bi_rho0p25_eps0p05_lr1e4_i40000	r3m_bn_bi	LITE_RUNNING
2026-08-07T09:05:17+12:00	hpsA_r3m_bn_bi_rho0p25_eps0p05_lr1e4_i40000	r3m_bn_bi	LITE_COMPLETE
2026-08-07T09:05:17+12:00	hpsA_r3m_bn_bi_rho0p25_eps0p05_lr1e4_i40000	r3m_bn_bi	LITE_RUNNING
2026-08-07T09:05:26+12:00	hpsA_r3m_bn_bi_rho0p25_eps0p05_lr1e4_i40000	r3m_bn_bi	LITE_COMPLETE
2026-08-07T09:05:26+12:00	hpsA_r3m_bn_bi_rho0p25_eps0p05_lr1e4_i40000	r3m_bn_bi	LITE_RUNNING
2026-08-07T09:05:35+12:00	hpsA_r3m_bn_bi_rho0p25_eps0p05_lr1e4_i40000	r3m_bn_bi	LITE_COMPLETE
2026-08-07T09:05:35+12:00	hpsA_r3m_bn_bi_rho0p25_eps0p05_lr1e4_i40000	r3m_bn_bi	LITE_RUNNING
2026-08-07T09:05:44+12:00	hpsA_r3m_bn_bi_rho0p25_eps0p05_lr1e4_i40000	r3m_bn_bi	LITE_COMPLETE
2026-08-07T09:05:44+12:00	hpsA_r3m_bn_bi_rho0p25_eps0p05_lr1e4_i40000	r3m_bn_bi	LITE_RUNNING
2026-08-07T09:05:53+12:00	hpsA_r3m_bn_bi_rho0p25_eps0p05_lr1e4_i40000	r3m_bn_bi	LITE_COMPLETE
2026-08-07T09:05:53+12:00	hpsA_r3m_bn_bi_rho0p25_eps0p05_lr1e4_i40000	r3m_bn_bi	LITE_RUNNING
2026-08-07T09:06:02+12:00	hpsA_r3m_bn_bi_rho0p25_eps0p05_lr1e4_i40000	r3m_bn_bi	LITE_COMPLETE
2026-08-07T09:06:02+12:00	hpsA_r3m_bn_bi_rho0p25_eps0p05_lr1e4_i40000	r3m_bn_bi	LITE_RUNNING
2026-08-07T09:06:11+12:00	hpsA_r3m_bn_bi_rho0p25_eps0p05_lr1e4_i40000	r3m_bn_bi	LITE_COMPLETE
2026-08-07T09:06:11+12:00	hpsA_r3m_bn_bi_rho0p25_eps0p05_lr1e4_i40000	r3m_bn_bi	LITE_RUNNING
2026-08-07T09:06:20+12:00	hpsA_r3m_bn_bi_rho0p25_eps0p05_lr1e4_i40000	r3m_bn_bi	LITE_COMPLETE
2026-08-07T09:06:20+12:00	hpsA_r3m_bn_bi_rho0p25_eps0p05_lr1e4_i40000	r3m_bn_bi	LITE_RUNNING
2026-08-07T09:06:28+12:00	hpsA_r3m_bn_bi_rho0p25_eps0p05_lr1e4_i40000	r3m_bn_bi	LITE_COMPLETE
2026-08-07T09:06:28+12:00	hpsA_r3m_bn_bi_rho0p25_eps0p05_lr1e4_i40000	r3m_bn_bi	LITE_RUNNING
2026-08-07T09:06:37+12:00	hpsA_r3m_bn_bi_rho0p25_eps0p05_lr1e4_i40000	r3m_bn_bi	LITE_COMPLETE
2026-08-07T09:06:37+12:00	hpsA_r3m_bn_bi_rho0p25_eps0p05_lr1e4_i40000	r3m_bn_bi	LITE_RUNNING
2026-08-07T09:06:46+12:00	hpsA_r3m_bn_bi_rho0p25_eps0p05_lr1e4_i40000	r3m_bn_bi	LITE_COMPLETE
2026-08-07T09:06:46+12:00	hpsA_r3m_bn_bi_rho0p25_eps0p05_lr1e4_i40000	r3m_bn_bi	LITE_RUNNING
2026-08-07T09:06:55+12:00	hpsA_r3m_bn_bi_rho0p25_eps0p05_lr1e4_i40000	r3m_bn_bi	LITE_COMPLETE
2026-08-07T09:06:55+12:00	hpsA_r3m_bn_bi_rho0p25_eps0p05_lr1e4_i40000	r3m_bn_bi	LITE_RUNNING
2026-08-07T09:07:04+12:00	hpsA_r3m_bn_bi_rho0p25_eps0p05_lr1e4_i40000	r3m_bn_bi	LITE_COMPLETE
2026-08-07T09:07:04+12:00	hpsA_r3m_bn_bi_rho0p25_eps0p05_lr1e4_i40000	r3m_bn_bi	LITE_RUNNING
2026-08-07T09:07:13+12:00	hpsA_r3m_bn_bi_rho0p25_eps0p05_lr1e4_i40000	r3m_bn_bi	LITE_COMPLETE
2026-08-07T09:07:13+12:00	hpsA_r3m_bn_bi_rho0p25_eps0p05_lr1e4_i40000	r3m_bn_bi	LITE_RUNNING
2026-08-07T09:07:22+12:00	hpsA_r3m_bn_bi_rho0p25_eps0p05_lr1e4_i40000	r3m_bn_bi	LITE_COMPLETE
2026-08-07T09:07:22+12:00	hpsA_r3m_bn_bi_rho0p25_eps0p05_lr1e4_i40000	r3m_bn_bi	LITE_RUNNING
2026-08-07T09:07:30+12:00	hpsA_r3m_bn_bi_rho0p25_eps0p05_lr1e4_i40000	r3m_bn_bi	LITE_COMPLETE
2026-08-07T09:07:30+12:00	hpsA_r3m_bn_bi_rho0p25_eps0p05_lr1e4_i40000	r3m_bn_bi	LITE_RUNNING
2026-08-07T09:07:39+12:00	hpsA_r3m_bn_bi_rho0p25_eps0p05_lr1e4_i40000	r3m_bn_bi	LITE_COMPLETE
2026-08-07T09:07:39+12:00	hpsA_r3m_bn_bi_rho0p25_eps0p05_lr1e4_i40000	r3m_bn_bi	LITE_RUNNING
2026-08-07T09:07:48+12:00	hpsA_r3m_bn_bi_rho0p25_eps0p05_lr1e4_i40000	r3m_bn_bi	LITE_COMPLETE
2026-08-07T09:07:48+12:00	hpsA_r3m_bn_bi_rho0p25_eps0p05_lr1e4_i40000	r3m_bn_bi	LITE_RUNNING
2026-08-07T09:07:57+12:00	hpsA_r3m_bn_bi_rho0p25_eps0p05_lr1e4_i40000	r3m_bn_bi	LITE_COMPLETE
2026-08-07T09:07:57+12:00	hpsA_r3m_bn_bi_rho0p25_eps0p05_lr1e4_i40000	r3m_bn_bi	LITE_RUNNING
2026-08-07T09:08:06+12:00	hpsA_r3m_bn_bi_rho0p25_eps0p05_lr1e4_i40000	r3m_bn_bi	LITE_COMPLETE
2026-08-07T09:08:06+12:00	hpsA_r3m_bn_bi_rho0p25_eps0p05_lr1e4_i40000	r3m_bn_bi	LITE_RUNNING
2026-08-07T09:08:15+12:00	hpsA_r3m_bn_bi_rho0p25_eps0p05_lr1e4_i40000	r3m_bn_bi	LITE_COMPLETE
2026-08-07T09:08:15+12:00	hpsA_r3m_bn_bi_rho0p25_eps0p05_lr1e4_i40000	r3m_bn_bi	LITE_RUNNING
2026-08-07T09:08:24+12:00	hpsA_r3m_bn_bi_rho0p25_eps0p05_lr1e4_i40000	r3m_bn_bi	LITE_COMPLETE
2026-08-07T09:08:24+12:00	hpsA_r3m_bn_bi_rho0p25_eps0p05_lr1e4_i40000	r3m_bn_bi	LITE_RUNNING
2026-08-07T09:08:33+12:00	hpsA_r3m_bn_bi_rho0p25_eps0p05_lr1e4_i40000	r3m_bn_bi	LITE_COMPLETE
2026-08-07T09:08:33+12:00	hpsA_r3m_bn_bi_rho0p25_eps0p05_lr1e4_i40000	r3m_bn_bi	LITE_RUNNING
2026-08-07T09:08:42+12:00	hpsA_r3m_bn_bi_rho0p25_eps0p05_lr1e4_i40000	r3m_bn_bi	LITE_COMPLETE
2026-08-07T09:08:42+12:00	hpsA_r3m_bn_bi_rho0p25_eps0p05_lr1e4_i40000	r3m_bn_bi	LITE_RUNNING
2026-08-07T09:08:50+12:00	hpsA_r3m_bn_bi_rho0p25_eps0p05_lr1e4_i40000	r3m_bn_bi	LITE_COMPLETE
2026-08-07T09:08:50+12:00	hpsA_r3m_bn_bi_rho0p25_eps0p05_lr1e4_i40000	r3m_bn_bi	LITE_RUNNING
2026-08-07T09:08:59+12:00	hpsA_r3m_bn_bi_rho0p25_eps0p05_lr1e4_i40000	r3m_bn_bi	LITE_COMPLETE
2026-08-07T09:08:59+12:00	hpsA_r3m_bn_bi_rho0p25_eps0p05_lr1e4_i40000	r3m_bn_bi	LITE_RUNNING
2026-08-07T09:09:08+12:00	hpsA_r3m_bn_bi_rho0p25_eps0p05_lr1e4_i40000	r3m_bn_bi	LITE_COMPLETE
2026-08-07T09:09:08+12:00	hpsA_r3m_bn_bi_rho0p25_eps0p05_lr1e4_i40000	r3m_bn_bi	LITE_RUNNING
2026-08-07T09:09:17+12:00	hpsA_r3m_bn_bi_rho0p25_eps0p05_lr1e4_i40000	r3m_bn_bi	LITE_COMPLETE
2026-08-07T09:09:17+12:00	hpsA_r3m_bn_bi_rho0p25_eps0p05_lr1e4_i40000	r3m_bn_bi	LITE_RUNNING
2026-08-07T09:09:26+12:00	hpsA_r3m_bn_bi_rho0p25_eps0p05_lr1e4_i40000	r3m_bn_bi	LITE_COMPLETE
2026-08-07T09:09:26+12:00	hpsA_r3m_bn_bi_rho0p25_eps0p05_lr1e4_i40000	r3m_bn_bi	LITE_RUNNING
2026-08-07T09:09:35+12:00	hpsA_r3m_bn_bi_rho0p25_eps0p05_lr1e4_i40000	r3m_bn_bi	LITE_COMPLETE
2026-08-07T09:09:35+12:00	hpsA_r3m_bn_bi_rho0p25_eps0p05_lr1e4_i40000	r3m_bn_bi	LITE_RUNNING
2026-08-07T09:09:44+12:00	hpsA_r3m_bn_bi_rho0p25_eps0p05_lr1e4_i40000	r3m_bn_bi	LITE_COMPLETE
2026-08-07T09:09:44+12:00	hpsA_r3m_bn_bi_rho0p25_eps0p05_lr1e4_i40000	r3m_bn_bi	LITE_RUNNING
2026-08-07T09:09:52+12:00	hpsA_r3m_bn_bi_rho0p25_eps0p05_lr1e4_i40000	r3m_bn_bi	LITE_COMPLETE
2026-08-07T09:09:52+12:00	hpsA_r3m_bn_bi_rho0p25_eps0p05_lr1e4_i40000	r3m_bn_bi	LITE_RUNNING
2026-08-07T09:10:01+12:00	hpsA_r3m_bn_bi_rho0p25_eps0p05_lr1e4_i40000	r3m_bn_bi	LITE_COMPLETE
2026-08-07T09:10:01+12:00	hpsA_r3m_bn_bi_rho0p25_eps0p05_lr1e4_i40000	r3m_bn_bi	LITE_RUNNING
2026-08-07T09:10:10+12:00	hpsA_r3m_bn_bi_rho0p25_eps0p05_lr1e4_i40000	r3m_bn_bi	LITE_COMPLETE
2026-08-07T09:10:10+12:00	hpsA_r3m_bn_bi_rho0p25_eps0p05_lr1e4_i40000	r3m_bn_bi	LITE_RUNNING
2026-08-07T09:10:19+12:00	hpsA_r3m_bn_bi_rho0p25_eps0p05_lr1e4_i40000	r3m_bn_bi	LITE_COMPLETE
2026-08-07T09:10:19+12:00	hpsA_r3m_bn_bi_rho0p25_eps0p05_lr1e4_i40000	r3m_bn_bi	LITE_RUNNING
2026-08-07T09:10:28+12:00	hpsA_r3m_bn_bi_rho0p25_eps0p05_lr1e4_i40000	r3m_bn_bi	LITE_COMPLETE
2026-08-07T09:10:28+12:00	hpsA_r3m_bn_bi_rho0p25_eps0p05_lr1e4_i40000	r3m_bn_bi	LITE_RUNNING
2026-08-07T09:10:37+12:00	hpsA_r3m_bn_bi_rho0p25_eps0p05_lr1e4_i40000	r3m_bn_bi	LITE_COMPLETE
2026-08-07T09:10:37+12:00	hpsA_r3m_bn_bi_rho0p25_eps0p05_lr1e4_i40000	r3m_bn_bi	LITE_RUNNING
2026-08-07T09:10:46+12:00	hpsA_r3m_bn_bi_rho0p25_eps0p05_lr1e4_i40000	r3m_bn_bi	LITE_COMPLETE
2026-08-07T09:10:46+12:00	hpsA_r3m_bn_bi_rho0p25_eps0p05_lr1e4_i40000	r3m_bn_bi	LITE_RUNNING
2026-08-07T09:10:55+12:00	hpsA_r3m_bn_bi_rho0p25_eps0p05_lr1e4_i40000	r3m_bn_bi	LITE_COMPLETE
2026-08-07T09:10:55+12:00	hpsA_r3m_bn_bi_rho0p25_eps0p05_lr1e4_i40000	r3m_bn_bi	LITE_RUNNING
2026-08-07T09:11:04+12:00	hpsA_r3m_bn_bi_rho0p25_eps0p05_lr1e4_i40000	r3m_bn_bi	LITE_COMPLETE
2026-08-07T09:11:04+12:00	hpsA_r3m_bn_bi_rho0p25_eps0p05_lr1e4_i40000	r3m_bn_bi	LITE_RUNNING
2026-08-07T09:11:13+12:00	hpsA_r3m_bn_bi_rho0p25_eps0p05_lr1e4_i40000	r3m_bn_bi	LITE_COMPLETE
2026-08-07T09:11:13+12:00	hpsA_r3m_bn_bi_rho0p25_eps0p05_lr1e4_i40000	r3m_bn_bi	LITE_RUNNING
2026-08-07T09:11:22+12:00	hpsA_r3m_bn_bi_rho0p25_eps0p05_lr1e4_i40000	r3m_bn_bi	LITE_COMPLETE
2026-08-07T09:11:22+12:00	hpsA_r3m_bn_bi_rho0p25_eps0p05_lr1e4_i40000	r3m_bn_bi	LITE_RUNNING
2026-08-07T09:11:31+12:00	hpsA_r3m_bn_bi_rho0p25_eps0p05_lr1e4_i40000	r3m_bn_bi	LITE_COMPLETE
2026-08-07T09:11:31+12:00	hpsA_r3m_bn_bi_rho0p25_eps0p05_lr1e4_i40000	r3m_bn_bi	LITE_RUNNING
2026-08-07T09:11:40+12:00	hpsA_r3m_bn_bi_rho0p25_eps0p05_lr1e4_i40000	r3m_bn_bi	LITE_COMPLETE
2026-08-07T09:11:40+12:00	hpsA_r3m_bn_bi_rho0p25_eps0p05_lr1e4_i40000	r3m_bn_bi	LITE_RUNNING
2026-08-07T09:11:48+12:00	hpsA_r3m_bn_bi_rho0p25_eps0p05_lr1e4_i40000	r3m_bn_bi	LITE_COMPLETE
2026-08-07T09:11:48+12:00	hpsA_r3m_bn_bi_rho0p25_eps0p05_lr1e4_i40000	r3m_bn_bi	LITE_RUNNING
2026-08-07T09:11:57+12:00	hpsA_r3m_bn_bi_rho0p25_eps0p05_lr1e4_i40000	r3m_bn_bi	LITE_COMPLETE
2026-08-07T09:11:57+12:00	hpsA_r3m_bn_bi_rho0p25_eps0p05_lr1e4_i40000	r3m_bn_bi	LITE_RUNNING
2026-08-07T09:12:06+12:00	hpsA_r3m_bn_bi_rho0p25_eps0p05_lr1e4_i40000	r3m_bn_bi	LITE_COMPLETE
2026-08-07T09:12:06+12:00	hpsA_r3m_bn_bi_rho0p25_eps0p05_lr1e4_i40000	r3m_bn_bi	LITE_RUNNING
2026-08-07T09:12:15+12:00	hpsA_r3m_bn_bi_rho0p25_eps0p05_lr1e4_i40000	r3m_bn_bi	LITE_COMPLETE
2026-08-07T09:12:15+12:00	hpsA_r3m_bn_bi_rho0p25_eps0p05_lr1e4_i40000	r3m_bn_bi	LITE_RUNNING
2026-08-07T09:12:24+12:00	hpsA_r3m_bn_bi_rho0p25_eps0p05_lr1e4_i40000	r3m_bn_bi	LITE_COMPLETE
2026-08-07T09:12:24+12:00	hpsA_r3m_bn_bi_rho0p25_eps0p05_lr1e4_i40000	r3m_bn_bi	LITE_RUNNING
2026-08-07T09:12:33+12:00	hpsA_r3m_bn_bi_rho0p25_eps0p05_lr1e4_i40000	r3m_bn_bi	LITE_COMPLETE
2026-08-07T09:12:33+12:00	hpsA_r3m_bn_bi_rho0p25_eps0p05_lr1e4_i40000	r3m_bn_bi	LITE_RUNNING
2026-08-07T09:12:42+12:00	hpsA_r3m_bn_bi_rho0p25_eps0p05_lr1e4_i40000	r3m_bn_bi	LITE_COMPLETE
2026-08-07T09:12:42+12:00	hpsA_r3m_bn_bi_rho0p25_eps0p05_lr1e4_i40000	r3m_bn_bi	LITE_RUNNING
2026-08-07T09:12:51+12:00	hpsA_r3m_bn_bi_rho0p25_eps0p05_lr1e4_i40000	r3m_bn_bi	LITE_COMPLETE
2026-08-07T09:12:51+12:00	hpsA_r3m_bn_bi_rho0p25_eps0p05_lr1e4_i40000	r3m_bn_bi	LITE_RUNNING
2026-08-07T09:13:00+12:00	hpsA_r3m_bn_bi_rho0p25_eps0p05_lr1e4_i40000	r3m_bn_bi	LITE_COMPLETE
2026-08-07T09:13:00+12:00	hpsA_r3m_bn_bi_rho0p25_eps0p05_lr1e4_i40000	r3m_bn_bi	LITE_RUNNING
2026-08-07T09:13:08+12:00	hpsA_r3m_bn_bi_rho0p25_eps0p05_lr1e4_i40000	r3m_bn_bi	LITE_COMPLETE
2026-08-07T09:13:08+12:00	hpsA_r3m_bn_bi_rho0p25_eps0p05_lr1e4_i40000	r3m_bn_bi	LITE_RUNNING
2026-08-07T09:13:17+12:00	hpsA_r3m_bn_bi_rho0p25_eps0p05_lr1e4_i40000	r3m_bn_bi	LITE_COMPLETE
2026-08-07T09:13:17+12:00	hpsA_r3m_bn_bi_rho0p25_eps0p05_lr1e4_i40000	r3m_bn_bi	LITE_RUNNING
2026-08-07T09:13:26+12:00	hpsA_r3m_bn_bi_rho0p25_eps0p05_lr1e4_i40000	r3m_bn_bi	LITE_COMPLETE
2026-08-07T09:13:26+12:00	hpsA_r3m_bn_bi_rho0p25_eps0p05_lr1e4_i40000	r3m_bn_bi	LITE_RUNNING
2026-08-07T09:13:35+12:00	hpsA_r3m_bn_bi_rho0p25_eps0p05_lr1e4_i40000	r3m_bn_bi	LITE_COMPLETE
2026-08-07T09:13:35+12:00	hpsA_r3m_bn_bi_rho0p25_eps0p05_lr1e4_i40000	r3m_bn_bi	LITE_RUNNING
2026-08-07T09:13:44+12:00	hpsA_r3m_bn_bi_rho0p25_eps0p05_lr1e4_i40000	r3m_bn_bi	LITE_COMPLETE
2026-08-07T09:13:44+12:00	hpsA_r3m_bn_bi_rho0p25_eps0p05_lr1e4_i40000	r3m_bn_bi	LITE_RUNNING
2026-08-07T09:13:53+12:00	hpsA_r3m_bn_bi_rho0p25_eps0p05_lr1e4_i40000	r3m_bn_bi	LITE_COMPLETE
2026-08-07T09:13:53+12:00	hpsA_r3m_bn_bi_rho0p25_eps0p05_lr1e4_i40000	r3m_bn_bi	LITE_RUNNING
2026-08-07T09:14:02+12:00	hpsA_r3m_bn_bi_rho0p25_eps0p05_lr1e4_i40000	r3m_bn_bi	LITE_COMPLETE
2026-08-07T09:14:02+12:00	hpsA_r3m_bn_bi_rho0p25_eps0p05_lr1e4_i40000	r3m_bn_bi	LITE_RUNNING
2026-08-07T09:14:11+12:00	hpsA_r3m_bn_bi_rho0p25_eps0p05_lr1e4_i40000	r3m_bn_bi	LITE_COMPLETE
2026-08-07T09:14:11+12:00	hpsA_r3m_bn_bi_rho0p25_eps0p05_lr1e4_i40000	r3m_bn_bi	LITE_RUNNING
2026-08-07T09:14:20+12:00	hpsA_r3m_bn_bi_rho0p25_eps0p05_lr1e4_i40000	r3m_bn_bi	LITE_COMPLETE
2026-08-07T09:14:20+12:00	hpsA_r3m_bn_bi_rho0p25_eps0p05_lr1e4_i40000	r3m_bn_bi	LITE_RUNNING
2026-08-07T09:14:29+12:00	hpsA_r3m_bn_bi_rho0p25_eps0p05_lr1e4_i40000	r3m_bn_bi	LITE_COMPLETE
2026-08-07T09:14:29+12:00	hpsA_r3m_bn_bi_rho0p25_eps0p05_lr1e4_i40000	r3m_bn_bi	LITE_RUNNING
2026-08-07T09:14:38+12:00	hpsA_r3m_bn_bi_rho0p25_eps0p05_lr1e4_i40000	r3m_bn_bi	LITE_COMPLETE
2026-08-07T09:14:38+12:00	hpsA_r3m_bn_bi_rho0p25_eps0p05_lr1e4_i40000	r3m_bn_bi	LITE_RUNNING
2026-08-07T09:14:47+12:00	hpsA_r3m_bn_bi_rho0p25_eps0p05_lr1e4_i40000	r3m_bn_bi	LITE_COMPLETE
2026-08-07T09:14:47+12:00	hpsA_r3m_bn_bi_rho0p25_eps0p05_lr1e4_i40000	r3m_bn_bi	LITE_RUNNING
2026-08-07T09:14:56+12:00	hpsA_r3m_bn_bi_rho0p25_eps0p05_lr1e4_i40000	r3m_bn_bi	LITE_COMPLETE
2026-08-07T09:14:56+12:00	hpsA_r3m_bn_bi_rho0p25_eps0p05_lr1e4_i40000	r3m_bn_bi	LITE_RUNNING
2026-08-07T09:15:04+12:00	hpsA_r3m_bn_bi_rho0p25_eps0p05_lr1e4_i40000	r3m_bn_bi	LITE_COMPLETE
2026-08-07T09:15:04+12:00	hpsA_r3m_bn_bi_rho0p25_eps0p05_lr1e4_i40000	r3m_bn_bi	LITE_RUNNING
2026-08-07T09:15:13+12:00	hpsA_r3m_bn_bi_rho0p25_eps0p05_lr1e4_i40000	r3m_bn_bi	LITE_COMPLETE
2026-08-07T09:15:13+12:00	hpsA_r3m_bn_bi_rho0p25_eps0p05_lr1e4_i40000	r3m_bn_bi	LITE_RUNNING
2026-08-07T09:15:22+12:00	hpsA_r3m_bn_bi_rho0p25_eps0p05_lr1e4_i40000	r3m_bn_bi	LITE_COMPLETE
2026-08-07T09:15:22+12:00	hpsA_r3m_bn_bi_rho0p25_eps0p05_lr1e4_i40000	r3m_bn_bi	LITE_RUNNING
2026-08-07T09:15:31+12:00	hpsA_r3m_bn_bi_rho0p25_eps0p05_lr1e4_i40000	r3m_bn_bi	LITE_COMPLETE
2026-08-07T09:15:31+12:00	hpsA_r3m_bn_bi_rho0p25_eps0p05_lr1e4_i40000	r3m_bn_bi	LITE_RUNNING
2026-08-07T09:15:40+12:00	hpsA_r3m_bn_bi_rho0p25_eps0p05_lr1e4_i40000	r3m_bn_bi	LITE_COMPLETE
2026-08-07T09:15:40+12:00	hpsA_r3m_bn_bi_rho0p25_eps0p05_lr1e4_i40000	r3m_bn_bi	LITE_RUNNING
2026-08-07T09:15:49+12:00	hpsA_r3m_bn_bi_rho0p25_eps0p05_lr1e4_i40000	r3m_bn_bi	LITE_COMPLETE
2026-08-07T09:15:49+12:00	hpsA_r3m_bn_bi_rho0p25_eps0p05_lr1e4_i40000	r3m_bn_bi	LITE_RUNNING
2026-08-07T09:15:58+12:00	hpsA_r3m_bn_bi_rho0p25_eps0p05_lr1e4_i40000	r3m_bn_bi	LITE_COMPLETE
2026-08-07T09:15:58+12:00	hpsA_r3m_bn_bi_rho0p25_eps0p05_lr1e4_i40000	r3m_bn_bi	LITE_RUNNING
2026-08-07T09:16:06+12:00	hpsA_r3m_bn_bi_rho0p25_eps0p05_lr1e4_i40000	r3m_bn_bi	LITE_COMPLETE
2026-08-07T09:16:06+12:00	hpsA_r3m_bn_bi_rho0p25_eps0p05_lr1e4_i40000	r3m_bn_bi	LITE_RUNNING
2026-08-07T09:16:15+12:00	hpsA_r3m_bn_bi_rho0p25_eps0p05_lr1e4_i40000	r3m_bn_bi	LITE_COMPLETE
2026-08-07T09:16:15+12:00	hpsA_r3m_bn_bi_rho0p25_eps0p05_lr1e4_i40000	r3m_bn_bi	LITE_RUNNING
2026-08-07T09:16:24+12:00	hpsA_r3m_bn_bi_rho0p25_eps0p05_lr1e4_i40000	r3m_bn_bi	LITE_COMPLETE
2026-08-07T09:16:24+12:00	hpsA_r3m_bn_bi_rho0p25_eps0p05_lr1e4_i40000	r3m_bn_bi	LITE_RUNNING
2026-08-07T09:16:33+12:00	hpsA_r3m_bn_bi_rho0p25_eps0p05_lr1e4_i40000	r3m_bn_bi	LITE_COMPLETE
2026-08-07T09:16:33+12:00	hpsA_r3m_bn_bi_rho0p25_eps0p05_lr1e4_i40000	r3m_bn_bi	LITE_RUNNING
2026-08-07T09:16:42+12:00	hpsA_r3m_bn_bi_rho0p25_eps0p05_lr1e4_i40000	r3m_bn_bi	LITE_COMPLETE
2026-08-07T09:16:42+12:00	hpsA_r3m_bn_bi_rho0p25_eps0p05_lr1e4_i40000	r3m_bn_bi	LITE_RUNNING
2026-08-07T09:16:51+12:00	hpsA_r3m_bn_bi_rho0p25_eps0p05_lr1e4_i40000	r3m_bn_bi	LITE_COMPLETE
2026-08-07T09:16:51+12:00	hpsA_r3m_bn_bi_rho0p25_eps0p05_lr1e4_i40000	r3m_bn_bi	LITE_RUNNING
2026-08-07T09:17:00+12:00	hpsA_r3m_bn_bi_rho0p25_eps0p05_lr1e4_i40000	r3m_bn_bi	LITE_COMPLETE
2026-08-07T09:17:00+12:00	hpsA_r3m_bn_bi_rho0p25_eps0p05_lr1e4_i40000	r3m_bn_bi	LITE_RUNNING
2026-08-07T09:17:09+12:00	hpsA_r3m_bn_bi_rho0p25_eps0p05_lr1e4_i40000	r3m_bn_bi	LITE_COMPLETE
2026-08-07T09:17:09+12:00	hpsA_r3m_bn_bi_rho0p25_eps0p05_lr1e4_i40000	r3m_bn_bi	LITE_RUNNING
2026-08-07T09:17:18+12:00	hpsA_r3m_bn_bi_rho0p25_eps0p05_lr1e4_i40000	r3m_bn_bi	LITE_COMPLETE
2026-08-07T09:17:18+12:00	hpsA_r3m_bn_bi_rho0p25_eps0p05_lr1e4_i40000	r3m_bn_bi	LITE_RUNNING
2026-08-07T09:17:26+12:00	hpsA_r3m_bn_bi_rho0p25_eps0p05_lr1e4_i40000	r3m_bn_bi	LITE_COMPLETE
2026-08-07T09:17:26+12:00	hpsA_r3m_bn_bi_rho0p25_eps0p05_lr1e4_i40000	r3m_bn_bi	LITE_RUNNING
2026-08-07T09:17:35+12:00	hpsA_r3m_bn_bi_rho0p25_eps0p05_lr1e4_i40000	r3m_bn_bi	LITE_COMPLETE
2026-08-07T09:17:35+12:00	hpsA_r3m_bn_bi_rho0p25_eps0p05_lr1e4_i40000	r3m_bn_bi	LITE_RUNNING
2026-08-07T09:17:44+12:00	hpsA_r3m_bn_bi_rho0p25_eps0p05_lr1e4_i40000	r3m_bn_bi	LITE_COMPLETE
2026-08-07T09:17:44+12:00	hpsA_r3m_bn_bi_rho0p25_eps0p05_lr1e4_i40000	r3m_bn_bi	LITE_RUNNING
2026-08-07T09:17:53+12:00	hpsA_r3m_bn_bi_rho0p25_eps0p05_lr1e4_i40000	r3m_bn_bi	LITE_COMPLETE
2026-08-07T09:17:53+12:00	hpsA_r3m_bn_bi_rho0p25_eps0p05_lr1e4_i40000	r3m_bn_bi	LITE_RUNNING
2026-08-07T09:18:02+12:00	hpsA_r3m_bn_bi_rho0p25_eps0p05_lr1e4_i40000	r3m_bn_bi	LITE_COMPLETE
2026-08-07T09:18:02+12:00	hpsA_r3m_bn_bi_rho0p25_eps0p05_lr1e4_i40000	r3m_bn_bi	LITE_RUNNING
2026-08-07T09:18:11+12:00	hpsA_r3m_bn_bi_rho0p25_eps0p05_lr1e4_i40000	r3m_bn_bi	LITE_COMPLETE
2026-08-07T09:18:11+12:00	hpsA_r3m_bn_bi_rho0p25_eps0p05_lr1e4_i40000	r3m_bn_bi	LITE_RUNNING
2026-08-07T09:18:20+12:00	hpsA_r3m_bn_bi_rho0p25_eps0p05_lr1e4_i40000	r3m_bn_bi	LITE_COMPLETE
2026-08-07T09:18:20+12:00	hpsA_r3m_bn_bi_rho0p25_eps0p05_lr1e4_i40000	r3m_bn_bi	LITE_RUNNING
2026-08-07T09:18:29+12:00	hpsA_r3m_bn_bi_rho0p25_eps0p05_lr1e4_i40000	r3m_bn_bi	LITE_COMPLETE
2026-08-07T09:18:29+12:00	hpsA_r3m_bn_bi_rho0p25_eps0p05_lr1e4_i40000	r3m_bn_bi	LITE_RUNNING
2026-08-07T09:18:38+12:00	hpsA_r3m_bn_bi_rho0p25_eps0p05_lr1e4_i40000	r3m_bn_bi	LITE_COMPLETE
2026-08-07T09:18:38+12:00	hpsA_r3m_bn_bi_rho0p25_eps0p05_lr1e4_i40000	r3m_bn_bi	LITE_RUNNING
2026-08-07T09:18:46+12:00	hpsA_r3m_bn_bi_rho0p25_eps0p05_lr1e4_i40000	r3m_bn_bi	LITE_COMPLETE
2026-08-07T09:18:46+12:00	hpsA_r3m_bn_bi_rho0p25_eps0p05_lr1e4_i40000	r3m_bn_bi	LITE_RUNNING
2026-08-07T09:18:55+12:00	hpsA_r3m_bn_bi_rho0p25_eps0p05_lr1e4_i40000	r3m_bn_bi	LITE_COMPLETE
2026-08-07T09:18:55+12:00	hpsA_r3m_bn_bi_rho0p25_eps0p05_lr1e4_i40000	r3m_bn_bi	LITE_RUNNING
2026-08-07T09:19:04+12:00	hpsA_r3m_bn_bi_rho0p25_eps0p05_lr1e4_i40000	r3m_bn_bi	LITE_COMPLETE
2026-08-07T09:19:04+12:00	hpsA_r3m_bn_bi_rho0p25_eps0p05_lr1e4_i40000	r3m_bn_bi	LITE_RUNNING
2026-08-07T09:19:13+12:00	hpsA_r3m_bn_bi_rho0p25_eps0p05_lr1e4_i40000	r3m_bn_bi	LITE_COMPLETE
2026-08-07T09:19:13+12:00	hpsA_r3m_bn_bi_rho0p25_eps0p05_lr1e4_i40000	r3m_bn_bi	LITE_RUNNING
2026-08-07T09:19:22+12:00	hpsA_r3m_bn_bi_rho0p25_eps0p05_lr1e4_i40000	r3m_bn_bi	LITE_COMPLETE
2026-08-07T09:19:22+12:00	hpsA_r3m_bn_bi_rho0p25_eps0p05_lr1e4_i40000	r3m_bn_bi	LITE_RUNNING
2026-08-07T09:19:31+12:00	hpsA_r3m_bn_bi_rho0p25_eps0p05_lr1e4_i40000	r3m_bn_bi	LITE_COMPLETE
2026-08-07T09:19:31+12:00	hpsA_r3m_bn_bi_rho0p25_eps0p05_lr1e4_i40000	r3m_bn_bi	LITE_RUNNING
2026-08-07T09:19:40+12:00	hpsA_r3m_bn_bi_rho0p25_eps0p05_lr1e4_i40000	r3m_bn_bi	LITE_COMPLETE
2026-08-07T09:19:40+12:00	hpsA_r3m_bn_bi_rho0p25_eps0p05_lr1e4_i40000	r3m_bn_bi	LITE_RUNNING
2026-08-07T09:19:49+12:00	hpsA_r3m_bn_bi_rho0p25_eps0p05_lr1e4_i40000	r3m_bn_bi	LITE_COMPLETE
2026-08-07T09:19:49+12:00	hpsA_r3m_bn_bi_rho0p25_eps0p05_lr1e4_i40000	r3m_bn_bi	LITE_RUNNING
2026-08-07T09:19:58+12:00	hpsA_r3m_bn_bi_rho0p25_eps0p05_lr1e4_i40000	r3m_bn_bi	LITE_COMPLETE
2026-08-07T09:19:58+12:00	hpsA_r3m_bn_bi_rho0p25_eps0p05_lr1e4_i40000	r3m_bn_bi	LITE_RUNNING
2026-08-07T09:20:07+12:00	hpsA_r3m_bn_bi_rho0p25_eps0p05_lr1e4_i40000	r3m_bn_bi	LITE_COMPLETE
2026-08-07T09:20:07+12:00	hpsA_r3m_bn_bi_rho0p25_eps0p05_lr1e4_i40000	r3m_bn_bi	LITE_RUNNING
2026-08-07T09:20:15+12:00	hpsA_r3m_bn_bi_rho0p25_eps0p05_lr1e4_i40000	r3m_bn_bi	LITE_COMPLETE
2026-08-07T09:20:15+12:00	hpsA_r3m_bn_bi_rho0p25_eps0p05_lr1e4_i40000	r3m_bn_bi	LITE_RUNNING
2026-08-07T09:20:24+12:00	hpsA_r3m_bn_bi_rho0p25_eps0p05_lr1e4_i40000	r3m_bn_bi	LITE_COMPLETE
2026-08-07T09:20:24+12:00	hpsA_r3m_bn_bi_rho0p25_eps0p05_lr1e4_i40000	r3m_bn_bi	LITE_RUNNING
2026-08-07T09:20:33+12:00	hpsA_r3m_bn_bi_rho0p25_eps0p05_lr1e4_i40000	r3m_bn_bi	LITE_COMPLETE
2026-08-07T09:20:33+12:00	hpsA_r3m_bn_bi_rho0p25_eps0p05_lr1e4_i40000	r3m_bn_bi	LITE_RUNNING
2026-08-07T09:20:42+12:00	hpsA_r3m_bn_bi_rho0p25_eps0p05_lr1e4_i40000	r3m_bn_bi	LITE_COMPLETE
2026-08-07T09:20:42+12:00	hpsA_r3m_bn_bi_rho0p25_eps0p05_lr1e4_i40000	r3m_bn_bi	LITE_RUNNING
2026-08-07T09:20:51+12:00	hpsA_r3m_bn_bi_rho0p25_eps0p05_lr1e4_i40000	r3m_bn_bi	LITE_COMPLETE
2026-08-07T09:20:51+12:00	hpsA_r3m_bn_bi_rho0p25_eps0p05_lr1e4_i40000	r3m_bn_bi	LITE_RUNNING
2026-08-07T09:21:00+12:00	hpsA_r3m_bn_bi_rho0p25_eps0p05_lr1e4_i40000	r3m_bn_bi	LITE_COMPLETE
2026-08-07T09:21:00+12:00	hpsA_r3m_bn_bi_rho0p25_eps0p05_lr1e4_i40000	r3m_bn_bi	LITE_RUNNING
2026-08-07T09:21:09+12:00	hpsA_r3m_bn_bi_rho0p25_eps0p05_lr1e4_i40000	r3m_bn_bi	LITE_COMPLETE
2026-08-07T09:21:09+12:00	hpsA_r3m_bn_bi_rho0p25_eps0p05_lr1e4_i40000	r3m_bn_bi	LITE_RUNNING
2026-08-07T09:21:18+12:00	hpsA_r3m_bn_bi_rho0p25_eps0p05_lr1e4_i40000	r3m_bn_bi	LITE_COMPLETE
2026-08-07T09:21:18+12:00	hpsA_r3m_bn_bi_rho0p25_eps0p05_lr1e4_i40000	r3m_bn_bi	LITE_RUNNING
2026-08-07T09:21:27+12:00	hpsA_r3m_bn_bi_rho0p25_eps0p05_lr1e4_i40000	r3m_bn_bi	LITE_COMPLETE
2026-08-07T09:21:27+12:00	hpsA_r3m_bn_bi_rho0p25_eps0p05_lr1e4_i40000	r3m_bn_bi	LITE_RUNNING
2026-08-07T09:21:35+12:00	hpsA_r3m_bn_bi_rho0p25_eps0p05_lr1e4_i40000	r3m_bn_bi	LITE_COMPLETE
2026-08-07T09:21:35+12:00	hpsA_r3m_bn_bi_rho0p25_eps0p05_lr1e4_i40000	r3m_bn_bi	LITE_RUNNING
2026-08-07T09:21:44+12:00	hpsA_r3m_bn_bi_rho0p25_eps0p05_lr1e4_i40000	r3m_bn_bi	LITE_COMPLETE
2026-08-07T09:21:44+12:00	hpsA_r3m_bn_bi_rho0p25_eps0p05_lr1e4_i40000	r3m_bn_bi	LITE_RUNNING
2026-08-07T09:21:53+12:00	hpsA_r3m_bn_bi_rho0p25_eps0p05_lr1e4_i40000	r3m_bn_bi	LITE_COMPLETE
2026-08-07T09:21:53+12:00	hpsA_r3m_bn_bi_rho0p25_eps0p05_lr1e4_i40000	r3m_bn_bi	LITE_RUNNING
2026-08-07T09:22:02+12:00	hpsA_r3m_bn_bi_rho0p25_eps0p05_lr1e4_i40000	r3m_bn_bi	LITE_COMPLETE
2026-08-07T09:22:02+12:00	hpsA_r3m_bn_bi_rho0p25_eps0p05_lr1e4_i40000	r3m_bn_bi	LITE_RUNNING
2026-08-07T09:22:11+12:00	hpsA_r3m_bn_bi_rho0p25_eps0p05_lr1e4_i40000	r3m_bn_bi	LITE_COMPLETE
2026-08-07T09:22:11+12:00	hpsA_r3m_bn_bi_rho0p25_eps0p05_lr1e4_i40000	r3m_bn_bi	LITE_RUNNING
2026-08-07T09:22:20+12:00	hpsA_r3m_bn_bi_rho0p25_eps0p05_lr1e4_i40000	r3m_bn_bi	LITE_COMPLETE
2026-08-07T09:22:20+12:00	hpsA_r3m_bn_bi_rho0p25_eps0p05_lr1e4_i40000	r3m_bn_bi	LITE_RUNNING
2026-08-07T09:22:29+12:00	hpsA_r3m_bn_bi_rho0p25_eps0p05_lr1e4_i40000	r3m_bn_bi	LITE_COMPLETE
2026-08-07T09:22:29+12:00	hpsA_r3m_bn_bi_rho0p25_eps0p05_lr1e4_i40000	r3m_bn_bi	LITE_RUNNING
2026-08-07T09:22:37+12:00	hpsA_r3m_bn_bi_rho0p25_eps0p05_lr1e4_i40000	r3m_bn_bi	LITE_COMPLETE
2026-08-07T09:22:37+12:00	hpsA_r3m_bn_bi_rho0p25_eps0p05_lr1e4_i40000	r3m_bn_bi	LITE_RUNNING
2026-08-07T09:22:46+12:00	hpsA_r3m_bn_bi_rho0p25_eps0p05_lr1e4_i40000	r3m_bn_bi	LITE_COMPLETE
2026-08-07T09:22:46+12:00	hpsA_r3m_bn_bi_rho0p25_eps0p05_lr1e4_i40000	r3m_bn_bi	LITE_RUNNING
2026-08-07T09:22:55+12:00	hpsA_r3m_bn_bi_rho0p25_eps0p05_lr1e4_i40000	r3m_bn_bi	LITE_COMPLETE
2026-08-07T09:22:55+12:00	hpsA_r3m_bn_bi_rho0p25_eps0p05_lr1e4_i40000	r3m_bn_bi	LITE_RUNNING
2026-08-07T09:23:04+12:00	hpsA_r3m_bn_bi_rho0p25_eps0p05_lr1e4_i40000	r3m_bn_bi	LITE_COMPLETE
2026-08-07T09:23:04+12:00	hpsA_r3m_bn_bi_rho0p25_eps0p05_lr1e4_i40000	r3m_bn_bi	LITE_RUNNING
2026-08-07T09:23:13+12:00	hpsA_r3m_bn_bi_rho0p25_eps0p05_lr1e4_i40000	r3m_bn_bi	LITE_COMPLETE
2026-08-07T09:23:13+12:00	hpsA_r3m_bn_bi_rho0p25_eps0p05_lr1e4_i40000	r3m_bn_bi	LITE_RUNNING
2026-08-07T09:23:22+12:00	hpsA_r3m_bn_bi_rho0p25_eps0p05_lr1e4_i40000	r3m_bn_bi	LITE_COMPLETE
2026-08-07T09:23:22+12:00	hpsA_r3m_bn_bi_rho0p25_eps0p05_lr1e4_i40000	r3m_bn_bi	LITE_RUNNING
2026-08-07T09:23:31+12:00	hpsA_r3m_bn_bi_rho0p25_eps0p05_lr1e4_i40000	r3m_bn_bi	LITE_COMPLETE
2026-08-07T09:23:31+12:00	hpsA_r3m_bn_bi_rho0p25_eps0p05_lr1e4_i40000	r3m_bn_bi	LITE_RUNNING
2026-08-07T09:23:40+12:00	hpsA_r3m_bn_bi_rho0p25_eps0p05_lr1e4_i40000	r3m_bn_bi	LITE_COMPLETE
2026-08-07T09:23:40+12:00	hpsA_r3m_bn_bi_rho0p25_eps0p05_lr1e4_i40000	r3m_bn_bi	LITE_RUNNING
2026-08-07T09:23:49+12:00	hpsA_r3m_bn_bi_rho0p25_eps0p05_lr1e4_i40000	r3m_bn_bi	LITE_COMPLETE
2026-08-07T09:23:49+12:00	hpsA_r3m_bn_bi_rho0p25_eps0p05_lr1e4_i40000	r3m_bn_bi	LITE_RUNNING
2026-08-07T09:23:57+12:00	hpsA_r3m_bn_bi_rho0p25_eps0p05_lr1e4_i40000	r3m_bn_bi	LITE_COMPLETE
2026-08-07T09:23:57+12:00	hpsA_r3m_bn_bi_rho0p25_eps0p05_lr1e4_i40000	r3m_bn_bi	LITE_RUNNING
2026-08-07T09:24:06+12:00	hpsA_r3m_bn_bi_rho0p25_eps0p05_lr1e4_i40000	r3m_bn_bi	LITE_COMPLETE
2026-08-07T09:24:06+12:00	hpsA_r3m_bn_bi_rho0p25_eps0p05_lr1e4_i40000	r3m_bn_bi	LITE_RUNNING
2026-08-07T09:24:15+12:00	hpsA_r3m_bn_bi_rho0p25_eps0p05_lr1e4_i40000	r3m_bn_bi	LITE_COMPLETE
2026-08-07T09:24:15+12:00	hpsA_r3m_bn_bi_rho0p25_eps0p05_lr1e4_i40000	r3m_bn_bi	LITE_RUNNING
2026-08-07T09:24:24+12:00	hpsA_r3m_bn_bi_rho0p25_eps0p05_lr1e4_i40000	r3m_bn_bi	LITE_COMPLETE
2026-08-07T09:24:24+12:00	hpsA_r3m_bn_bi_rho0p25_eps0p05_lr1e4_i40000	r3m_bn_bi	LITE_RUNNING
2026-08-07T09:24:33+12:00	hpsA_r3m_bn_bi_rho0p25_eps0p05_lr1e4_i40000	r3m_bn_bi	LITE_COMPLETE
2026-08-07T09:24:33+12:00	hpsA_r3m_bn_bi_rho0p25_eps0p05_lr1e4_i40000	r3m_bn_bi	LITE_RUNNING
2026-08-07T09:24:42+12:00	hpsA_r3m_bn_bi_rho0p25_eps0p05_lr1e4_i40000	r3m_bn_bi	LITE_COMPLETE
2026-08-07T09:24:42+12:00	hpsA_r3m_bn_bi_rho0p25_eps0p05_lr1e4_i40000	r3m_bn_bi	LITE_RUNNING
2026-08-07T09:24:51+12:00	hpsA_r3m_bn_bi_rho0p25_eps0p05_lr1e4_i40000	r3m_bn_bi	LITE_COMPLETE
2026-08-07T09:24:51+12:00	hpsA_r3m_bn_bi_rho0p25_eps0p05_lr1e4_i40000	r3m_bn_bi	LITE_RUNNING
2026-08-07T09:25:00+12:00	hpsA_r3m_bn_bi_rho0p25_eps0p05_lr1e4_i40000	r3m_bn_bi	LITE_COMPLETE
2026-08-07T09:25:00+12:00	hpsA_r3m_bn_bi_rho0p25_eps0p05_lr1e4_i40000	r3m_bn_bi	LITE_RUNNING
2026-08-07T09:25:08+12:00	hpsA_r3m_bn_bi_rho0p25_eps0p05_lr1e4_i40000	r3m_bn_bi	LITE_COMPLETE
2026-08-07T09:25:08+12:00	hpsA_r3m_bn_bi_rho0p25_eps0p05_lr1e4_i40000	r3m_bn_bi	LITE_RUNNING
2026-08-07T09:25:17+12:00	hpsA_r3m_bn_bi_rho0p25_eps0p05_lr1e4_i40000	r3m_bn_bi	LITE_COMPLETE
2026-08-07T09:25:17+12:00	hpsA_r3m_bn_bi_rho0p25_eps0p05_lr1e4_i40000	r3m_bn_bi	LITE_RUNNING
2026-08-07T09:25:26+12:00	hpsA_r3m_bn_bi_rho0p25_eps0p05_lr1e4_i40000	r3m_bn_bi	LITE_COMPLETE
2026-08-07T09:25:26+12:00	hpsA_r3m_bn_bi_rho0p25_eps0p05_lr1e4_i40000	r3m_bn_bi	LITE_RUNNING
2026-08-07T09:25:35+12:00	hpsA_r3m_bn_bi_rho0p25_eps0p05_lr1e4_i40000	r3m_bn_bi	LITE_COMPLETE
2026-08-07T09:25:35+12:00	hpsA_r3m_bn_bi_rho0p25_eps0p05_lr1e4_i40000	r3m_bn_bi	LITE_RUNNING
2026-08-07T09:25:44+12:00	hpsA_r3m_bn_bi_rho0p25_eps0p05_lr1e4_i40000	r3m_bn_bi	LITE_COMPLETE
2026-08-07T09:25:44+12:00	hpsA_r3m_bn_bi_rho0p25_eps0p05_lr1e4_i40000	r3m_bn_bi	LITE_RUNNING
2026-08-07T09:25:53+12:00	hpsA_r3m_bn_bi_rho0p25_eps0p05_lr1e4_i40000	r3m_bn_bi	LITE_COMPLETE
2026-08-07T09:25:53+12:00	hpsA_r3m_bn_bi_rho0p25_eps0p05_lr1e4_i40000	r3m_bn_bi	LITE_RUNNING
2026-08-07T09:26:02+12:00	hpsA_r3m_bn_bi_rho0p25_eps0p05_lr1e4_i40000	r3m_bn_bi	LITE_COMPLETE
2026-08-07T09:26:02+12:00	hpsA_r3m_bn_bi_rho0p25_eps0p05_lr1e4_i40000	r3m_bn_bi	LITE_RUNNING
2026-08-07T09:26:11+12:00	hpsA_r3m_bn_bi_rho0p25_eps0p05_lr1e4_i40000	r3m_bn_bi	LITE_COMPLETE
2026-08-07T09:26:11+12:00	hpsA_r3m_bn_bi_rho0p25_eps0p05_lr1e4_i40000	r3m_bn_bi	LITE_RUNNING
2026-08-07T09:26:20+12:00	hpsA_r3m_bn_bi_rho0p25_eps0p05_lr1e4_i40000	r3m_bn_bi	LITE_COMPLETE
2026-08-07T09:26:20+12:00	hpsA_r3m_bn_bi_rho0p25_eps0p05_lr1e4_i40000	r3m_bn_bi	LITE_RUNNING
2026-08-07T09:26:28+12:00	hpsA_r3m_bn_bi_rho0p25_eps0p05_lr1e4_i40000	r3m_bn_bi	LITE_COMPLETE
2026-08-07T09:26:28+12:00	hpsA_r3m_bn_bi_rho0p25_eps0p05_lr1e4_i40000	r3m_bn_bi	LITE_RUNNING
2026-08-07T09:26:37+12:00	hpsA_r3m_bn_bi_rho0p25_eps0p05_lr1e4_i40000	r3m_bn_bi	LITE_COMPLETE
2026-08-07T09:26:37+12:00	hpsA_r3m_bn_bi_rho0p25_eps0p05_lr1e4_i40000	r3m_bn_bi	LITE_RUNNING
2026-08-07T09:26:46+12:00	hpsA_r3m_bn_bi_rho0p25_eps0p05_lr1e4_i40000	r3m_bn_bi	LITE_COMPLETE
2026-08-07T09:26:46+12:00	hpsA_r3m_bn_bi_rho0p25_eps0p05_lr1e4_i40000	r3m_bn_bi	LITE_RUNNING
2026-08-07T09:26:55+12:00	hpsA_r3m_bn_bi_rho0p25_eps0p05_lr1e4_i40000	r3m_bn_bi	LITE_COMPLETE
2026-08-07T09:26:55+12:00	hpsA_r3m_bn_bi_rho0p25_eps0p05_lr1e4_i40000	r3m_bn_bi	LITE_RUNNING
2026-08-07T09:27:04+12:00	hpsA_r3m_bn_bi_rho0p25_eps0p05_lr1e4_i40000	r3m_bn_bi	LITE_COMPLETE
2026-08-07T09:27:04+12:00	hpsA_r3m_bn_bi_rho0p25_eps0p05_lr1e4_i40000	r3m_bn_bi	LITE_RUNNING
2026-08-07T09:27:13+12:00	hpsA_r3m_bn_bi_rho0p25_eps0p05_lr1e4_i40000	r3m_bn_bi	LITE_COMPLETE
2026-08-07T09:27:13+12:00	hpsA_r3m_bn_bi_rho0p25_eps0p05_lr1e4_i40000	r3m_bn_bi	LITE_RUNNING
2026-08-07T09:27:22+12:00	hpsA_r3m_bn_bi_rho0p25_eps0p05_lr1e4_i40000	r3m_bn_bi	LITE_COMPLETE
2026-08-07T09:27:22+12:00	hpsA_r3m_bn_bi_rho0p25_eps0p05_lr1e4_i40000	r3m_bn_bi	LITE_RUNNING
2026-08-07T09:27:30+12:00	hpsA_r3m_bn_bi_rho0p25_eps0p05_lr1e4_i40000	r3m_bn_bi	LITE_COMPLETE
2026-08-07T09:27:30+12:00	hpsA_r3m_bn_bi_rho0p25_eps0p05_lr1e4_i40000	r3m_bn_bi	LITE_RUNNING
2026-08-07T09:27:39+12:00	hpsA_r3m_bn_bi_rho0p25_eps0p05_lr1e4_i40000	r3m_bn_bi	LITE_COMPLETE
2026-08-07T09:27:39+12:00	hpsA_r3m_bn_bi_rho0p25_eps0p05_lr1e4_i40000	r3m_bn_bi	LITE_RUNNING
2026-08-07T09:27:48+12:00	hpsA_r3m_bn_bi_rho0p25_eps0p05_lr1e4_i40000	r3m_bn_bi	LITE_COMPLETE
2026-08-07T09:27:48+12:00	hpsA_r3m_bn_bi_rho0p25_eps0p05_lr1e4_i40000	r3m_bn_bi	LITE_RUNNING
2026-08-07T09:27:57+12:00	hpsA_r3m_bn_bi_rho0p25_eps0p05_lr1e4_i40000	r3m_bn_bi	LITE_COMPLETE
2026-08-07T09:27:57+12:00	hpsA_r3m_bn_bi_rho0p25_eps0p05_lr1e4_i40000	r3m_bn_bi	LITE_RUNNING
2026-08-07T09:28:06+12:00	hpsA_r3m_bn_bi_rho0p25_eps0p05_lr1e4_i40000	r3m_bn_bi	LITE_COMPLETE
2026-08-07T09:28:06+12:00	hpsA_r3m_bn_bi_rho0p25_eps0p05_lr1e4_i40000	r3m_bn_bi	LITE_RUNNING
2026-08-07T09:28:15+12:00	hpsA_r3m_bn_bi_rho0p25_eps0p05_lr1e4_i40000	r3m_bn_bi	LITE_COMPLETE
2026-08-07T09:28:15+12:00	hpsA_r3m_bn_bi_rho0p25_eps0p05_lr1e4_i40000	r3m_bn_bi	LITE_RUNNING
2026-08-07T09:28:24+12:00	hpsA_r3m_bn_bi_rho0p25_eps0p05_lr1e4_i40000	r3m_bn_bi	LITE_COMPLETE
2026-08-07T09:28:24+12:00	hpsA_r3m_bn_bi_rho0p25_eps0p05_lr1e4_i40000	r3m_bn_bi	LITE_RUNNING
2026-08-07T09:28:33+12:00	hpsA_r3m_bn_bi_rho0p25_eps0p05_lr1e4_i40000	r3m_bn_bi	LITE_COMPLETE
2026-08-07T09:28:33+12:00	hpsA_r3m_bn_bi_rho0p25_eps0p05_lr1e4_i40000	r3m_bn_bi	LITE_RUNNING
2026-08-07T09:28:41+12:00	hpsA_r3m_bn_bi_rho0p25_eps0p05_lr1e4_i40000	r3m_bn_bi	LITE_COMPLETE
2026-08-07T09:28:41+12:00	hpsA_r3m_bn_bi_rho0p25_eps0p05_lr1e4_i40000	r3m_bn_bi	LITE_RUNNING
2026-08-07T09:28:50+12:00	hpsA_r3m_bn_bi_rho0p25_eps0p05_lr1e4_i40000	r3m_bn_bi	LITE_COMPLETE
2026-08-07T09:28:50+12:00	hpsA_r3m_bn_bi_rho0p25_eps0p05_lr1e4_i40000	r3m_bn_bi	LITE_RUNNING
2026-08-07T09:28:59+12:00	hpsA_r3m_bn_bi_rho0p25_eps0p05_lr1e4_i40000	r3m_bn_bi	LITE_COMPLETE
2026-08-07T09:28:59+12:00	hpsA_r3m_bn_bi_rho0p25_eps0p05_lr1e4_i40000	r3m_bn_bi	LITE_RUNNING
2026-08-07T09:29:08+12:00	hpsA_r3m_bn_bi_rho0p25_eps0p05_lr1e4_i40000	r3m_bn_bi	LITE_COMPLETE
2026-08-07T09:29:08+12:00	hpsA_r3m_bn_bi_rho0p25_eps0p05_lr1e4_i40000	r3m_bn_bi	LITE_RUNNING
2026-08-07T09:29:17+12:00	hpsA_r3m_bn_bi_rho0p25_eps0p05_lr1e4_i40000	r3m_bn_bi	LITE_COMPLETE
2026-08-07T09:29:17+12:00	hpsA_r3m_bn_bi_rho0p25_eps0p05_lr1e4_i40000	r3m_bn_bi	LITE_RUNNING
2026-08-07T09:29:26+12:00	hpsA_r3m_bn_bi_rho0p25_eps0p05_lr1e4_i40000	r3m_bn_bi	LITE_COMPLETE
2026-08-07T09:29:26+12:00	hpsA_r3m_bn_bi_rho0p25_eps0p05_lr1e4_i40000	r3m_bn_bi	LITE_RUNNING
2026-08-07T09:29:35+12:00	hpsA_r3m_bn_bi_rho0p25_eps0p05_lr1e4_i40000	r3m_bn_bi	LITE_COMPLETE
2026-08-07T09:29:35+12:00	hpsA_r3m_bn_bi_rho0p25_eps0p05_lr1e4_i40000	r3m_bn_bi	LITE_RUNNING
2026-08-07T09:29:44+12:00	hpsA_r3m_bn_bi_rho0p25_eps0p05_lr1e4_i40000	r3m_bn_bi	LITE_COMPLETE
2026-08-07T09:29:44+12:00	hpsA_r3m_bn_bi_rho0p25_eps0p05_lr1e4_i40000	r3m_bn_bi	LITE_RUNNING
2026-08-07T09:29:53+12:00	hpsA_r3m_bn_bi_rho0p25_eps0p05_lr1e4_i40000	r3m_bn_bi	LITE_COMPLETE
2026-08-07T09:29:53+12:00	hpsA_r3m_bn_bi_rho0p25_eps0p05_lr1e4_i40000	r3m_bn_bi	LITE_RUNNING
2026-08-07T09:30:02+12:00	hpsA_r3m_bn_bi_rho0p25_eps0p05_lr1e4_i40000	r3m_bn_bi	LITE_COMPLETE
2026-08-07T09:30:02+12:00	hpsA_r3m_bn_bi_rho0p25_eps0p05_lr1e4_i40000	r3m_bn_bi	LITE_RUNNING
2026-08-07T09:30:10+12:00	hpsA_r3m_bn_bi_rho0p25_eps0p05_lr1e4_i40000	r3m_bn_bi	LITE_COMPLETE
2026-08-07T09:30:10+12:00	hpsA_r3m_bn_bi_rho0p25_eps0p05_lr1e4_i40000	r3m_bn_bi	LITE_RUNNING
2026-08-07T09:30:19+12:00	hpsA_r3m_bn_bi_rho0p25_eps0p05_lr1e4_i40000	r3m_bn_bi	LITE_COMPLETE
2026-08-07T09:30:19+12:00	hpsA_r3m_bn_bi_rho0p25_eps0p05_lr1e4_i40000	r3m_bn_bi	LITE_RUNNING
2026-08-07T09:30:28+12:00	hpsA_r3m_bn_bi_rho0p25_eps0p05_lr1e4_i40000	r3m_bn_bi	LITE_COMPLETE
2026-08-07T09:30:28+12:00	hpsA_r3m_bn_bi_rho0p25_eps0p05_lr1e4_i40000	r3m_bn_bi	LITE_RUNNING
2026-08-07T09:30:37+12:00	hpsA_r3m_bn_bi_rho0p25_eps0p05_lr1e4_i40000	r3m_bn_bi	LITE_COMPLETE
2026-08-07T09:30:37+12:00	hpsA_r3m_bn_bi_rho0p25_eps0p05_lr1e4_i40000	r3m_bn_bi	LITE_RUNNING
2026-08-07T09:30:46+12:00	hpsA_r3m_bn_bi_rho0p25_eps0p05_lr1e4_i40000	r3m_bn_bi	LITE_COMPLETE
2026-08-07T09:30:46+12:00	hpsA_r3m_bn_bi_rho0p25_eps0p05_lr1e4_i40000	r3m_bn_bi	LITE_RUNNING
2026-08-07T09:30:55+12:00	hpsA_r3m_bn_bi_rho0p25_eps0p05_lr1e4_i40000	r3m_bn_bi	LITE_COMPLETE
2026-08-07T09:30:55+12:00	hpsA_r3m_bn_bi_rho0p25_eps0p05_lr1e4_i40000	r3m_bn_bi	LITE_RUNNING
2026-08-07T09:31:04+12:00	hpsA_r3m_bn_bi_rho0p25_eps0p05_lr1e4_i40000	r3m_bn_bi	LITE_COMPLETE
2026-08-07T09:31:04+12:00	hpsA_r3m_bn_bi_rho0p25_eps0p05_lr1e4_i40000	r3m_bn_bi	LITE_RUNNING
2026-08-07T09:31:13+12:00	hpsA_r3m_bn_bi_rho0p25_eps0p05_lr1e4_i40000	r3m_bn_bi	LITE_COMPLETE
2026-08-07T09:31:13+12:00	hpsA_r3m_bn_bi_rho0p25_eps0p05_lr1e4_i40000	r3m_bn_bi	LITE_RUNNING
2026-08-07T09:31:22+12:00	hpsA_r3m_bn_bi_rho0p25_eps0p05_lr1e4_i40000	r3m_bn_bi	LITE_COMPLETE
2026-08-07T09:31:22+12:00	hpsA_r3m_bn_bi_rho0p25_eps0p05_lr1e4_i40000	r3m_bn_bi	LITE_RUNNING
2026-08-07T09:31:30+12:00	hpsA_r3m_bn_bi_rho0p25_eps0p05_lr1e4_i40000	r3m_bn_bi	LITE_COMPLETE
2026-08-07T09:31:30+12:00	hpsA_r3m_bn_bi_rho0p25_eps0p05_lr1e4_i40000	r3m_bn_bi	LITE_RUNNING
2026-08-07T09:31:39+12:00	hpsA_r3m_bn_bi_rho0p25_eps0p05_lr1e4_i40000	r3m_bn_bi	LITE_COMPLETE
2026-08-07T09:31:39+12:00	hpsA_r3m_bn_bi_rho0p25_eps0p05_lr1e4_i40000	r3m_bn_bi	LITE_RUNNING
2026-08-07T09:31:48+12:00	hpsA_r3m_bn_bi_rho0p25_eps0p05_lr1e4_i40000	r3m_bn_bi	LITE_COMPLETE
2026-08-07T09:31:48+12:00	hpsA_r3m_bn_bi_rho0p25_eps0p05_lr1e4_i40000	r3m_bn_bi	LITE_RUNNING
2026-08-07T09:31:57+12:00	hpsA_r3m_bn_bi_rho0p25_eps0p05_lr1e4_i40000	r3m_bn_bi	LITE_COMPLETE
2026-08-07T09:31:57+12:00	hpsA_r3m_bn_bi_rho0p25_eps0p05_lr1e4_i40000	r3m_bn_bi	LITE_RUNNING
2026-08-07T09:32:06+12:00	hpsA_r3m_bn_bi_rho0p25_eps0p05_lr1e4_i40000	r3m_bn_bi	LITE_COMPLETE
2026-08-07T09:32:06+12:00	hpsA_r3m_bn_bi_rho0p25_eps0p05_lr1e4_i40000	r3m_bn_bi	LITE_RUNNING
2026-08-07T09:32:15+12:00	hpsA_r3m_bn_bi_rho0p25_eps0p05_lr1e4_i40000	r3m_bn_bi	LITE_COMPLETE
2026-08-07T09:32:15+12:00	hpsA_r3m_bn_bi_rho0p25_eps0p05_lr1e4_i40000	r3m_bn_bi	LITE_RUNNING
2026-08-07T09:32:24+12:00	hpsA_r3m_bn_bi_rho0p25_eps0p05_lr1e4_i40000	r3m_bn_bi	LITE_COMPLETE
2026-08-07T09:32:24+12:00	hpsA_r3m_bn_bi_rho0p25_eps0p05_lr1e4_i40000	r3m_bn_bi	LITE_RUNNING
2026-08-07T09:32:33+12:00	hpsA_r3m_bn_bi_rho0p25_eps0p05_lr1e4_i40000	r3m_bn_bi	LITE_COMPLETE
2026-08-07T09:32:33+12:00	hpsA_r3m_bn_bi_rho0p25_eps0p05_lr1e4_i40000	r3m_bn_bi	LITE_RUNNING
2026-08-07T09:32:42+12:00	hpsA_r3m_bn_bi_rho0p25_eps0p05_lr1e4_i40000	r3m_bn_bi	LITE_COMPLETE
2026-08-07T09:32:42+12:00	hpsA_r3m_bn_bi_rho0p25_eps0p05_lr1e4_i40000	r3m_bn_bi	LITE_RUNNING
2026-08-07T09:32:50+12:00	hpsA_r3m_bn_bi_rho0p25_eps0p05_lr1e4_i40000	r3m_bn_bi	LITE_COMPLETE
2026-08-07T09:32:50+12:00	hpsA_r3m_bn_bi_rho0p25_eps0p05_lr1e4_i40000	r3m_bn_bi	LITE_RUNNING
2026-08-07T09:32:59+12:00	hpsA_r3m_bn_bi_rho0p25_eps0p05_lr1e4_i40000	r3m_bn_bi	LITE_COMPLETE
2026-08-07T09:32:59+12:00	hpsA_r3m_bn_bi_rho0p25_eps0p05_lr1e4_i40000	r3m_bn_bi	LITE_RUNNING
2026-08-07T09:33:08+12:00	hpsA_r3m_bn_bi_rho0p25_eps0p05_lr1e4_i40000	r3m_bn_bi	LITE_COMPLETE
2026-08-07T09:33:08+12:00	hpsA_r3m_bn_bi_rho0p25_eps0p05_lr1e4_i40000	r3m_bn_bi	LITE_RUNNING
2026-08-07T09:33:17+12:00	hpsA_r3m_bn_bi_rho0p25_eps0p05_lr1e4_i40000	r3m_bn_bi	LITE_COMPLETE
2026-08-07T09:33:17+12:00	hpsA_r3m_bn_bi_rho0p25_eps0p05_lr1e4_i40000	r3m_bn_bi	LITE_RUNNING
2026-08-07T09:33:26+12:00	hpsA_r3m_bn_bi_rho0p25_eps0p05_lr1e4_i40000	r3m_bn_bi	LITE_COMPLETE
2026-08-07T09:33:26+12:00	hpsA_r3m_bn_bi_rho0p25_eps0p05_lr1e4_i40000	r3m_bn_bi	LITE_RUNNING
2026-08-07T09:33:35+12:00	hpsA_r3m_bn_bi_rho0p25_eps0p05_lr1e4_i40000	r3m_bn_bi	LITE_COMPLETE
2026-08-07T09:33:35+12:00	hpsA_r3m_bn_bi_rho0p25_eps0p05_lr1e4_i40000	r3m_bn_bi	LITE_RUNNING
2026-08-07T09:33:44+12:00	hpsA_r3m_bn_bi_rho0p25_eps0p05_lr1e4_i40000	r3m_bn_bi	LITE_COMPLETE
2026-08-07T09:33:44+12:00	hpsA_r3m_bn_bi_rho0p25_eps0p05_lr1e4_i40000	r3m_bn_bi	LITE_RUNNING
2026-08-07T09:33:53+12:00	hpsA_r3m_bn_bi_rho0p25_eps0p05_lr1e4_i40000	r3m_bn_bi	LITE_COMPLETE
2026-08-07T09:33:53+12:00	hpsA_r3m_bn_bi_rho0p25_eps0p05_lr1e4_i40000	r3m_bn_bi	LITE_RUNNING
2026-08-07T09:34:02+12:00	hpsA_r3m_bn_bi_rho0p25_eps0p05_lr1e4_i40000	r3m_bn_bi	LITE_COMPLETE
2026-08-07T09:34:02+12:00	hpsA_r3m_bn_bi_rho0p25_eps0p05_lr1e4_i40000	r3m_bn_bi	LITE_RUNNING
2026-08-07T09:34:11+12:00	hpsA_r3m_bn_bi_rho0p25_eps0p05_lr1e4_i40000	r3m_bn_bi	LITE_COMPLETE
2026-08-07T09:34:11+12:00	hpsA_r3m_bn_bi_rho0p25_eps0p05_lr1e4_i40000	r3m_bn_bi	LITE_RUNNING
2026-08-07T09:34:20+12:00	hpsA_r3m_bn_bi_rho0p25_eps0p05_lr1e4_i40000	r3m_bn_bi	LITE_COMPLETE
2026-08-07T09:34:20+12:00	hpsA_r3m_bn_bi_rho0p25_eps0p05_lr1e4_i40000	r3m_bn_bi	LITE_RUNNING
2026-08-07T09:34:28+12:00	hpsA_r3m_bn_bi_rho0p25_eps0p05_lr1e4_i40000	r3m_bn_bi	LITE_COMPLETE
2026-08-07T09:34:28+12:00	hpsA_r3m_bn_bi_rho0p25_eps0p05_lr1e4_i40000	r3m_bn_bi	LITE_RUNNING
2026-08-07T09:34:37+12:00	hpsA_r3m_bn_bi_rho0p25_eps0p05_lr1e4_i40000	r3m_bn_bi	LITE_COMPLETE
2026-08-07T09:34:37+12:00	hpsA_r3m_bn_bi_rho0p25_eps0p05_lr1e4_i40000	r3m_bn_bi	LITE_RUNNING
2026-08-07T09:34:46+12:00	hpsA_r3m_bn_bi_rho0p25_eps0p05_lr1e4_i40000	r3m_bn_bi	LITE_COMPLETE
2026-08-07T09:34:46+12:00	hpsA_r3m_bn_bi_rho0p25_eps0p05_lr1e4_i40000	r3m_bn_bi	LITE_RUNNING
2026-08-07T09:34:55+12:00	hpsA_r3m_bn_bi_rho0p25_eps0p05_lr1e4_i40000	r3m_bn_bi	LITE_COMPLETE
2026-08-07T09:34:55+12:00	hpsA_r3m_bn_bi_rho0p25_eps0p05_lr1e4_i40000	r3m_bn_bi	LITE_RUNNING
2026-08-07T09:35:04+12:00	hpsA_r3m_bn_bi_rho0p25_eps0p05_lr1e4_i40000	r3m_bn_bi	LITE_COMPLETE
2026-08-07T09:35:04+12:00	hpsA_r3m_bn_bi_rho0p25_eps0p05_lr1e4_i40000	r3m_bn_bi	LITE_RUNNING
2026-08-07T09:35:13+12:00	hpsA_r3m_bn_bi_rho0p25_eps0p05_lr1e4_i40000	r3m_bn_bi	LITE_COMPLETE
2026-08-07T09:35:13+12:00	hpsA_r3m_bn_bi_rho0p25_eps0p05_lr1e4_i40000	r3m_bn_bi	LITE_RUNNING
2026-08-07T09:35:22+12:00	hpsA_r3m_bn_bi_rho0p25_eps0p05_lr1e4_i40000	r3m_bn_bi	LITE_COMPLETE
2026-08-07T09:35:22+12:00	hpsA_r3m_bn_bi_rho0p25_eps0p05_lr1e4_i40000	r3m_bn_bi	LITE_RUNNING
2026-08-07T09:35:31+12:00	hpsA_r3m_bn_bi_rho0p25_eps0p05_lr1e4_i40000	r3m_bn_bi	LITE_COMPLETE
2026-08-07T09:35:31+12:00	hpsA_r3m_bn_bi_rho0p25_eps0p05_lr1e4_i40000	r3m_bn_bi	LITE_RUNNING
2026-08-07T09:35:40+12:00	hpsA_r3m_bn_bi_rho0p25_eps0p05_lr1e4_i40000	r3m_bn_bi	LITE_COMPLETE
2026-08-07T09:35:40+12:00	hpsA_r3m_bn_bi_rho0p25_eps0p05_lr1e4_i40000	r3m_bn_bi	LITE_RUNNING
2026-08-07T09:35:49+12:00	hpsA_r3m_bn_bi_rho0p25_eps0p05_lr1e4_i40000	r3m_bn_bi	LITE_COMPLETE
2026-08-07T09:35:49+12:00	hpsA_r3m_bn_bi_rho0p25_eps0p05_lr1e4_i40000	r3m_bn_bi	LITE_RUNNING
2026-08-07T09:35:57+12:00	hpsA_r3m_bn_bi_rho0p25_eps0p05_lr1e4_i40000	r3m_bn_bi	LITE_COMPLETE
2026-08-07T09:35:57+12:00	hpsA_r3m_bn_bi_rho0p25_eps0p05_lr1e4_i40000	r3m_bn_bi	LITE_RUNNING
2026-08-07T09:36:06+12:00	hpsA_r3m_bn_bi_rho0p25_eps0p05_lr1e4_i40000	r3m_bn_bi	LITE_COMPLETE
2026-08-07T09:36:06+12:00	hpsA_r3m_bn_bi_rho0p25_eps0p05_lr1e4_i40000	r3m_bn_bi	LITE_RUNNING
2026-08-07T09:36:15+12:00	hpsA_r3m_bn_bi_rho0p25_eps0p05_lr1e4_i40000	r3m_bn_bi	LITE_COMPLETE
2026-08-07T09:36:15+12:00	hpsA_r3m_bn_bi_rho0p25_eps0p05_lr1e4_i40000	r3m_bn_bi	LITE_RUNNING
2026-08-07T09:36:24+12:00	hpsA_r3m_bn_bi_rho0p25_eps0p05_lr1e4_i40000	r3m_bn_bi	LITE_COMPLETE
2026-08-07T09:36:24+12:00	hpsA_r3m_bn_bi_rho0p25_eps0p05_lr1e4_i40000	r3m_bn_bi	LITE_RUNNING
2026-08-07T09:36:33+12:00	hpsA_r3m_bn_bi_rho0p25_eps0p05_lr1e4_i40000	r3m_bn_bi	LITE_COMPLETE
2026-08-07T09:36:33+12:00	hpsA_r3m_bn_bi_rho0p25_eps0p05_lr1e4_i40000	r3m_bn_bi	LITE_RUNNING
2026-08-07T09:36:42+12:00	hpsA_r3m_bn_bi_rho0p25_eps0p05_lr1e4_i40000	r3m_bn_bi	LITE_COMPLETE
2026-08-07T09:36:42+12:00	hpsA_r3m_bn_bi_rho0p25_eps0p05_lr1e4_i40000	r3m_bn_bi	LITE_RUNNING
2026-08-07T09:36:51+12:00	hpsA_r3m_bn_bi_rho0p25_eps0p05_lr1e4_i40000	r3m_bn_bi	LITE_COMPLETE
2026-08-07T09:36:51+12:00	hpsA_r3m_bn_bi_rho0p25_eps0p05_lr1e4_i40000	r3m_bn_bi	LITE_RUNNING
2026-08-07T09:37:00+12:00	hpsA_r3m_bn_bi_rho0p25_eps0p05_lr1e4_i40000	r3m_bn_bi	LITE_COMPLETE
2026-08-07T09:37:00+12:00	hpsA_r3m_bn_bi_rho0p25_eps0p05_lr1e4_i40000	r3m_bn_bi	LITE_RUNNING
2026-08-07T09:37:09+12:00	hpsA_r3m_bn_bi_rho0p25_eps0p05_lr1e4_i40000	r3m_bn_bi	LITE_COMPLETE
2026-08-07T09:37:09+12:00	hpsA_r3m_bn_bi_rho0p25_eps0p05_lr1e4_i40000	r3m_bn_bi	LITE_RUNNING
2026-08-07T09:37:17+12:00	hpsA_r3m_bn_bi_rho0p25_eps0p05_lr1e4_i40000	r3m_bn_bi	LITE_COMPLETE
2026-08-07T09:37:17+12:00	hpsA_r3m_bn_bi_rho0p25_eps0p05_lr1e4_i40000	r3m_bn_bi	LITE_RUNNING
2026-08-07T09:37:26+12:00	hpsA_r3m_bn_bi_rho0p25_eps0p05_lr1e4_i40000	r3m_bn_bi	LITE_COMPLETE
2026-08-07T09:37:26+12:00	hpsA_r3m_bn_bi_rho0p25_eps0p05_lr1e4_i40000	r3m_bn_bi	LITE_RUNNING
2026-08-07T09:37:35+12:00	hpsA_r3m_bn_bi_rho0p25_eps0p05_lr1e4_i40000	r3m_bn_bi	LITE_COMPLETE
2026-08-07T09:37:35+12:00	hpsA_r3m_bn_bi_rho0p25_eps0p05_lr1e4_i40000	r3m_bn_bi	LITE_RUNNING
2026-08-07T09:37:44+12:00	hpsA_r3m_bn_bi_rho0p25_eps0p05_lr1e4_i40000	r3m_bn_bi	LITE_COMPLETE
2026-08-07T09:37:44+12:00	hpsA_r3m_bn_bi_rho0p25_eps0p05_lr1e4_i40000	r3m_bn_bi	LITE_RUNNING
2026-08-07T09:37:53+12:00	hpsA_r3m_bn_bi_rho0p25_eps0p05_lr1e4_i40000	r3m_bn_bi	LITE_COMPLETE
2026-08-07T09:37:53+12:00	hpsA_r3m_bn_bi_rho0p25_eps0p05_lr1e4_i40000	r3m_bn_bi	LITE_RUNNING
2026-08-07T09:38:02+12:00	hpsA_r3m_bn_bi_rho0p25_eps0p05_lr1e4_i40000	r3m_bn_bi	LITE_COMPLETE
2026-08-07T09:38:02+12:00	hpsA_r3m_bn_bi_rho0p25_eps0p05_lr1e4_i40000	r3m_bn_bi	LITE_RUNNING
2026-08-07T09:38:11+12:00	hpsA_r3m_bn_bi_rho0p25_eps0p05_lr1e4_i40000	r3m_bn_bi	LITE_COMPLETE
2026-08-07T09:38:11+12:00	hpsA_r3m_bn_bi_rho0p25_eps0p05_lr1e4_i40000	r3m_bn_bi	LITE_RUNNING
2026-08-07T09:38:20+12:00	hpsA_r3m_bn_bi_rho0p25_eps0p05_lr1e4_i40000	r3m_bn_bi	LITE_COMPLETE
2026-08-07T09:38:20+12:00	hpsA_r3m_bn_bi_rho0p25_eps0p05_lr1e4_i40000	r3m_bn_bi	LITE_RUNNING
2026-08-07T09:38:29+12:00	hpsA_r3m_bn_bi_rho0p25_eps0p05_lr1e4_i40000	r3m_bn_bi	LITE_COMPLETE
2026-08-07T09:38:29+12:00	hpsA_r3m_bn_bi_rho0p25_eps0p05_lr1e4_i40000	r3m_bn_bi	LITE_RUNNING
2026-08-07T09:38:38+12:00	hpsA_r3m_bn_bi_rho0p25_eps0p05_lr1e4_i40000	r3m_bn_bi	LITE_COMPLETE
2026-08-07T09:38:38+12:00	hpsA_r3m_bn_bi_rho0p25_eps0p05_lr1e4_i40000	r3m_bn_bi	LITE_RUNNING
2026-08-07T09:38:47+12:00	hpsA_r3m_bn_bi_rho0p25_eps0p05_lr1e4_i40000	r3m_bn_bi	LITE_COMPLETE
2026-08-07T09:38:47+12:00	hpsA_r3m_bn_bi_rho0p25_eps0p05_lr1e4_i40000	r3m_bn_bi	LITE_RUNNING
2026-08-07T09:38:56+12:00	hpsA_r3m_bn_bi_rho0p25_eps0p05_lr1e4_i40000	r3m_bn_bi	LITE_COMPLETE
2026-08-07T09:38:56+12:00	hpsA_r3m_bn_bi_rho0p25_eps0p05_lr1e4_i40000	r3m_bn_bi	LITE_RUNNING
2026-08-07T09:39:05+12:00	hpsA_r3m_bn_bi_rho0p25_eps0p05_lr1e4_i40000	r3m_bn_bi	LITE_COMPLETE
2026-08-07T09:39:05+12:00	hpsA_r3m_bn_bi_rho0p25_eps0p05_lr1e4_i40000	r3m_bn_bi	LITE_RUNNING
2026-08-07T09:39:13+12:00	hpsA_r3m_bn_bi_rho0p25_eps0p05_lr1e4_i40000	r3m_bn_bi	LITE_COMPLETE
2026-08-07T09:39:13+12:00	hpsA_r3m_bn_bi_rho0p25_eps0p05_lr1e4_i40000	r3m_bn_bi	LITE_RUNNING
2026-08-07T09:39:22+12:00	hpsA_r3m_bn_bi_rho0p25_eps0p05_lr1e4_i40000	r3m_bn_bi	LITE_COMPLETE
2026-08-07T09:39:22+12:00	hpsA_r3m_bn_bi_rho0p25_eps0p05_lr1e4_i40000	r3m_bn_bi	LITE_RUNNING
2026-08-07T09:39:31+12:00	hpsA_r3m_bn_bi_rho0p25_eps0p05_lr1e4_i40000	r3m_bn_bi	LITE_COMPLETE
2026-08-07T09:39:31+12:00	hpsA_r3m_bn_bi_rho0p25_eps0p05_lr1e4_i40000	r3m_bn_bi	LITE_RUNNING
2026-08-07T09:39:40+12:00	hpsA_r3m_bn_bi_rho0p25_eps0p05_lr1e4_i40000	r3m_bn_bi	LITE_COMPLETE
2026-08-07T09:39:40+12:00	hpsA_r3m_bn_bi_rho0p25_eps0p05_lr1e4_i40000	r3m_bn_bi	LITE_RUNNING
2026-08-07T09:39:49+12:00	hpsA_r3m_bn_bi_rho0p25_eps0p05_lr1e4_i40000	r3m_bn_bi	LITE_COMPLETE
2026-08-07T09:39:49+12:00	hpsA_r3m_bn_bi_rho0p25_eps0p05_lr1e4_i40000	r3m_bn_bi	LITE_RUNNING
2026-08-07T09:39:58+12:00	hpsA_r3m_bn_bi_rho0p25_eps0p05_lr1e4_i40000	r3m_bn_bi	LITE_COMPLETE
2026-08-07T09:39:58+12:00	hpsA_r3m_bn_bi_rho0p25_eps0p05_lr1e4_i40000	r3m_bn_bi	LITE_RUNNING
2026-08-07T09:40:07+12:00	hpsA_r3m_bn_bi_rho0p25_eps0p05_lr1e4_i40000	r3m_bn_bi	LITE_COMPLETE
2026-08-07T09:40:07+12:00	hpsA_r3m_bn_bi_rho0p25_eps0p05_lr1e4_i40000	r3m_bn_bi	LITE_RUNNING
2026-08-07T09:40:16+12:00	hpsA_r3m_bn_bi_rho0p25_eps0p05_lr1e4_i40000	r3m_bn_bi	LITE_COMPLETE
2026-08-07T09:40:16+12:00	hpsA_r3m_bn_bi_rho0p25_eps0p05_lr1e4_i40000	r3m_bn_bi	LITE_RUNNING
2026-08-07T09:40:25+12:00	hpsA_r3m_bn_bi_rho0p25_eps0p05_lr1e4_i40000	r3m_bn_bi	LITE_COMPLETE
2026-08-07T09:40:25+12:00	hpsA_r3m_bn_bi_rho0p25_eps0p05_lr1e4_i40000	r3m_bn_bi	LITE_RUNNING
2026-08-07T09:40:34+12:00	hpsA_r3m_bn_bi_rho0p25_eps0p05_lr1e4_i40000	r3m_bn_bi	LITE_COMPLETE
2026-08-07T09:40:34+12:00	hpsA_r3m_bn_bi_rho0p25_eps0p05_lr1e4_i40000	r3m_bn_bi	LITE_RUNNING
2026-08-07T09:40:42+12:00	hpsA_r3m_bn_bi_rho0p25_eps0p05_lr1e4_i40000	r3m_bn_bi	LITE_COMPLETE
2026-08-07T09:40:42+12:00	hpsA_r3m_bn_bi_rho0p25_eps0p05_lr1e4_i40000	r3m_bn_bi	LITE_RUNNING
2026-08-07T09:40:51+12:00	hpsA_r3m_bn_bi_rho0p25_eps0p05_lr1e4_i40000	r3m_bn_bi	LITE_COMPLETE
2026-08-07T09:40:51+12:00	hpsA_r3m_bn_bi_rho0p25_eps0p05_lr1e4_i40000	r3m_bn_bi	LITE_RUNNING
2026-08-07T09:41:00+12:00	hpsA_r3m_bn_bi_rho0p25_eps0p05_lr1e4_i40000	r3m_bn_bi	LITE_COMPLETE
2026-08-07T09:41:00+12:00	hpsA_r3m_bn_bi_rho0p25_eps0p05_lr1e4_i40000	r3m_bn_bi	LITE_RUNNING
2026-08-07T09:41:09+12:00	hpsA_r3m_bn_bi_rho0p25_eps0p05_lr1e4_i40000	r3m_bn_bi	LITE_COMPLETE
2026-08-07T09:41:09+12:00	hpsA_r3m_bn_bi_rho0p25_eps0p05_lr1e4_i40000	r3m_bn_bi	LITE_RUNNING
2026-08-07T09:41:18+12:00	hpsA_r3m_bn_bi_rho0p25_eps0p05_lr1e4_i40000	r3m_bn_bi	LITE_COMPLETE
2026-08-07T09:41:18+12:00	hpsA_r3m_bn_bi_rho0p25_eps0p05_lr1e4_i40000	r3m_bn_bi	LITE_RUNNING
2026-08-07T09:41:27+12:00	hpsA_r3m_bn_bi_rho0p25_eps0p05_lr1e4_i40000	r3m_bn_bi	LITE_COMPLETE
2026-08-07T09:41:27+12:00	hpsA_r3m_bn_bi_rho0p25_eps0p05_lr1e4_i40000	r3m_bn_bi	LITE_RUNNING
2026-08-07T09:41:36+12:00	hpsA_r3m_bn_bi_rho0p25_eps0p05_lr1e4_i40000	r3m_bn_bi	LITE_COMPLETE
2026-08-07T09:41:36+12:00	hpsA_r3m_bn_bi_rho0p25_eps0p05_lr1e4_i40000	r3m_bn_bi	LITE_RUNNING
2026-08-07T09:41:45+12:00	hpsA_r3m_bn_bi_rho0p25_eps0p05_lr1e4_i40000	r3m_bn_bi	LITE_COMPLETE
2026-08-07T09:41:45+12:00	hpsA_r3m_bn_bi_rho0p25_eps0p05_lr1e4_i40000	r3m_bn_bi	LITE_RUNNING
2026-08-07T09:41:54+12:00	hpsA_r3m_bn_bi_rho0p25_eps0p05_lr1e4_i40000	r3m_bn_bi	LITE_COMPLETE
2026-08-07T09:41:54+12:00	hpsA_r3m_bn_bi_rho0p25_eps0p05_lr1e4_i40000	r3m_bn_bi	LITE_RUNNING
2026-08-07T09:42:03+12:00	hpsA_r3m_bn_bi_rho0p25_eps0p05_lr1e4_i40000	r3m_bn_bi	LITE_COMPLETE
2026-08-07T09:42:03+12:00	hpsA_r3m_bn_bi_rho0p25_eps0p05_lr1e4_i40000	r3m_bn_bi	LITE_RUNNING
2026-08-07T09:42:12+12:00	hpsA_r3m_bn_bi_rho0p25_eps0p05_lr1e4_i40000	r3m_bn_bi	LITE_COMPLETE
2026-08-07T09:42:12+12:00	hpsA_r3m_bn_bi_rho0p25_eps0p05_lr1e4_i40000	r3m_bn_bi	LITE_RUNNING
2026-08-07T09:42:20+12:00	hpsA_r3m_bn_bi_rho0p25_eps0p05_lr1e4_i40000	r3m_bn_bi	LITE_COMPLETE
2026-08-07T09:42:20+12:00	hpsA_r3m_bn_bi_rho0p25_eps0p05_lr1e4_i40000	r3m_bn_bi	LITE_RUNNING
2026-08-07T09:42:29+12:00	hpsA_r3m_bn_bi_rho0p25_eps0p05_lr1e4_i40000	r3m_bn_bi	LITE_COMPLETE
2026-08-07T09:42:29+12:00	hpsA_r3m_bn_bi_rho0p25_eps0p05_lr1e4_i40000	r3m_bn_bi	LITE_RUNNING
2026-08-07T09:42:38+12:00	hpsA_r3m_bn_bi_rho0p25_eps0p05_lr1e4_i40000	r3m_bn_bi	LITE_COMPLETE
2026-08-07T09:42:38+12:00	hpsA_r3m_bn_bi_rho0p25_eps0p05_lr1e4_i40000	r3m_bn_bi	LITE_RUNNING
2026-08-07T09:42:47+12:00	hpsA_r3m_bn_bi_rho0p25_eps0p05_lr1e4_i40000	r3m_bn_bi	LITE_COMPLETE
2026-08-07T09:42:47+12:00	hpsA_r3m_bn_bi_rho0p25_eps0p05_lr1e4_i40000	r3m_bn_bi	LITE_RUNNING
2026-08-07T09:42:56+12:00	hpsA_r3m_bn_bi_rho0p25_eps0p05_lr1e4_i40000	r3m_bn_bi	LITE_COMPLETE
2026-08-07T09:42:56+12:00	hpsA_r3m_bn_bi_rho0p25_eps0p05_lr1e4_i40000	r3m_bn_bi	LITE_RUNNING
2026-08-07T09:43:05+12:00	hpsA_r3m_bn_bi_rho0p25_eps0p05_lr1e4_i40000	r3m_bn_bi	LITE_COMPLETE
2026-08-07T09:43:05+12:00	hpsA_r3m_bn_bi_rho0p25_eps0p05_lr1e4_i40000	r3m_bn_bi	LITE_RUNNING
2026-08-07T09:43:14+12:00	hpsA_r3m_bn_bi_rho0p25_eps0p05_lr1e4_i40000	r3m_bn_bi	LITE_COMPLETE
2026-08-07T09:43:14+12:00	hpsA_r3m_bn_bi_rho0p25_eps0p05_lr1e4_i40000	r3m_bn_bi	LITE_RUNNING
2026-08-07T09:43:23+12:00	hpsA_r3m_bn_bi_rho0p25_eps0p05_lr1e4_i40000	r3m_bn_bi	LITE_COMPLETE
2026-08-07T09:43:23+12:00	hpsA_r3m_bn_bi_rho0p25_eps0p05_lr1e4_i40000	r3m_bn_bi	LITE_RUNNING
2026-08-07T09:43:32+12:00	hpsA_r3m_bn_bi_rho0p25_eps0p05_lr1e4_i40000	r3m_bn_bi	LITE_COMPLETE
2026-08-07T09:43:32+12:00	hpsA_r3m_bn_bi_rho0p25_eps0p05_lr1e4_i40000	r3m_bn_bi	LITE_RUNNING
2026-08-07T09:43:41+12:00	hpsA_r3m_bn_bi_rho0p25_eps0p05_lr1e4_i40000	r3m_bn_bi	LITE_COMPLETE
2026-08-07T09:43:41+12:00	hpsA_r3m_bn_bi_rho0p25_eps0p05_lr1e4_i40000	r3m_bn_bi	LITE_RUNNING
2026-08-07T09:43:49+12:00	hpsA_r3m_bn_bi_rho0p25_eps0p05_lr1e4_i40000	r3m_bn_bi	LITE_COMPLETE
2026-08-07T09:43:49+12:00	hpsA_r3m_bn_bi_rho0p25_eps0p05_lr1e4_i40000	r3m_bn_bi	LITE_RUNNING
2026-08-07T09:43:58+12:00	hpsA_r3m_bn_bi_rho0p25_eps0p05_lr1e4_i40000	r3m_bn_bi	LITE_COMPLETE
2026-08-07T09:43:58+12:00	hpsA_r3m_bn_bi_rho0p25_eps0p05_lr1e4_i40000	r3m_bn_bi	LITE_RUNNING
2026-08-07T09:44:07+12:00	hpsA_r3m_bn_bi_rho0p25_eps0p05_lr1e4_i40000	r3m_bn_bi	LITE_COMPLETE
2026-08-07T09:44:07+12:00	hpsA_r3m_bn_bi_rho0p25_eps0p05_lr1e4_i40000	r3m_bn_bi	LITE_RUNNING
2026-08-07T09:44:16+12:00	hpsA_r3m_bn_bi_rho0p25_eps0p05_lr1e4_i40000	r3m_bn_bi	LITE_COMPLETE
2026-08-07T09:44:16+12:00	hpsA_r3m_bn_bi_rho0p25_eps0p05_lr1e4_i40000	r3m_bn_bi	LITE_RUNNING
2026-08-07T09:44:25+12:00	hpsA_r3m_bn_bi_rho0p25_eps0p05_lr1e4_i40000	r3m_bn_bi	LITE_COMPLETE
2026-08-07T09:44:25+12:00	hpsA_r3m_bn_bi_rho0p25_eps0p05_lr1e4_i40000	r3m_bn_bi	LITE_RUNNING
2026-08-07T09:44:34+12:00	hpsA_r3m_bn_bi_rho0p25_eps0p05_lr1e4_i40000	r3m_bn_bi	LITE_COMPLETE
2026-08-07T09:44:34+12:00	hpsA_r3m_bn_bi_rho0p25_eps0p05_lr1e4_i40000	r3m_bn_bi	LITE_RUNNING
2026-08-07T09:44:43+12:00	hpsA_r3m_bn_bi_rho0p25_eps0p05_lr1e4_i40000	r3m_bn_bi	LITE_COMPLETE
2026-08-07T09:44:43+12:00	hpsA_r3m_bn_bi_rho0p25_eps0p05_lr1e4_i40000	r3m_bn_bi	LITE_RUNNING
2026-08-07T09:44:52+12:00	hpsA_r3m_bn_bi_rho0p25_eps0p05_lr1e4_i40000	r3m_bn_bi	LITE_COMPLETE
2026-08-07T09:44:52+12:00	hpsA_r3m_bn_bi_rho0p25_eps0p05_lr1e4_i40000	r3m_bn_bi	LITE_RUNNING
2026-08-07T09:45:01+12:00	hpsA_r3m_bn_bi_rho0p25_eps0p05_lr1e4_i40000	r3m_bn_bi	LITE_COMPLETE
2026-08-07T09:45:01+12:00	hpsA_r3m_bn_bi_rho0p25_eps0p05_lr1e4_i40000	r3m_bn_bi	LITE_RUNNING
2026-08-07T09:45:10+12:00	hpsA_r3m_bn_bi_rho0p25_eps0p05_lr1e4_i40000	r3m_bn_bi	LITE_COMPLETE
2026-08-07T09:45:10+12:00	hpsA_r3m_bn_bi_rho0p25_eps0p05_lr1e4_i40000	r3m_bn_bi	LITE_RUNNING
2026-08-07T09:45:19+12:00	hpsA_r3m_bn_bi_rho0p25_eps0p05_lr1e4_i40000	r3m_bn_bi	LITE_COMPLETE
2026-08-07T09:45:19+12:00	hpsA_r3m_bn_bi_rho0p25_eps0p05_lr1e4_i40000	r3m_bn_bi	LITE_RUNNING
2026-08-07T09:45:28+12:00	hpsA_r3m_bn_bi_rho0p25_eps0p05_lr1e4_i40000	r3m_bn_bi	LITE_COMPLETE
2026-08-07T09:45:28+12:00	hpsA_r3m_bn_bi_rho0p25_eps0p05_lr1e4_i40000	r3m_bn_bi	LITE_RUNNING
2026-08-07T09:45:36+12:00	hpsA_r3m_bn_bi_rho0p25_eps0p05_lr1e4_i40000	r3m_bn_bi	LITE_COMPLETE
2026-08-07T09:45:36+12:00	hpsA_r3m_bn_bi_rho0p25_eps0p05_lr1e4_i40000	r3m_bn_bi	LITE_RUNNING
2026-08-07T09:45:45+12:00	hpsA_r3m_bn_bi_rho0p25_eps0p05_lr1e4_i40000	r3m_bn_bi	LITE_COMPLETE
2026-08-07T09:45:45+12:00	hpsA_r3m_bn_bi_rho0p25_eps0p05_lr1e4_i40000	r3m_bn_bi	LITE_RUNNING
2026-08-07T09:45:54+12:00	hpsA_r3m_bn_bi_rho0p25_eps0p05_lr1e4_i40000	r3m_bn_bi	LITE_COMPLETE
2026-08-07T09:45:54+12:00	hpsA_r3m_bn_bi_rho0p25_eps0p05_lr1e4_i40000	r3m_bn_bi	LITE_RUNNING
2026-08-07T09:46:03+12:00	hpsA_r3m_bn_bi_rho0p25_eps0p05_lr1e4_i40000	r3m_bn_bi	LITE_COMPLETE
2026-08-07T09:46:03+12:00	hpsA_r3m_bn_bi_rho0p25_eps0p05_lr1e4_i40000	r3m_bn_bi	LITE_RUNNING
2026-08-07T09:46:12+12:00	hpsA_r3m_bn_bi_rho0p25_eps0p05_lr1e4_i40000	r3m_bn_bi	LITE_COMPLETE
2026-08-07T09:46:12+12:00	hpsA_r3m_bn_bi_rho0p25_eps0p05_lr1e4_i40000	r3m_bn_bi	LITE_RUNNING
2026-08-07T09:46:21+12:00	hpsA_r3m_bn_bi_rho0p25_eps0p05_lr1e4_i40000	r3m_bn_bi	LITE_COMPLETE
2026-08-07T09:46:21+12:00	hpsA_r3m_bn_bi_rho0p25_eps0p05_lr1e4_i40000	r3m_bn_bi	LITE_RUNNING
2026-08-07T09:46:30+12:00	hpsA_r3m_bn_bi_rho0p25_eps0p05_lr1e4_i40000	r3m_bn_bi	LITE_COMPLETE
2026-08-07T09:46:30+12:00	hpsA_r3m_bn_bi_rho0p25_eps0p05_lr1e4_i40000	r3m_bn_bi	LITE_RUNNING
2026-08-07T09:46:39+12:00	hpsA_r3m_bn_bi_rho0p25_eps0p05_lr1e4_i40000	r3m_bn_bi	LITE_COMPLETE
2026-08-07T09:46:39+12:00	hpsA_r3m_bn_bi_rho0p25_eps0p05_lr1e4_i40000	r3m_bn_bi	LITE_RUNNING
2026-08-07T09:46:48+12:00	hpsA_r3m_bn_bi_rho0p25_eps0p05_lr1e4_i40000	r3m_bn_bi	LITE_COMPLETE
2026-08-07T09:46:48+12:00	hpsA_r3m_bn_bi_rho0p25_eps0p05_lr1e4_i40000	r3m_bn_bi	LITE_RUNNING
2026-08-07T09:46:57+12:00	hpsA_r3m_bn_bi_rho0p25_eps0p05_lr1e4_i40000	r3m_bn_bi	LITE_COMPLETE
2026-08-07T09:46:57+12:00	hpsA_r3m_bn_bi_rho0p25_eps0p05_lr1e4_i40000	r3m_bn_bi	LITE_RUNNING
2026-08-07T09:47:06+12:00	hpsA_r3m_bn_bi_rho0p25_eps0p05_lr1e4_i40000	r3m_bn_bi	LITE_COMPLETE
2026-08-07T09:47:06+12:00	hpsA_r3m_bn_bi_rho0p25_eps0p05_lr1e4_i40000	r3m_bn_bi	LITE_RUNNING
2026-08-07T09:47:14+12:00	hpsA_r3m_bn_bi_rho0p25_eps0p05_lr1e4_i40000	r3m_bn_bi	LITE_COMPLETE
2026-08-07T09:47:14+12:00	hpsA_r3m_bn_bi_rho0p25_eps0p05_lr1e4_i40000	r3m_bn_bi	LITE_RUNNING
2026-08-07T09:47:23+12:00	hpsA_r3m_bn_bi_rho0p25_eps0p05_lr1e4_i40000	r3m_bn_bi	LITE_COMPLETE
2026-08-07T09:47:23+12:00	hpsA_r3m_bn_bi_rho0p25_eps0p05_lr1e4_i40000	r3m_bn_bi	LITE_RUNNING
2026-08-07T09:47:32+12:00	hpsA_r3m_bn_bi_rho0p25_eps0p05_lr1e4_i40000	r3m_bn_bi	LITE_COMPLETE
2026-08-07T09:47:32+12:00	hpsA_r3m_bn_bi_rho0p25_eps0p05_lr1e4_i40000	r3m_bn_bi	LITE_RUNNING
2026-08-07T09:47:41+12:00	hpsA_r3m_bn_bi_rho0p25_eps0p05_lr1e4_i40000	r3m_bn_bi	LITE_COMPLETE
2026-08-07T09:47:41+12:00	hpsA_r3m_bn_bi_rho0p25_eps0p05_lr1e4_i40000	r3m_bn_bi	LITE_RUNNING
2026-08-07T09:47:50+12:00	hpsA_r3m_bn_bi_rho0p25_eps0p05_lr1e4_i40000	r3m_bn_bi	LITE_COMPLETE
2026-08-07T09:47:50+12:00	hpsA_r3m_bn_bi_rho0p25_eps0p05_lr1e4_i40000	r3m_bn_bi	LITE_RUNNING
2026-08-07T09:47:59+12:00	hpsA_r3m_bn_bi_rho0p25_eps0p05_lr1e4_i40000	r3m_bn_bi	LITE_COMPLETE
2026-08-07T09:47:59+12:00	hpsA_r3m_bn_bi_rho0p25_eps0p05_lr1e4_i40000	r3m_bn_bi	LITE_RUNNING
2026-08-07T09:48:08+12:00	hpsA_r3m_bn_bi_rho0p25_eps0p05_lr1e4_i40000	r3m_bn_bi	LITE_COMPLETE
2026-08-07T09:48:08+12:00	hpsA_r3m_bn_bi_rho0p25_eps0p05_lr1e4_i40000	r3m_bn_bi	LITE_RUNNING
2026-08-07T09:48:17+12:00	hpsA_r3m_bn_bi_rho0p25_eps0p05_lr1e4_i40000	r3m_bn_bi	LITE_COMPLETE
2026-08-07T09:48:17+12:00	hpsA_r3m_bn_bi_rho0p25_eps0p05_lr1e4_i40000	r3m_bn_bi	LITE_RUNNING
2026-08-07T09:48:26+12:00	hpsA_r3m_bn_bi_rho0p25_eps0p05_lr1e4_i40000	r3m_bn_bi	LITE_COMPLETE
2026-08-07T09:48:26+12:00	hpsA_r3m_bn_bi_rho0p25_eps0p05_lr1e4_i40000	r3m_bn_bi	LITE_RUNNING
2026-08-07T09:48:35+12:00	hpsA_r3m_bn_bi_rho0p25_eps0p05_lr1e4_i40000	r3m_bn_bi	LITE_COMPLETE
2026-08-07T09:48:35+12:00	hpsA_r3m_bn_bi_rho0p25_eps0p05_lr1e4_i40000	r3m_bn_bi	LITE_RUNNING
2026-08-07T09:48:43+12:00	hpsA_r3m_bn_bi_rho0p25_eps0p05_lr1e4_i40000	r3m_bn_bi	LITE_COMPLETE
2026-08-07T09:48:43+12:00	hpsA_r3m_bn_bi_rho0p25_eps0p05_lr1e4_i40000	r3m_bn_bi	LITE_RUNNING
2026-08-07T09:48:52+12:00	hpsA_r3m_bn_bi_rho0p25_eps0p05_lr1e4_i40000	r3m_bn_bi	LITE_COMPLETE
2026-08-07T09:48:52+12:00	hpsA_r3m_bn_bi_rho0p25_eps0p05_lr1e4_i40000	r3m_bn_bi	LITE_RUNNING
2026-08-07T09:49:01+12:00	hpsA_r3m_bn_bi_rho0p25_eps0p05_lr1e4_i40000	r3m_bn_bi	LITE_COMPLETE
2026-08-07T09:49:01+12:00	hpsA_r3m_bn_bi_rho0p25_eps0p05_lr1e4_i40000	r3m_bn_bi	LITE_RUNNING
2026-08-07T09:49:10+12:00	hpsA_r3m_bn_bi_rho0p25_eps0p05_lr1e4_i40000	r3m_bn_bi	LITE_COMPLETE
2026-08-07T09:49:10+12:00	hpsA_r3m_bn_bi_rho0p25_eps0p05_lr1e4_i40000	r3m_bn_bi	LITE_RUNNING
2026-08-07T09:49:19+12:00	hpsA_r3m_bn_bi_rho0p25_eps0p05_lr1e4_i40000	r3m_bn_bi	LITE_COMPLETE
2026-08-07T09:49:19+12:00	hpsA_r3m_bn_bi_rho0p25_eps0p05_lr1e4_i40000	r3m_bn_bi	LITE_RUNNING
2026-08-07T09:49:28+12:00	hpsA_r3m_bn_bi_rho0p25_eps0p05_lr1e4_i40000	r3m_bn_bi	LITE_COMPLETE
2026-08-07T09:49:28+12:00	hpsA_r3m_bn_bi_rho0p25_eps0p05_lr1e4_i40000	r3m_bn_bi	LITE_RUNNING
2026-08-07T09:49:37+12:00	hpsA_r3m_bn_bi_rho0p25_eps0p05_lr1e4_i40000	r3m_bn_bi	LITE_COMPLETE
2026-08-07T09:49:37+12:00	hpsA_r3m_bn_bi_rho0p25_eps0p05_lr1e4_i40000	r3m_bn_bi	LITE_RUNNING
2026-08-07T09:49:46+12:00	hpsA_r3m_bn_bi_rho0p25_eps0p05_lr1e4_i40000	r3m_bn_bi	LITE_COMPLETE
2026-08-07T09:49:46+12:00	hpsA_r3m_bn_bi_rho0p25_eps0p05_lr1e4_i40000	r3m_bn_bi	LITE_RUNNING
2026-08-07T09:49:55+12:00	hpsA_r3m_bn_bi_rho0p25_eps0p05_lr1e4_i40000	r3m_bn_bi	LITE_COMPLETE
2026-08-07T09:49:55+12:00	hpsA_r3m_bn_bi_rho0p25_eps0p05_lr1e4_i40000	r3m_bn_bi	LITE_RUNNING
2026-08-07T09:50:04+12:00	hpsA_r3m_bn_bi_rho0p25_eps0p05_lr1e4_i40000	r3m_bn_bi	LITE_COMPLETE
2026-08-07T09:50:04+12:00	hpsA_r3m_bn_bi_rho0p25_eps0p05_lr1e4_i40000	r3m_bn_bi	LITE_RUNNING
2026-08-07T09:50:13+12:00	hpsA_r3m_bn_bi_rho0p25_eps0p05_lr1e4_i40000	r3m_bn_bi	LITE_COMPLETE
2026-08-07T09:50:13+12:00	hpsA_r3m_bn_bi_rho0p25_eps0p05_lr1e4_i40000	r3m_bn_bi	LITE_RUNNING
2026-08-07T09:50:21+12:00	hpsA_r3m_bn_bi_rho0p25_eps0p05_lr1e4_i40000	r3m_bn_bi	LITE_COMPLETE
2026-08-07T09:50:21+12:00	hpsA_r3m_bn_bi_rho0p25_eps0p05_lr1e4_i40000	r3m_bn_bi	LITE_RUNNING
2026-08-07T09:50:30+12:00	hpsA_r3m_bn_bi_rho0p25_eps0p05_lr1e4_i40000	r3m_bn_bi	LITE_COMPLETE
2026-08-07T09:50:30+12:00	hpsA_r3m_bn_bi_rho0p25_eps0p05_lr1e4_i40000	r3m_bn_bi	LITE_RUNNING
2026-08-07T09:50:39+12:00	hpsA_r3m_bn_bi_rho0p25_eps0p05_lr1e4_i40000	r3m_bn_bi	LITE_COMPLETE
2026-08-07T09:50:39+12:00	hpsA_r3m_bn_bi_rho0p25_eps0p05_lr1e4_i40000	r3m_bn_bi	LITE_RUNNING
2026-08-07T09:50:48+12:00	hpsA_r3m_bn_bi_rho0p25_eps0p05_lr1e4_i40000	r3m_bn_bi	LITE_COMPLETE
2026-08-07T09:50:48+12:00	hpsA_r3m_bn_bi_rho0p25_eps0p05_lr1e4_i40000	r3m_bn_bi	LITE_RUNNING
2026-08-07T09:50:57+12:00	hpsA_r3m_bn_bi_rho0p25_eps0p05_lr1e4_i40000	r3m_bn_bi	LITE_COMPLETE
2026-08-07T09:50:57+12:00	hpsA_r3m_bn_bi_rho0p25_eps0p05_lr1e4_i40000	r3m_bn_bi	LITE_RUNNING
2026-08-07T09:51:06+12:00	hpsA_r3m_bn_bi_rho0p25_eps0p05_lr1e4_i40000	r3m_bn_bi	LITE_COMPLETE
2026-08-07T09:51:06+12:00	hpsA_r3m_bn_bi_rho0p25_eps0p05_lr1e4_i40000	r3m_bn_bi	LITE_RUNNING
2026-08-07T09:51:15+12:00	hpsA_r3m_bn_bi_rho0p25_eps0p05_lr1e4_i40000	r3m_bn_bi	LITE_COMPLETE
2026-08-07T09:51:15+12:00	hpsA_r3m_bn_bi_rho0p25_eps0p05_lr1e4_i40000	r3m_bn_bi	LITE_RUNNING
2026-08-07T09:51:24+12:00	hpsA_r3m_bn_bi_rho0p25_eps0p05_lr1e4_i40000	r3m_bn_bi	LITE_COMPLETE
2026-08-07T09:51:24+12:00	hpsA_r3m_bn_bi_rho0p25_eps0p05_lr1e4_i40000	r3m_bn_bi	LITE_RUNNING
2026-08-07T09:51:33+12:00	hpsA_r3m_bn_bi_rho0p25_eps0p05_lr1e4_i40000	r3m_bn_bi	LITE_COMPLETE
2026-08-07T09:51:33+12:00	hpsA_r3m_bn_bi_rho0p25_eps0p05_lr1e4_i40000	r3m_bn_bi	LITE_RUNNING
2026-08-07T09:51:42+12:00	hpsA_r3m_bn_bi_rho0p25_eps0p05_lr1e4_i40000	r3m_bn_bi	LITE_COMPLETE
2026-08-07T09:51:42+12:00	hpsA_r3m_bn_bi_rho0p25_eps0p05_lr1e4_i40000	r3m_bn_bi	LITE_RUNNING
2026-08-07T09:51:50+12:00	hpsA_r3m_bn_bi_rho0p25_eps0p05_lr1e4_i40000	r3m_bn_bi	LITE_COMPLETE
2026-08-07T09:51:50+12:00	hpsA_r3m_bn_bi_rho0p25_eps0p05_lr1e4_i40000	r3m_bn_bi	LITE_RUNNING
2026-08-07T09:51:59+12:00	hpsA_r3m_bn_bi_rho0p25_eps0p05_lr1e4_i40000	r3m_bn_bi	LITE_COMPLETE
2026-08-07T09:51:59+12:00	hpsA_r3m_bn_bi_rho0p25_eps0p05_lr1e4_i40000	r3m_bn_bi	LITE_RUNNING
2026-08-07T09:52:08+12:00	hpsA_r3m_bn_bi_rho0p25_eps0p05_lr1e4_i40000	r3m_bn_bi	LITE_COMPLETE
2026-08-07T09:52:08+12:00	hpsA_r3m_bn_bi_rho0p25_eps0p05_lr1e4_i40000	r3m_bn_bi	LITE_RUNNING
2026-08-07T09:52:17+12:00	hpsA_r3m_bn_bi_rho0p25_eps0p05_lr1e4_i40000	r3m_bn_bi	LITE_COMPLETE
2026-08-07T09:52:17+12:00	hpsA_r3m_bn_bi_rho0p25_eps0p05_lr1e4_i40000	r3m_bn_bi	LITE_RUNNING
2026-08-07T09:52:26+12:00	hpsA_r3m_bn_bi_rho0p25_eps0p05_lr1e4_i40000	r3m_bn_bi	LITE_COMPLETE
2026-08-07T09:52:26+12:00	hpsA_r3m_bn_bi_rho0p25_eps0p05_lr1e4_i40000	r3m_bn_bi	LITE_RUNNING
2026-08-07T09:52:35+12:00	hpsA_r3m_bn_bi_rho0p25_eps0p05_lr1e4_i40000	r3m_bn_bi	LITE_COMPLETE
2026-08-07T09:52:35+12:00	hpsA_r3m_bn_bi_rho0p25_eps0p05_lr1e4_i40000	r3m_bn_bi	LITE_RUNNING
2026-08-07T09:52:44+12:00	hpsA_r3m_bn_bi_rho0p25_eps0p05_lr1e4_i40000	r3m_bn_bi	LITE_COMPLETE
2026-08-07T09:52:44+12:00	hpsA_r3m_bn_bi_rho0p25_eps0p05_lr1e4_i40000	r3m_bn_bi	LITE_RUNNING
2026-08-07T09:52:53+12:00	hpsA_r3m_bn_bi_rho0p25_eps0p05_lr1e4_i40000	r3m_bn_bi	LITE_COMPLETE
2026-08-07T09:52:53+12:00	hpsA_r3m_bn_bi_rho0p25_eps0p05_lr1e4_i40000	r3m_bn_bi	LITE_RUNNING
2026-08-07T09:53:02+12:00	hpsA_r3m_bn_bi_rho0p25_eps0p05_lr1e4_i40000	r3m_bn_bi	LITE_COMPLETE
2026-08-07T09:53:02+12:00	hpsA_r3m_bn_bi_rho0p25_eps0p05_lr1e4_i40000	r3m_bn_bi	LITE_RUNNING
2026-08-07T09:53:11+12:00	hpsA_r3m_bn_bi_rho0p25_eps0p05_lr1e4_i40000	r3m_bn_bi	LITE_COMPLETE
2026-08-07T09:53:11+12:00	hpsA_r3m_bn_bi_rho0p25_eps0p05_lr1e4_i40000	r3m_bn_bi	LITE_RUNNING
2026-08-07T09:53:20+12:00	hpsA_r3m_bn_bi_rho0p25_eps0p05_lr1e4_i40000	r3m_bn_bi	LITE_COMPLETE
2026-08-07T09:53:20+12:00	hpsA_r3m_bn_bi_rho0p25_eps0p05_lr1e4_i40000	r3m_bn_bi	LITE_RUNNING
2026-08-07T09:53:29+12:00	hpsA_r3m_bn_bi_rho0p25_eps0p05_lr1e4_i40000	r3m_bn_bi	LITE_COMPLETE
2026-08-07T09:53:29+12:00	hpsA_r3m_bn_bi_rho0p25_eps0p05_lr1e4_i40000	r3m_bn_bi	LITE_RUNNING
2026-08-07T09:53:37+12:00	hpsA_r3m_bn_bi_rho0p25_eps0p05_lr1e4_i40000	r3m_bn_bi	LITE_COMPLETE
2026-08-07T09:53:37+12:00	hpsA_r3m_bn_bi_rho0p25_eps0p05_lr1e4_i40000	r3m_bn_bi	LITE_RUNNING
2026-08-07T09:53:46+12:00	hpsA_r3m_bn_bi_rho0p25_eps0p05_lr1e4_i40000	r3m_bn_bi	LITE_COMPLETE
2026-08-07T09:53:46+12:00	hpsA_r3m_bn_bi_rho0p25_eps0p05_lr1e4_i40000	r3m_bn_bi	LITE_RUNNING
2026-08-07T09:53:55+12:00	hpsA_r3m_bn_bi_rho0p25_eps0p05_lr1e4_i40000	r3m_bn_bi	LITE_COMPLETE
2026-08-07T09:53:55+12:00	hpsA_r3m_bn_bi_rho0p25_eps0p05_lr1e4_i40000	r3m_bn_bi	LITE_RUNNING
2026-08-07T09:54:04+12:00	hpsA_r3m_bn_bi_rho0p25_eps0p05_lr1e4_i40000	r3m_bn_bi	LITE_COMPLETE
2026-08-07T09:54:04+12:00	hpsA_r3m_bn_bi_rho0p25_eps0p05_lr1e4_i40000	r3m_bn_bi	LITE_RUNNING
2026-08-07T09:54:13+12:00	hpsA_r3m_bn_bi_rho0p25_eps0p05_lr1e4_i40000	r3m_bn_bi	LITE_COMPLETE
2026-08-07T09:54:13+12:00	hpsA_r3m_bn_bi_rho0p25_eps0p05_lr1e4_i40000	r3m_bn_bi	LITE_RUNNING
2026-08-07T09:54:22+12:00	hpsA_r3m_bn_bi_rho0p25_eps0p05_lr1e4_i40000	r3m_bn_bi	LITE_COMPLETE
2026-08-07T09:54:22+12:00	hpsA_r3m_bn_bi_rho0p25_eps0p05_lr1e4_i40000	r3m_bn_bi	LITE_RUNNING
2026-08-07T09:54:31+12:00	hpsA_r3m_bn_bi_rho0p25_eps0p05_lr1e4_i40000	r3m_bn_bi	LITE_COMPLETE
2026-08-07T09:54:31+12:00	hpsA_r3m_bn_bi_rho0p25_eps0p05_lr1e4_i40000	r3m_bn_bi	LITE_RUNNING
2026-08-07T09:54:40+12:00	hpsA_r3m_bn_bi_rho0p25_eps0p05_lr1e4_i40000	r3m_bn_bi	LITE_COMPLETE
2026-08-07T09:54:40+12:00	hpsA_r3m_bn_bi_rho0p25_eps0p05_lr1e4_i40000	r3m_bn_bi	LITE_RUNNING
2026-08-07T09:54:49+12:00	hpsA_r3m_bn_bi_rho0p25_eps0p05_lr1e4_i40000	r3m_bn_bi	LITE_COMPLETE
2026-08-07T09:54:49+12:00	hpsA_r3m_bn_bi_rho0p25_eps0p05_lr1e4_i40000	r3m_bn_bi	LITE_RUNNING
2026-08-07T09:54:58+12:00	hpsA_r3m_bn_bi_rho0p25_eps0p05_lr1e4_i40000	r3m_bn_bi	LITE_COMPLETE
2026-08-07T09:54:58+12:00	hpsA_r3m_bn_bi_rho0p25_eps0p05_lr1e4_i40000	r3m_bn_bi	LITE_RUNNING
2026-08-07T09:55:06+12:00	hpsA_r3m_bn_bi_rho0p25_eps0p05_lr1e4_i40000	r3m_bn_bi	LITE_COMPLETE
2026-08-07T09:55:06+12:00	hpsA_r3m_bn_bi_rho0p25_eps0p05_lr1e4_i40000	r3m_bn_bi	LITE_RUNNING
2026-08-07T09:55:15+12:00	hpsA_r3m_bn_bi_rho0p25_eps0p05_lr1e4_i40000	r3m_bn_bi	LITE_COMPLETE
2026-08-07T09:55:15+12:00	hpsA_r3m_bn_bi_rho0p25_eps0p05_lr1e4_i40000	r3m_bn_bi	LITE_RUNNING
2026-08-07T09:55:24+12:00	hpsA_r3m_bn_bi_rho0p25_eps0p05_lr1e4_i40000	r3m_bn_bi	LITE_COMPLETE
2026-08-07T09:55:24+12:00	hpsA_r3m_bn_bi_rho0p25_eps0p05_lr1e4_i40000	r3m_bn_bi	LITE_RUNNING
2026-08-07T09:55:33+12:00	hpsA_r3m_bn_bi_rho0p25_eps0p05_lr1e4_i40000	r3m_bn_bi	LITE_COMPLETE
2026-08-07T09:55:33+12:00	hpsA_r3m_bn_bi_rho0p25_eps0p05_lr1e4_i40000	r3m_bn_bi	LITE_RUNNING
2026-08-07T09:55:42+12:00	hpsA_r3m_bn_bi_rho0p25_eps0p05_lr1e4_i40000	r3m_bn_bi	LITE_COMPLETE
2026-08-07T09:55:42+12:00	hpsA_r3m_bn_bi_rho0p25_eps0p05_lr1e4_i40000	r3m_bn_bi	LITE_RUNNING
2026-08-07T09:55:51+12:00	hpsA_r3m_bn_bi_rho0p25_eps0p05_lr1e4_i40000	r3m_bn_bi	LITE_COMPLETE
2026-08-07T09:55:51+12:00	hpsA_r3m_bn_bi_rho0p25_eps0p05_lr1e4_i40000	r3m_bn_bi	LITE_RUNNING
2026-08-07T09:56:00+12:00	hpsA_r3m_bn_bi_rho0p25_eps0p05_lr1e4_i40000	r3m_bn_bi	LITE_COMPLETE
2026-08-07T09:56:00+12:00	hpsA_r3m_bn_bi_rho0p25_eps0p05_lr1e4_i40000	r3m_bn_bi	LITE_RUNNING
2026-08-07T09:56:09+12:00	hpsA_r3m_bn_bi_rho0p25_eps0p05_lr1e4_i40000	r3m_bn_bi	LITE_COMPLETE
2026-08-07T09:56:09+12:00	hpsA_r3m_bn_bi_rho0p25_eps0p05_lr1e4_i40000	r3m_bn_bi	LITE_RUNNING
2026-08-07T09:56:18+12:00	hpsA_r3m_bn_bi_rho0p25_eps0p05_lr1e4_i40000	r3m_bn_bi	LITE_COMPLETE
2026-08-07T09:56:18+12:00	hpsA_r3m_bn_bi_rho0p25_eps0p05_lr1e4_i40000	r3m_bn_bi	LITE_RUNNING
2026-08-07T09:56:27+12:00	hpsA_r3m_bn_bi_rho0p25_eps0p05_lr1e4_i40000	r3m_bn_bi	LITE_COMPLETE
2026-08-07T09:56:27+12:00	hpsA_r3m_bn_bi_rho0p25_eps0p05_lr1e4_i40000	r3m_bn_bi	LITE_RUNNING
2026-08-07T09:56:36+12:00	hpsA_r3m_bn_bi_rho0p25_eps0p05_lr1e4_i40000	r3m_bn_bi	LITE_COMPLETE
2026-08-07T09:56:36+12:00	hpsA_r3m_bn_bi_rho0p25_eps0p05_lr1e4_i40000	r3m_bn_bi	LITE_RUNNING
2026-08-07T09:56:45+12:00	hpsA_r3m_bn_bi_rho0p25_eps0p05_lr1e4_i40000	r3m_bn_bi	LITE_COMPLETE
2026-08-07T09:56:45+12:00	hpsA_r3m_bn_bi_rho0p25_eps0p05_lr1e4_i40000	r3m_bn_bi	LITE_RUNNING
2026-08-07T09:56:53+12:00	hpsA_r3m_bn_bi_rho0p25_eps0p05_lr1e4_i40000	r3m_bn_bi	LITE_COMPLETE
2026-08-07T09:56:53+12:00	hpsA_r3m_bn_bi_rho0p25_eps0p05_lr1e4_i40000	r3m_bn_bi	LITE_RUNNING
2026-08-07T09:57:02+12:00	hpsA_r3m_bn_bi_rho0p25_eps0p05_lr1e4_i40000	r3m_bn_bi	LITE_COMPLETE
2026-08-07T09:57:02+12:00	hpsA_r3m_bn_bi_rho0p25_eps0p05_lr1e4_i40000	r3m_bn_bi	LITE_RUNNING
2026-08-07T09:57:11+12:00	hpsA_r3m_bn_bi_rho0p25_eps0p05_lr1e4_i40000	r3m_bn_bi	LITE_COMPLETE
2026-08-07T09:57:11+12:00	hpsA_r3m_bn_bi_rho0p25_eps0p05_lr1e4_i40000	r3m_bn_bi	LITE_RUNNING
2026-08-07T09:57:20+12:00	hpsA_r3m_bn_bi_rho0p25_eps0p05_lr1e4_i40000	r3m_bn_bi	LITE_COMPLETE
2026-08-07T09:57:20+12:00	hpsA_r3m_bn_bi_rho0p25_eps0p05_lr1e4_i40000	r3m_bn_bi	LITE_RUNNING
2026-08-07T09:57:29+12:00	hpsA_r3m_bn_bi_rho0p25_eps0p05_lr1e4_i40000	r3m_bn_bi	LITE_COMPLETE
2026-08-07T09:57:29+12:00	hpsA_r3m_bn_bi_rho0p25_eps0p05_lr1e4_i40000	r3m_bn_bi	LITE_RUNNING
2026-08-07T09:57:38+12:00	hpsA_r3m_bn_bi_rho0p25_eps0p05_lr1e4_i40000	r3m_bn_bi	LITE_COMPLETE
2026-08-07T09:57:38+12:00	hpsA_r3m_bn_bi_rho0p25_eps0p05_lr1e4_i40000	r3m_bn_bi	LITE_RUNNING
2026-08-07T09:57:47+12:00	hpsA_r3m_bn_bi_rho0p25_eps0p05_lr1e4_i40000	r3m_bn_bi	LITE_COMPLETE
2026-08-07T09:57:47+12:00	hpsA_r3m_bn_bi_rho0p25_eps0p05_lr1e4_i40000	r3m_bn_bi	LITE_RUNNING
2026-08-07T09:57:56+12:00	hpsA_r3m_bn_bi_rho0p25_eps0p05_lr1e4_i40000	r3m_bn_bi	LITE_COMPLETE
2026-08-07T09:57:56+12:00	hpsA_r3m_bn_bi_rho0p25_eps0p05_lr1e4_i40000	r3m_bn_bi	LITE_RUNNING
2026-08-07T09:58:04+12:00	hpsA_r3m_bn_bi_rho0p25_eps0p05_lr1e4_i40000	r3m_bn_bi	LITE_COMPLETE
2026-08-07T09:58:04+12:00	hpsA_r3m_bn_bi_rho0p25_eps0p05_lr1e4_i40000	r3m_bn_bi	LITE_RUNNING
2026-08-07T09:58:13+12:00	hpsA_r3m_bn_bi_rho0p25_eps0p05_lr1e4_i40000	r3m_bn_bi	LITE_COMPLETE
2026-08-07T09:58:13+12:00	hpsA_r3m_bn_bi_rho0p25_eps0p05_lr1e4_i40000	r3m_bn_bi	LITE_RUNNING
2026-08-07T09:58:22+12:00	hpsA_r3m_bn_bi_rho0p25_eps0p05_lr1e4_i40000	r3m_bn_bi	LITE_COMPLETE
2026-08-07T09:58:22+12:00	hpsA_r3m_bn_bi_rho0p25_eps0p05_lr1e4_i40000	r3m_bn_bi	LITE_RUNNING
2026-08-07T09:58:31+12:00	hpsA_r3m_bn_bi_rho0p25_eps0p05_lr1e4_i40000	r3m_bn_bi	LITE_COMPLETE
2026-08-07T09:58:31+12:00	hpsA_r3m_bn_bi_rho0p25_eps0p05_lr1e4_i40000	r3m_bn_bi	LITE_RUNNING
2026-08-07T09:58:40+12:00	hpsA_r3m_bn_bi_rho0p25_eps0p05_lr1e4_i40000	r3m_bn_bi	LITE_COMPLETE
2026-08-07T09:58:40+12:00	hpsA_r3m_bn_bi_rho0p25_eps0p05_lr1e4_i40000	r3m_bn_bi	LITE_RUNNING
2026-08-07T09:58:49+12:00	hpsA_r3m_bn_bi_rho0p25_eps0p05_lr1e4_i40000	r3m_bn_bi	LITE_COMPLETE
2026-08-07T09:58:49+12:00	hpsA_r3m_bn_bi_rho0p25_eps0p05_lr1e4_i40000	r3m_bn_bi	LITE_RUNNING
2026-08-07T09:58:58+12:00	hpsA_r3m_bn_bi_rho0p25_eps0p05_lr1e4_i40000	r3m_bn_bi	LITE_COMPLETE
2026-08-07T09:58:58+12:00	hpsA_r3m_bn_bi_rho0p25_eps0p05_lr1e4_i40000	r3m_bn_bi	LITE_RUNNING
2026-08-07T09:59:07+12:00	hpsA_r3m_bn_bi_rho0p25_eps0p05_lr1e4_i40000	r3m_bn_bi	LITE_COMPLETE
2026-08-07T09:59:07+12:00	hpsA_r3m_bn_bi_rho0p25_eps0p05_lr1e4_i40000	r3m_bn_bi	LITE_RUNNING
2026-08-07T09:59:16+12:00	hpsA_r3m_bn_bi_rho0p25_eps0p05_lr1e4_i40000	r3m_bn_bi	LITE_COMPLETE
2026-08-07T09:59:16+12:00	hpsA_r3m_bn_bi_rho0p25_eps0p05_lr1e4_i40000	r3m_bn_bi	LITE_RUNNING
2026-08-07T09:59:25+12:00	hpsA_r3m_bn_bi_rho0p25_eps0p05_lr1e4_i40000	r3m_bn_bi	LITE_COMPLETE
2026-08-07T09:59:25+12:00	hpsA_r3m_bn_bi_rho0p25_eps0p05_lr1e4_i40000	r3m_bn_bi	LITE_RUNNING
2026-08-07T09:59:34+12:00	hpsA_r3m_bn_bi_rho0p25_eps0p05_lr1e4_i40000	r3m_bn_bi	LITE_COMPLETE
2026-08-07T09:59:34+12:00	hpsA_r3m_bn_bi_rho0p25_eps0p05_lr1e4_i40000	r3m_bn_bi	LITE_RUNNING
2026-08-07T09:59:42+12:00	hpsA_r3m_bn_bi_rho0p25_eps0p05_lr1e4_i40000	r3m_bn_bi	LITE_COMPLETE
2026-08-07T09:59:42+12:00	hpsA_r3m_bn_bi_rho0p25_eps0p05_lr1e4_i40000	r3m_bn_bi	LITE_RUNNING
2026-08-07T09:59:51+12:00	hpsA_r3m_bn_bi_rho0p25_eps0p05_lr1e4_i40000	r3m_bn_bi	LITE_COMPLETE
2026-08-07T09:59:51+12:00	hpsA_r3m_bn_bi_rho0p25_eps0p05_lr1e4_i40000	r3m_bn_bi	LITE_RUNNING
2026-08-07T10:00:00+12:00	hpsA_r3m_bn_bi_rho0p25_eps0p05_lr1e4_i40000	r3m_bn_bi	LITE_COMPLETE
2026-08-07T10:00:00+12:00	hpsA_r3m_bn_bi_rho0p25_eps0p05_lr1e4_i40000	r3m_bn_bi	LITE_RUNNING
2026-08-07T10:00:09+12:00	hpsA_r3m_bn_bi_rho0p25_eps0p05_lr1e4_i40000	r3m_bn_bi	LITE_COMPLETE
2026-08-07T10:00:09+12:00	hpsA_r3m_bn_bi_rho0p25_eps0p05_lr1e4_i40000	r3m_bn_bi	LITE_RUNNING
2026-08-07T10:00:18+12:00	hpsA_r3m_bn_bi_rho0p25_eps0p05_lr1e4_i40000	r3m_bn_bi	LITE_COMPLETE
2026-08-07T10:00:18+12:00	hpsA_r3m_bn_bi_rho0p25_eps0p05_lr1e4_i40000	r3m_bn_bi	LITE_RUNNING
2026-08-07T10:00:27+12:00	hpsA_r3m_bn_bi_rho0p25_eps0p05_lr1e4_i40000	r3m_bn_bi	LITE_COMPLETE
2026-08-07T10:00:27+12:00	hpsA_r3m_bn_bi_rho0p25_eps0p05_lr1e4_i40000	r3m_bn_bi	LITE_RUNNING
2026-08-07T10:00:36+12:00	hpsA_r3m_bn_bi_rho0p25_eps0p05_lr1e4_i40000	r3m_bn_bi	LITE_COMPLETE
2026-08-07T10:00:36+12:00	hpsA_r3m_bn_bi_rho0p25_eps0p05_lr1e4_i40000	r3m_bn_bi	LITE_RUNNING
2026-08-07T10:00:45+12:00	hpsA_r3m_bn_bi_rho0p25_eps0p05_lr1e4_i40000	r3m_bn_bi	LITE_COMPLETE
2026-08-07T10:00:45+12:00	hpsA_r3m_bn_bi_rho0p25_eps0p05_lr1e4_i40000	r3m_bn_bi	LITE_RUNNING
2026-08-07T10:00:54+12:00	hpsA_r3m_bn_bi_rho0p25_eps0p05_lr1e4_i40000	r3m_bn_bi	LITE_COMPLETE
2026-08-07T10:00:54+12:00	hpsA_r3m_bn_bi_rho0p25_eps0p05_lr1e4_i40000	r3m_bn_bi	LITE_RUNNING
2026-08-07T10:01:03+12:00	hpsA_r3m_bn_bi_rho0p25_eps0p05_lr1e4_i40000	r3m_bn_bi	LITE_COMPLETE
2026-08-07T10:01:03+12:00	hpsA_r3m_bn_bi_rho0p25_eps0p05_lr1e4_i40000	r3m_bn_bi	LITE_RUNNING
2026-08-07T10:01:12+12:00	hpsA_r3m_bn_bi_rho0p25_eps0p05_lr1e4_i40000	r3m_bn_bi	LITE_COMPLETE
2026-08-07T10:01:12+12:00	hpsA_r3m_bn_bi_rho0p25_eps0p05_lr1e4_i40000	r3m_bn_bi	LITE_RUNNING
2026-08-07T10:01:21+12:00	hpsA_r3m_bn_bi_rho0p25_eps0p05_lr1e4_i40000	r3m_bn_bi	LITE_COMPLETE
2026-08-07T10:01:21+12:00	hpsA_r3m_bn_bi_rho0p25_eps0p05_lr1e4_i40000	r3m_bn_bi	LITE_RUNNING
2026-08-07T10:01:29+12:00	hpsA_r3m_bn_bi_rho0p25_eps0p05_lr1e4_i40000	r3m_bn_bi	LITE_COMPLETE
2026-08-07T10:01:29+12:00	hpsA_r3m_bn_bi_rho0p25_eps0p05_lr1e4_i40000	r3m_bn_bi	LITE_RUNNING
2026-08-07T10:01:38+12:00	hpsA_r3m_bn_bi_rho0p25_eps0p05_lr1e4_i40000	r3m_bn_bi	LITE_COMPLETE
2026-08-07T10:01:38+12:00	hpsA_r3m_bn_bi_rho0p25_eps0p05_lr1e4_i40000	r3m_bn_bi	LITE_RUNNING
2026-08-07T10:01:47+12:00	hpsA_r3m_bn_bi_rho0p25_eps0p05_lr1e4_i40000	r3m_bn_bi	LITE_COMPLETE
2026-08-07T10:01:47+12:00	hpsA_r3m_bn_bi_rho0p25_eps0p05_lr1e4_i40000	r3m_bn_bi	LITE_RUNNING
2026-08-07T10:01:56+12:00	hpsA_r3m_bn_bi_rho0p25_eps0p05_lr1e4_i40000	r3m_bn_bi	LITE_COMPLETE
2026-08-07T10:01:56+12:00	hpsA_r3m_bn_bi_rho0p25_eps0p05_lr1e4_i40000	r3m_bn_bi	LITE_RUNNING
2026-08-07T10:02:05+12:00	hpsA_r3m_bn_bi_rho0p25_eps0p05_lr1e4_i40000	r3m_bn_bi	LITE_COMPLETE
2026-08-07T10:02:05+12:00	hpsA_r3m_bn_bi_rho0p25_eps0p05_lr1e4_i40000	r3m_bn_bi	LITE_RUNNING
2026-08-07T10:02:14+12:00	hpsA_r3m_bn_bi_rho0p25_eps0p05_lr1e4_i40000	r3m_bn_bi	LITE_COMPLETE
2026-08-07T10:02:14+12:00	hpsA_r3m_bn_bi_rho0p25_eps0p05_lr1e4_i40000	r3m_bn_bi	LITE_RUNNING
2026-08-07T10:02:23+12:00	hpsA_r3m_bn_bi_rho0p25_eps0p05_lr1e4_i40000	r3m_bn_bi	LITE_COMPLETE
2026-08-07T10:02:23+12:00	hpsA_r3m_bn_bi_rho0p25_eps0p05_lr1e4_i40000	r3m_bn_bi	LITE_RUNNING
2026-08-07T10:02:32+12:00	hpsA_r3m_bn_bi_rho0p25_eps0p05_lr1e4_i40000	r3m_bn_bi	LITE_COMPLETE
2026-08-07T10:02:32+12:00	hpsA_r3m_bn_bi_rho0p25_eps0p05_lr1e4_i40000	r3m_bn_bi	LITE_RUNNING
2026-08-07T10:02:40+12:00	hpsA_r3m_bn_bi_rho0p25_eps0p05_lr1e4_i40000	r3m_bn_bi	LITE_COMPLETE
2026-08-07T10:02:40+12:00	hpsA_r3m_bn_bi_rho0p25_eps0p05_lr1e4_i40000	r3m_bn_bi	LITE_RUNNING
2026-08-07T10:02:49+12:00	hpsA_r3m_bn_bi_rho0p25_eps0p05_lr1e4_i40000	r3m_bn_bi	LITE_COMPLETE
2026-08-07T10:02:49+12:00	hpsA_r3m_bn_bi_rho0p25_eps0p05_lr1e4_i40000	r3m_bn_bi	LITE_RUNNING
2026-08-07T10:02:58+12:00	hpsA_r3m_bn_bi_rho0p25_eps0p05_lr1e4_i40000	r3m_bn_bi	LITE_COMPLETE
2026-08-07T10:02:58+12:00	hpsA_r3m_bn_bi_rho0p25_eps0p05_lr1e4_i40000	r3m_bn_bi	LITE_RUNNING
2026-08-07T10:03:07+12:00	hpsA_r3m_bn_bi_rho0p25_eps0p05_lr1e4_i40000	r3m_bn_bi	LITE_COMPLETE
2026-08-07T10:03:07+12:00	hpsA_r3m_bn_bi_rho0p25_eps0p05_lr1e4_i40000	r3m_bn_bi	LITE_RUNNING
2026-08-07T10:03:16+12:00	hpsA_r3m_bn_bi_rho0p25_eps0p05_lr1e4_i40000	r3m_bn_bi	LITE_COMPLETE
2026-08-07T10:03:16+12:00	hpsA_r3m_bn_bi_rho0p25_eps0p05_lr1e4_i40000	r3m_bn_bi	LITE_RUNNING
2026-08-07T10:03:25+12:00	hpsA_r3m_bn_bi_rho0p25_eps0p05_lr1e4_i40000	r3m_bn_bi	LITE_COMPLETE
2026-08-07T10:03:25+12:00	hpsA_r3m_bn_bi_rho0p25_eps0p05_lr1e4_i40000	r3m_bn_bi	LITE_RUNNING
2026-08-07T10:03:34+12:00	hpsA_r3m_bn_bi_rho0p25_eps0p05_lr1e4_i40000	r3m_bn_bi	LITE_COMPLETE
2026-08-07T10:03:34+12:00	hpsA_r3m_bn_bi_rho0p25_eps0p05_lr1e4_i40000	r3m_bn_bi	LITE_RUNNING
2026-08-07T10:03:43+12:00	hpsA_r3m_bn_bi_rho0p25_eps0p05_lr1e4_i40000	r3m_bn_bi	LITE_COMPLETE
2026-08-07T10:03:43+12:00	hpsA_r3m_bn_bi_rho0p25_eps0p05_lr1e4_i40000	r3m_bn_bi	LITE_RUNNING
2026-08-07T10:03:52+12:00	hpsA_r3m_bn_bi_rho0p25_eps0p05_lr1e4_i40000	r3m_bn_bi	LITE_COMPLETE
2026-08-07T10:03:52+12:00	hpsA_r3m_bn_bi_rho0p25_eps0p05_lr1e4_i40000	r3m_bn_bi	LITE_RUNNING
2026-08-07T10:04:01+12:00	hpsA_r3m_bn_bi_rho0p25_eps0p05_lr1e4_i40000	r3m_bn_bi	LITE_COMPLETE
2026-08-07T10:04:01+12:00	hpsA_r3m_bn_bi_rho0p25_eps0p05_lr1e4_i40000	r3m_bn_bi	LITE_RUNNING
2026-08-07T10:04:10+12:00	hpsA_r3m_bn_bi_rho0p25_eps0p05_lr1e4_i40000	r3m_bn_bi	LITE_COMPLETE
2026-08-07T10:04:10+12:00	hpsA_r3m_bn_bi_rho0p25_eps0p05_lr1e4_i40000	r3m_bn_bi	LITE_RUNNING
2026-08-07T10:04:18+12:00	hpsA_r3m_bn_bi_rho0p25_eps0p05_lr1e4_i40000	r3m_bn_bi	LITE_COMPLETE
2026-08-07T10:04:18+12:00	hpsA_r3m_bn_bi_rho0p25_eps0p05_lr1e4_i40000	r3m_bn_bi	LITE_RUNNING
2026-08-07T10:04:27+12:00	hpsA_r3m_bn_bi_rho0p25_eps0p05_lr1e4_i40000	r3m_bn_bi	LITE_COMPLETE
2026-08-07T10:04:27+12:00	hpsA_r3m_bn_bi_rho0p25_eps0p05_lr1e4_i40000	r3m_bn_bi	LITE_RUNNING
2026-08-07T10:04:36+12:00	hpsA_r3m_bn_bi_rho0p25_eps0p05_lr1e4_i40000	r3m_bn_bi	LITE_COMPLETE
2026-08-07T10:04:36+12:00	hpsA_r3m_bn_bi_rho0p25_eps0p05_lr1e4_i40000	r3m_bn_bi	LITE_RUNNING
2026-08-07T10:04:45+12:00	hpsA_r3m_bn_bi_rho0p25_eps0p05_lr1e4_i40000	r3m_bn_bi	LITE_COMPLETE
2026-08-07T10:04:45+12:00	hpsA_r3m_bn_bi_rho0p25_eps0p05_lr1e4_i40000	r3m_bn_bi	LITE_RUNNING
2026-08-07T10:04:54+12:00	hpsA_r3m_bn_bi_rho0p25_eps0p05_lr1e4_i40000	r3m_bn_bi	LITE_COMPLETE
2026-08-07T10:04:54+12:00	hpsA_r3m_bn_bi_rho0p25_eps0p05_lr1e4_i40000	r3m_bn_bi	LITE_RUNNING
2026-08-07T10:05:03+12:00	hpsA_r3m_bn_bi_rho0p25_eps0p05_lr1e4_i40000	r3m_bn_bi	LITE_COMPLETE
2026-08-07T10:05:03+12:00	hpsA_r3m_bn_bi_rho0p25_eps0p05_lr1e4_i40000	r3m_bn_bi	LITE_RUNNING
2026-08-07T10:05:12+12:00	hpsA_r3m_bn_bi_rho0p25_eps0p05_lr1e4_i40000	r3m_bn_bi	LITE_COMPLETE
2026-08-07T10:05:12+12:00	hpsA_r3m_bn_bi_rho0p25_eps0p05_lr1e4_i40000	r3m_bn_bi	LITE_RUNNING
2026-08-07T10:05:21+12:00	hpsA_r3m_bn_bi_rho0p25_eps0p05_lr1e4_i40000	r3m_bn_bi	LITE_COMPLETE
2026-08-07T10:05:21+12:00	hpsA_r3m_bn_bi_rho0p25_eps0p05_lr1e4_i40000	r3m_bn_bi	LITE_RUNNING
2026-08-07T10:05:30+12:00	hpsA_r3m_bn_bi_rho0p25_eps0p05_lr1e4_i40000	r3m_bn_bi	LITE_COMPLETE
2026-08-07T10:05:30+12:00	hpsA_r3m_bn_bi_rho0p25_eps0p05_lr1e4_i40000	r3m_bn_bi	LITE_RUNNING
2026-08-07T10:05:39+12:00	hpsA_r3m_bn_bi_rho0p25_eps0p05_lr1e4_i40000	r3m_bn_bi	LITE_COMPLETE
2026-08-07T10:05:39+12:00	hpsA_r3m_bn_bi_rho0p25_eps0p05_lr1e4_i40000	r3m_bn_bi	LITE_RUNNING
2026-08-07T10:05:48+12:00	hpsA_r3m_bn_bi_rho0p25_eps0p05_lr1e4_i40000	r3m_bn_bi	LITE_COMPLETE
2026-08-07T10:05:48+12:00	hpsA_r3m_bn_bi_rho0p25_eps0p05_lr1e4_i40000	r3m_bn_bi	LITE_RUNNING
2026-08-07T10:05:57+12:00	hpsA_r3m_bn_bi_rho0p25_eps0p05_lr1e4_i40000	r3m_bn_bi	LITE_COMPLETE
2026-08-07T10:05:57+12:00	hpsA_r3m_bn_bi_rho0p25_eps0p05_lr1e4_i40000	r3m_bn_bi	LITE_RUNNING
2026-08-07T10:06:06+12:00	hpsA_r3m_bn_bi_rho0p25_eps0p05_lr1e4_i40000	r3m_bn_bi	LITE_COMPLETE
2026-08-07T10:06:06+12:00	hpsA_r3m_bn_bi_rho0p25_eps0p05_lr1e4_i40000	r3m_bn_bi	LITE_RUNNING
2026-08-07T10:06:15+12:00	hpsA_r3m_bn_bi_rho0p25_eps0p05_lr1e4_i40000	r3m_bn_bi	LITE_COMPLETE
2026-08-07T10:06:15+12:00	hpsA_r3m_bn_bi_rho0p25_eps0p05_lr1e4_i40000	r3m_bn_bi	LITE_RUNNING
2026-08-07T10:06:23+12:00	hpsA_r3m_bn_bi_rho0p25_eps0p05_lr1e4_i40000	r3m_bn_bi	LITE_COMPLETE
2026-08-07T10:06:23+12:00	hpsA_r3m_bn_bi_rho0p25_eps0p05_lr1e4_i40000	r3m_bn_bi	LITE_RUNNING
2026-08-07T10:06:32+12:00	hpsA_r3m_bn_bi_rho0p25_eps0p05_lr1e4_i40000	r3m_bn_bi	LITE_COMPLETE
2026-08-07T10:06:32+12:00	hpsA_r3m_bn_bi_rho0p25_eps0p05_lr1e4_i40000	r3m_bn_bi	LITE_RUNNING
2026-08-07T10:06:41+12:00	hpsA_r3m_bn_bi_rho0p25_eps0p05_lr1e4_i40000	r3m_bn_bi	LITE_COMPLETE
2026-08-07T10:06:41+12:00	hpsA_r3m_bn_bi_rho0p25_eps0p05_lr1e4_i40000	r3m_bn_bi	LITE_RUNNING
2026-08-07T10:06:50+12:00	hpsA_r3m_bn_bi_rho0p25_eps0p05_lr1e4_i40000	r3m_bn_bi	LITE_COMPLETE
2026-08-07T10:06:50+12:00	hpsA_r3m_bn_bi_rho0p25_eps0p05_lr1e4_i40000	r3m_bn_bi	LITE_RUNNING
2026-08-07T10:06:59+12:00	hpsA_r3m_bn_bi_rho0p25_eps0p05_lr1e4_i40000	r3m_bn_bi	LITE_COMPLETE
2026-08-07T10:06:59+12:00	hpsA_r3m_bn_bi_rho0p25_eps0p05_lr1e4_i40000	r3m_bn_bi	LITE_RUNNING
2026-08-07T10:07:08+12:00	hpsA_r3m_bn_bi_rho0p25_eps0p05_lr1e4_i40000	r3m_bn_bi	LITE_COMPLETE
2026-08-07T10:07:08+12:00	hpsA_r3m_bn_bi_rho0p25_eps0p05_lr1e4_i40000	r3m_bn_bi	LITE_RUNNING
2026-08-07T10:07:17+12:00	hpsA_r3m_bn_bi_rho0p25_eps0p05_lr1e4_i40000	r3m_bn_bi	LITE_COMPLETE
2026-08-07T10:07:17+12:00	hpsA_r3m_bn_bi_rho0p25_eps0p05_lr1e4_i40000	r3m_bn_bi	LITE_RUNNING
2026-08-07T10:07:26+12:00	hpsA_r3m_bn_bi_rho0p25_eps0p05_lr1e4_i40000	r3m_bn_bi	LITE_COMPLETE
2026-08-07T10:07:26+12:00	hpsA_r3m_bn_bi_rho0p25_eps0p05_lr1e4_i40000	r3m_bn_bi	LITE_RUNNING
2026-08-07T10:07:35+12:00	hpsA_r3m_bn_bi_rho0p25_eps0p05_lr1e4_i40000	r3m_bn_bi	LITE_COMPLETE
2026-08-07T10:07:35+12:00	hpsA_r3m_bn_bi_rho0p25_eps0p05_lr1e4_i40000	r3m_bn_bi	LITE_RUNNING
2026-08-07T10:07:43+12:00	hpsA_r3m_bn_bi_rho0p25_eps0p05_lr1e4_i40000	r3m_bn_bi	LITE_COMPLETE
2026-08-07T10:07:43+12:00	hpsA_r3m_bn_bi_rho0p25_eps0p05_lr1e4_i40000	r3m_bn_bi	LITE_RUNNING
2026-08-07T10:07:52+12:00	hpsA_r3m_bn_bi_rho0p25_eps0p05_lr1e4_i40000	r3m_bn_bi	LITE_COMPLETE
2026-08-07T10:07:52+12:00	hpsA_r3m_bn_bi_rho0p25_eps0p05_lr1e4_i40000	r3m_bn_bi	LITE_RUNNING
2026-08-07T10:08:01+12:00	hpsA_r3m_bn_bi_rho0p25_eps0p05_lr1e4_i40000	r3m_bn_bi	LITE_COMPLETE
2026-08-07T10:08:01+12:00	hpsA_r3m_bn_bi_rho0p25_eps0p05_lr1e4_i40000	r3m_bn_bi	LITE_RUNNING
2026-08-07T10:08:10+12:00	hpsA_r3m_bn_bi_rho0p25_eps0p05_lr1e4_i40000	r3m_bn_bi	LITE_COMPLETE
2026-08-07T10:08:10+12:00	hpsA_r3m_bn_bi_rho0p25_eps0p05_lr1e4_i40000	r3m_bn_bi	LITE_RUNNING
2026-08-07T10:08:19+12:00	hpsA_r3m_bn_bi_rho0p25_eps0p05_lr1e4_i40000	r3m_bn_bi	LITE_COMPLETE
2026-08-07T10:08:19+12:00	hpsA_r3m_bn_bi_rho0p25_eps0p05_lr1e4_i40000	r3m_bn_bi	LITE_RUNNING
2026-08-07T10:08:28+12:00	hpsA_r3m_bn_bi_rho0p25_eps0p05_lr1e4_i40000	r3m_bn_bi	LITE_COMPLETE
2026-08-07T10:08:28+12:00	hpsA_r3m_bn_bi_rho0p25_eps0p05_lr1e4_i40000	r3m_bn_bi	LITE_RUNNING
2026-08-07T10:08:37+12:00	hpsA_r3m_bn_bi_rho0p25_eps0p05_lr1e4_i40000	r3m_bn_bi	LITE_COMPLETE
2026-08-07T10:08:37+12:00	hpsA_r3m_bn_bi_rho0p25_eps0p05_lr1e4_i40000	r3m_bn_bi	LITE_RUNNING
2026-08-07T10:08:46+12:00	hpsA_r3m_bn_bi_rho0p25_eps0p05_lr1e4_i40000	r3m_bn_bi	LITE_COMPLETE
2026-08-07T10:08:46+12:00	hpsA_r3m_bn_bi_rho0p25_eps0p05_lr1e4_i40000	r3m_bn_bi	LITE_RUNNING
2026-08-07T10:08:55+12:00	hpsA_r3m_bn_bi_rho0p25_eps0p05_lr1e4_i40000	r3m_bn_bi	LITE_COMPLETE
2026-08-07T10:08:55+12:00	hpsA_r3m_bn_bi_rho0p25_eps0p05_lr1e4_i40000	r3m_bn_bi	LITE_RUNNING
2026-08-07T10:09:04+12:00	hpsA_r3m_bn_bi_rho0p25_eps0p05_lr1e4_i40000	r3m_bn_bi	LITE_COMPLETE
2026-08-07T10:09:04+12:00	hpsA_r3m_bn_bi_rho0p25_eps0p05_lr1e4_i40000	r3m_bn_bi	LITE_RUNNING
2026-08-07T10:09:12+12:00	hpsA_r3m_bn_bi_rho0p25_eps0p05_lr1e4_i40000	r3m_bn_bi	LITE_COMPLETE
2026-08-07T10:09:12+12:00	hpsA_r3m_bn_bi_rho0p25_eps0p05_lr1e4_i40000	r3m_bn_bi	LITE_RUNNING
2026-08-07T10:09:21+12:00	hpsA_r3m_bn_bi_rho0p25_eps0p05_lr1e4_i40000	r3m_bn_bi	LITE_COMPLETE
2026-08-07T10:09:21+12:00	hpsA_r3m_bn_bi_rho0p25_eps0p05_lr1e4_i40000	r3m_bn_bi	LITE_RUNNING
2026-08-07T10:09:30+12:00	hpsA_r3m_bn_bi_rho0p25_eps0p05_lr1e4_i40000	r3m_bn_bi	LITE_COMPLETE
2026-08-07T10:09:30+12:00	hpsA_r3m_bn_bi_rho0p25_eps0p05_lr1e4_i40000	r3m_bn_bi	LITE_RUNNING
2026-08-07T10:09:39+12:00	hpsA_r3m_bn_bi_rho0p25_eps0p05_lr1e4_i40000	r3m_bn_bi	LITE_COMPLETE
2026-08-07T10:09:39+12:00	hpsA_r3m_bn_bi_rho0p25_eps0p05_lr1e4_i40000	r3m_bn_bi	LITE_RUNNING
2026-08-07T10:09:48+12:00	hpsA_r3m_bn_bi_rho0p25_eps0p05_lr1e4_i40000	r3m_bn_bi	LITE_COMPLETE
2026-08-07T10:09:48+12:00	hpsA_r3m_bn_bi_rho0p25_eps0p05_lr1e4_i40000	r3m_bn_bi	LITE_RUNNING
2026-08-07T10:09:57+12:00	hpsA_r3m_bn_bi_rho0p25_eps0p05_lr1e4_i40000	r3m_bn_bi	LITE_COMPLETE
2026-08-07T10:09:57+12:00	hpsA_r3m_bn_bi_rho0p25_eps0p05_lr1e4_i40000	r3m_bn_bi	LITE_RUNNING
2026-08-07T10:10:06+12:00	hpsA_r3m_bn_bi_rho0p25_eps0p05_lr1e4_i40000	r3m_bn_bi	LITE_COMPLETE
2026-08-07T10:10:06+12:00	hpsA_r3m_bn_bi_rho0p25_eps0p05_lr1e4_i40000	r3m_bn_bi	LITE_RUNNING
2026-08-07T10:10:15+12:00	hpsA_r3m_bn_bi_rho0p25_eps0p05_lr1e4_i40000	r3m_bn_bi	LITE_COMPLETE
2026-08-07T10:10:15+12:00	hpsA_r3m_bn_bi_rho0p25_eps0p05_lr1e4_i40000	r3m_bn_bi	LITE_RUNNING
2026-08-07T10:10:24+12:00	hpsA_r3m_bn_bi_rho0p25_eps0p05_lr1e4_i40000	r3m_bn_bi	LITE_COMPLETE
2026-08-07T10:10:24+12:00	hpsA_r3m_bn_bi_rho0p25_eps0p05_lr1e4_i40000	r3m_bn_bi	LITE_RUNNING
2026-08-07T10:10:33+12:00	hpsA_r3m_bn_bi_rho0p25_eps0p05_lr1e4_i40000	r3m_bn_bi	LITE_COMPLETE
2026-08-07T10:10:33+12:00	hpsA_r3m_bn_bi_rho0p25_eps0p05_lr1e4_i40000	r3m_bn_bi	LITE_RUNNING
2026-08-07T10:10:42+12:00	hpsA_r3m_bn_bi_rho0p25_eps0p05_lr1e4_i40000	r3m_bn_bi	LITE_COMPLETE
2026-08-07T10:10:42+12:00	hpsA_r3m_bn_bi_rho0p25_eps0p05_lr1e4_i40000	r3m_bn_bi	LITE_RUNNING
2026-08-07T10:10:51+12:00	hpsA_r3m_bn_bi_rho0p25_eps0p05_lr1e4_i40000	r3m_bn_bi	LITE_COMPLETE
2026-08-07T10:10:51+12:00	hpsA_r3m_bn_bi_rho0p25_eps0p05_lr1e4_i40000	r3m_bn_bi	LITE_RUNNING
2026-08-07T10:11:00+12:00	hpsA_r3m_bn_bi_rho0p25_eps0p05_lr1e4_i40000	r3m_bn_bi	LITE_COMPLETE
2026-08-07T10:11:00+12:00	hpsA_r3m_bn_bi_rho0p25_eps0p05_lr1e4_i40000	r3m_bn_bi	LITE_RUNNING
2026-08-07T10:11:08+12:00	hpsA_r3m_bn_bi_rho0p25_eps0p05_lr1e4_i40000	r3m_bn_bi	LITE_COMPLETE
2026-08-07T10:11:08+12:00	hpsA_r3m_bn_bi_rho0p25_eps0p05_lr1e4_i40000	r3m_bn_bi	LITE_RUNNING
2026-08-07T10:11:17+12:00	hpsA_r3m_bn_bi_rho0p25_eps0p05_lr1e4_i40000	r3m_bn_bi	LITE_COMPLETE
2026-08-07T10:11:17+12:00	hpsA_r3m_bn_bi_rho0p25_eps0p05_lr1e4_i40000	r3m_bn_bi	LITE_RUNNING
2026-08-07T10:11:26+12:00	hpsA_r3m_bn_bi_rho0p25_eps0p05_lr1e4_i40000	r3m_bn_bi	LITE_COMPLETE
2026-08-07T10:11:26+12:00	hpsA_r3m_bn_bi_rho0p25_eps0p05_lr1e4_i40000	r3m_bn_bi	LITE_RUNNING
2026-08-07T10:11:35+12:00	hpsA_r3m_bn_bi_rho0p25_eps0p05_lr1e4_i40000	r3m_bn_bi	LITE_COMPLETE
2026-08-07T10:11:35+12:00	hpsA_r3m_bn_bi_rho0p25_eps0p05_lr1e4_i40000	r3m_bn_bi	LITE_RUNNING
2026-08-07T10:11:44+12:00	hpsA_r3m_bn_bi_rho0p25_eps0p05_lr1e4_i40000	r3m_bn_bi	LITE_COMPLETE
2026-08-07T10:11:44+12:00	hpsA_r3m_bn_bi_rho0p25_eps0p05_lr1e4_i40000	r3m_bn_bi	LITE_RUNNING
2026-08-07T10:11:53+12:00	hpsA_r3m_bn_bi_rho0p25_eps0p05_lr1e4_i40000	r3m_bn_bi	LITE_COMPLETE
2026-08-07T10:11:53+12:00	hpsA_r3m_bn_bi_rho0p25_eps0p05_lr1e4_i40000	r3m_bn_bi	LITE_RUNNING
2026-08-07T10:12:02+12:00	hpsA_r3m_bn_bi_rho0p25_eps0p05_lr1e4_i40000	r3m_bn_bi	LITE_COMPLETE
2026-08-07T10:12:02+12:00	hpsA_r3m_bn_bi_rho0p25_eps0p05_lr1e4_i40000	r3m_bn_bi	LITE_RUNNING
2026-08-07T10:12:11+12:00	hpsA_r3m_bn_bi_rho0p25_eps0p05_lr1e4_i40000	r3m_bn_bi	LITE_COMPLETE
2026-08-07T10:12:11+12:00	hpsA_r3m_bn_bi_rho0p25_eps0p05_lr1e4_i40000	r3m_bn_bi	LITE_RUNNING
2026-08-07T10:12:20+12:00	hpsA_r3m_bn_bi_rho0p25_eps0p05_lr1e4_i40000	r3m_bn_bi	LITE_COMPLETE
2026-08-07T10:12:20+12:00	hpsA_r3m_bn_bi_rho0p25_eps0p05_lr1e4_i40000	r3m_bn_bi	LITE_RUNNING
2026-08-07T10:12:29+12:00	hpsA_r3m_bn_bi_rho0p25_eps0p05_lr1e4_i40000	r3m_bn_bi	LITE_COMPLETE
2026-08-07T10:12:29+12:00	hpsA_r3m_bn_bi_rho0p25_eps0p05_lr1e4_i40000	r3m_bn_bi	LITE_RUNNING
2026-08-07T10:12:38+12:00	hpsA_r3m_bn_bi_rho0p25_eps0p05_lr1e4_i40000	r3m_bn_bi	LITE_COMPLETE
2026-08-07T10:12:38+12:00	hpsA_r3m_bn_bi_rho0p25_eps0p05_lr1e4_i40000	r3m_bn_bi	LITE_RUNNING
2026-08-07T10:12:46+12:00	hpsA_r3m_bn_bi_rho0p25_eps0p05_lr1e4_i40000	r3m_bn_bi	LITE_COMPLETE
2026-08-07T10:12:46+12:00	hpsA_r3m_bn_bi_rho0p25_eps0p05_lr1e4_i40000	r3m_bn_bi	LITE_RUNNING
2026-08-07T10:12:55+12:00	hpsA_r3m_bn_bi_rho0p25_eps0p05_lr1e4_i40000	r3m_bn_bi	LITE_COMPLETE
2026-08-07T10:12:55+12:00	hpsA_r3m_bn_bi_rho0p25_eps0p05_lr1e4_i40000	r3m_bn_bi	LITE_RUNNING
2026-08-07T10:13:04+12:00	hpsA_r3m_bn_bi_rho0p25_eps0p05_lr1e4_i40000	r3m_bn_bi	LITE_COMPLETE
2026-08-07T10:13:04+12:00	hpsA_r3m_bn_bi_rho0p25_eps0p05_lr1e4_i40000	r3m_bn_bi	LITE_RUNNING
2026-08-07T10:13:13+12:00	hpsA_r3m_bn_bi_rho0p25_eps0p05_lr1e4_i40000	r3m_bn_bi	LITE_COMPLETE
2026-08-07T10:13:13+12:00	hpsA_r3m_bn_bi_rho0p25_eps0p05_lr1e4_i40000	r3m_bn_bi	LITE_RUNNING
2026-08-07T10:13:22+12:00	hpsA_r3m_bn_bi_rho0p25_eps0p05_lr1e4_i40000	r3m_bn_bi	LITE_COMPLETE
2026-08-07T10:13:22+12:00	hpsA_r3m_bn_bi_rho0p25_eps0p05_lr1e4_i40000	r3m_bn_bi	LITE_RUNNING
2026-08-07T10:13:31+12:00	hpsA_r3m_bn_bi_rho0p25_eps0p05_lr1e4_i40000	r3m_bn_bi	LITE_COMPLETE
2026-08-07T10:13:31+12:00	hpsA_r3m_bn_bi_rho0p25_eps0p05_lr1e4_i40000	r3m_bn_bi	LITE_RUNNING
2026-08-07T10:13:40+12:00	hpsA_r3m_bn_bi_rho0p25_eps0p05_lr1e4_i40000	r3m_bn_bi	LITE_COMPLETE
2026-08-07T10:13:40+12:00	hpsA_r3m_bn_bi_rho0p25_eps0p05_lr1e4_i40000	r3m_bn_bi	LITE_RUNNING
2026-08-07T10:13:49+12:00	hpsA_r3m_bn_bi_rho0p25_eps0p05_lr1e4_i40000	r3m_bn_bi	LITE_COMPLETE
2026-08-07T10:13:49+12:00	hpsA_r3m_bn_bi_rho0p25_eps0p05_lr1e4_i40000	r3m_bn_bi	LITE_RUNNING
2026-08-07T10:13:58+12:00	hpsA_r3m_bn_bi_rho0p25_eps0p05_lr1e4_i40000	r3m_bn_bi	LITE_COMPLETE
2026-08-07T10:13:58+12:00	hpsA_r3m_bn_bi_rho0p25_eps0p05_lr1e4_i40000	r3m_bn_bi	LITE_RUNNING
2026-08-07T10:14:07+12:00	hpsA_r3m_bn_bi_rho0p25_eps0p05_lr1e4_i40000	r3m_bn_bi	LITE_COMPLETE
2026-08-07T10:14:07+12:00	hpsA_r3m_bn_bi_rho0p25_eps0p05_lr1e4_i40000	r3m_bn_bi	LITE_RUNNING
2026-08-07T10:14:15+12:00	hpsA_r3m_bn_bi_rho0p25_eps0p05_lr1e4_i40000	r3m_bn_bi	LITE_COMPLETE
2026-08-07T10:14:15+12:00	hpsA_r3m_bn_bi_rho0p25_eps0p05_lr1e4_i40000	r3m_bn_bi	LITE_RUNNING
2026-08-07T10:14:24+12:00	hpsA_r3m_bn_bi_rho0p25_eps0p05_lr1e4_i40000	r3m_bn_bi	LITE_COMPLETE
2026-08-07T10:14:24+12:00	hpsA_r3m_bn_bi_rho0p25_eps0p05_lr1e4_i40000	r3m_bn_bi	LITE_RUNNING
2026-08-07T10:14:33+12:00	hpsA_r3m_bn_bi_rho0p25_eps0p05_lr1e4_i40000	r3m_bn_bi	LITE_COMPLETE
2026-08-07T10:14:33+12:00	hpsA_r3m_bn_bi_rho0p25_eps0p05_lr1e4_i40000	r3m_bn_bi	LITE_RUNNING
2026-08-07T10:14:42+12:00	hpsA_r3m_bn_bi_rho0p25_eps0p05_lr1e4_i40000	r3m_bn_bi	LITE_COMPLETE
2026-08-07T10:14:42+12:00	hpsA_r3m_bn_bi_rho0p25_eps0p05_lr1e4_i40000	r3m_bn_bi	LITE_RUNNING
2026-08-07T10:14:51+12:00	hpsA_r3m_bn_bi_rho0p25_eps0p05_lr1e4_i40000	r3m_bn_bi	LITE_COMPLETE
2026-08-07T10:14:51+12:00	hpsA_r3m_bn_bi_rho0p25_eps0p05_lr1e4_i40000	r3m_bn_bi	LITE_RUNNING
2026-08-07T10:15:00+12:00	hpsA_r3m_bn_bi_rho0p25_eps0p05_lr1e4_i40000	r3m_bn_bi	LITE_COMPLETE
2026-08-07T10:15:00+12:00	hpsA_r3m_bn_bi_rho0p25_eps0p05_lr1e4_i40000	r3m_bn_bi	LITE_RUNNING
2026-08-07T10:15:09+12:00	hpsA_r3m_bn_bi_rho0p25_eps0p05_lr1e4_i40000	r3m_bn_bi	LITE_COMPLETE
2026-08-07T10:15:09+12:00	hpsA_r3m_bn_bi_rho0p25_eps0p05_lr1e4_i40000	r3m_bn_bi	LITE_RUNNING
2026-08-07T10:15:18+12:00	hpsA_r3m_bn_bi_rho0p25_eps0p05_lr1e4_i40000	r3m_bn_bi	LITE_COMPLETE
2026-08-07T10:15:18+12:00	hpsA_r3m_bn_bi_rho0p25_eps0p05_lr1e4_i40000	r3m_bn_bi	LITE_RUNNING
2026-08-07T10:15:27+12:00	hpsA_r3m_bn_bi_rho0p25_eps0p05_lr1e4_i40000	r3m_bn_bi	LITE_COMPLETE
2026-08-07T10:15:27+12:00	hpsA_r3m_bn_bi_rho0p25_eps0p05_lr1e4_i40000	r3m_bn_bi	LITE_RUNNING
2026-08-07T10:15:36+12:00	hpsA_r3m_bn_bi_rho0p25_eps0p05_lr1e4_i40000	r3m_bn_bi	LITE_COMPLETE
2026-08-07T10:15:36+12:00	hpsA_r3m_bn_bi_rho0p25_eps0p05_lr1e4_i40000	r3m_bn_bi	LITE_RUNNING
2026-08-07T10:15:44+12:00	hpsA_r3m_bn_bi_rho0p25_eps0p05_lr1e4_i40000	r3m_bn_bi	LITE_COMPLETE
2026-08-07T10:15:44+12:00	hpsA_r3m_bn_bi_rho0p25_eps0p05_lr1e4_i40000	r3m_bn_bi	LITE_RUNNING
2026-08-07T10:15:53+12:00	hpsA_r3m_bn_bi_rho0p25_eps0p05_lr1e4_i40000	r3m_bn_bi	LITE_COMPLETE
2026-08-07T10:15:53+12:00	hpsA_r3m_bn_bi_rho0p25_eps0p05_lr1e4_i40000	r3m_bn_bi	LITE_RUNNING
2026-08-07T10:16:02+12:00	hpsA_r3m_bn_bi_rho0p25_eps0p05_lr1e4_i40000	r3m_bn_bi	LITE_COMPLETE
2026-08-07T10:16:02+12:00	hpsA_r3m_bn_bi_rho0p25_eps0p05_lr1e4_i40000	r3m_bn_bi	LITE_RUNNING
2026-08-07T10:16:11+12:00	hpsA_r3m_bn_bi_rho0p25_eps0p05_lr1e4_i40000	r3m_bn_bi	LITE_COMPLETE
2026-08-07T10:16:11+12:00	hpsA_r3m_bn_bi_rho0p25_eps0p05_lr1e4_i40000	r3m_bn_bi	LITE_RUNNING
2026-08-07T10:16:20+12:00	hpsA_r3m_bn_bi_rho0p25_eps0p05_lr1e4_i40000	r3m_bn_bi	LITE_COMPLETE
2026-08-07T10:16:20+12:00	hpsA_r3m_bn_bi_rho0p25_eps0p05_lr1e4_i40000	r3m_bn_bi	LITE_RUNNING
2026-08-07T10:16:29+12:00	hpsA_r3m_bn_bi_rho0p25_eps0p05_lr1e4_i40000	r3m_bn_bi	LITE_COMPLETE
2026-08-07T10:16:29+12:00	hpsA_r3m_bn_bi_rho0p25_eps0p05_lr1e4_i40000	r3m_bn_bi	LITE_RUNNING
2026-08-07T10:16:38+12:00	hpsA_r3m_bn_bi_rho0p25_eps0p05_lr1e4_i40000	r3m_bn_bi	LITE_COMPLETE
2026-08-07T10:16:38+12:00	hpsA_r3m_bn_bi_rho0p25_eps0p05_lr1e4_i40000	r3m_bn_bi	LITE_RUNNING
2026-08-07T10:16:47+12:00	hpsA_r3m_bn_bi_rho0p25_eps0p05_lr1e4_i40000	r3m_bn_bi	LITE_COMPLETE
2026-08-07T10:16:47+12:00	hpsA_r3m_bn_bi_rho0p25_eps0p05_lr1e4_i40000	r3m_bn_bi	LITE_RUNNING
2026-08-07T10:16:56+12:00	hpsA_r3m_bn_bi_rho0p25_eps0p05_lr1e4_i40000	r3m_bn_bi	LITE_COMPLETE
2026-08-07T10:16:56+12:00	hpsA_r3m_bn_bi_rho0p25_eps0p05_lr1e4_i40000	r3m_bn_bi	LITE_RUNNING
2026-08-07T10:17:05+12:00	hpsA_r3m_bn_bi_rho0p25_eps0p05_lr1e4_i40000	r3m_bn_bi	LITE_COMPLETE
2026-08-07T10:17:05+12:00	hpsA_r3m_bn_bi_rho0p25_eps0p05_lr1e4_i40000	r3m_bn_bi	LITE_RUNNING
2026-08-07T10:17:14+12:00	hpsA_r3m_bn_bi_rho0p25_eps0p05_lr1e4_i40000	r3m_bn_bi	LITE_COMPLETE
2026-08-07T10:17:14+12:00	hpsA_r3m_bn_bi_rho0p25_eps0p05_lr1e4_i40000	r3m_bn_bi	LITE_RUNNING
2026-08-07T10:17:22+12:00	hpsA_r3m_bn_bi_rho0p25_eps0p05_lr1e4_i40000	r3m_bn_bi	LITE_COMPLETE
2026-08-07T10:17:22+12:00	hpsA_r3m_bn_bi_rho0p25_eps0p05_lr1e4_i40000	r3m_bn_bi	LITE_RUNNING
2026-08-07T10:17:31+12:00	hpsA_r3m_bn_bi_rho0p25_eps0p05_lr1e4_i40000	r3m_bn_bi	LITE_COMPLETE
2026-08-07T10:17:31+12:00	hpsA_r3m_bn_bi_rho0p25_eps0p05_lr1e4_i40000	r3m_bn_bi	LITE_RUNNING
2026-08-07T10:17:40+12:00	hpsA_r3m_bn_bi_rho0p25_eps0p05_lr1e4_i40000	r3m_bn_bi	LITE_COMPLETE
2026-08-07T10:17:40+12:00	hpsA_r3m_bn_bi_rho0p25_eps0p05_lr1e4_i40000	r3m_bn_bi	LITE_RUNNING
2026-08-07T10:17:49+12:00	hpsA_r3m_bn_bi_rho0p25_eps0p05_lr1e4_i40000	r3m_bn_bi	LITE_COMPLETE
2026-08-07T10:17:49+12:00	hpsA_r3m_bn_bi_rho0p25_eps0p05_lr1e4_i40000	r3m_bn_bi	LITE_RUNNING
2026-08-07T10:17:58+12:00	hpsA_r3m_bn_bi_rho0p25_eps0p05_lr1e4_i40000	r3m_bn_bi	LITE_COMPLETE
2026-08-07T10:17:58+12:00	hpsA_r3m_bn_bi_rho0p25_eps0p05_lr1e4_i40000	r3m_bn_bi	LITE_RUNNING
2026-08-07T10:18:07+12:00	hpsA_r3m_bn_bi_rho0p25_eps0p05_lr1e4_i40000	r3m_bn_bi	LITE_COMPLETE
2026-08-07T10:18:07+12:00	hpsA_r3m_bn_bi_rho0p25_eps0p05_lr1e4_i40000	r3m_bn_bi	LITE_RUNNING
2026-08-07T10:18:16+12:00	hpsA_r3m_bn_bi_rho0p25_eps0p05_lr1e4_i40000	r3m_bn_bi	LITE_COMPLETE
2026-08-07T10:18:16+12:00	hpsA_r3m_bn_bi_rho0p25_eps0p05_lr1e4_i40000	r3m_bn_bi	LITE_RUNNING
2026-08-07T10:18:25+12:00	hpsA_r3m_bn_bi_rho0p25_eps0p05_lr1e4_i40000	r3m_bn_bi	LITE_COMPLETE
2026-08-07T10:18:25+12:00	hpsA_r3m_bn_bi_rho0p25_eps0p05_lr1e4_i40000	r3m_bn_bi	LITE_RUNNING
2026-08-07T10:18:34+12:00	hpsA_r3m_bn_bi_rho0p25_eps0p05_lr1e4_i40000	r3m_bn_bi	LITE_COMPLETE
2026-08-07T10:18:34+12:00	hpsA_r3m_bn_bi_rho0p25_eps0p05_lr1e4_i40000	r3m_bn_bi	LITE_RUNNING
2026-08-07T10:18:42+12:00	hpsA_r3m_bn_bi_rho0p25_eps0p05_lr1e4_i40000	r3m_bn_bi	LITE_COMPLETE
2026-08-07T10:18:42+12:00	hpsA_r3m_bn_bi_rho0p25_eps0p05_lr1e4_i40000	r3m_bn_bi	LITE_RUNNING
2026-08-07T10:18:51+12:00	hpsA_r3m_bn_bi_rho0p25_eps0p05_lr1e4_i40000	r3m_bn_bi	LITE_COMPLETE
2026-08-07T10:18:51+12:00	hpsA_r3m_bn_bi_rho0p25_eps0p05_lr1e4_i40000	r3m_bn_bi	LITE_RUNNING
2026-08-07T10:19:00+12:00	hpsA_r3m_bn_bi_rho0p25_eps0p05_lr1e4_i40000	r3m_bn_bi	LITE_COMPLETE
2026-08-07T10:19:00+12:00	hpsA_r3m_bn_bi_rho0p25_eps0p05_lr1e4_i40000	r3m_bn_bi	LITE_RUNNING
2026-08-07T10:19:09+12:00	hpsA_r3m_bn_bi_rho0p25_eps0p05_lr1e4_i40000	r3m_bn_bi	LITE_COMPLETE
2026-08-07T10:19:09+12:00	hpsA_r3m_bn_bi_rho0p25_eps0p05_lr1e4_i40000	r3m_bn_bi	LITE_RUNNING
2026-08-07T10:19:18+12:00	hpsA_r3m_bn_bi_rho0p25_eps0p05_lr1e4_i40000	r3m_bn_bi	LITE_COMPLETE
2026-08-07T10:19:18+12:00	hpsA_r3m_bn_bi_rho0p25_eps0p05_lr1e4_i40000	r3m_bn_bi	LITE_RUNNING
2026-08-07T10:19:27+12:00	hpsA_r3m_bn_bi_rho0p25_eps0p05_lr1e4_i40000	r3m_bn_bi	LITE_COMPLETE
2026-08-07T10:19:27+12:00	hpsA_r3m_bn_bi_rho0p25_eps0p05_lr1e4_i40000	r3m_bn_bi	LITE_RUNNING
2026-08-07T10:19:36+12:00	hpsA_r3m_bn_bi_rho0p25_eps0p05_lr1e4_i40000	r3m_bn_bi	LITE_COMPLETE
2026-08-07T10:19:36+12:00	hpsA_r3m_bn_bi_rho0p25_eps0p05_lr1e4_i40000	r3m_bn_bi	LITE_RUNNING
2026-08-07T10:19:45+12:00	hpsA_r3m_bn_bi_rho0p25_eps0p05_lr1e4_i40000	r3m_bn_bi	LITE_COMPLETE
2026-08-07T10:19:45+12:00	hpsA_r3m_bn_bi_rho0p25_eps0p05_lr1e4_i40000	r3m_bn_bi	LITE_RUNNING
2026-08-07T10:19:54+12:00	hpsA_r3m_bn_bi_rho0p25_eps0p05_lr1e4_i40000	r3m_bn_bi	LITE_COMPLETE
2026-08-07T10:19:54+12:00	hpsA_r3m_bn_bi_rho0p25_eps0p05_lr1e4_i40000	r3m_bn_bi	LITE_RUNNING
2026-08-07T10:20:02+12:00	hpsA_r3m_bn_bi_rho0p25_eps0p05_lr1e4_i40000	r3m_bn_bi	LITE_COMPLETE
2026-08-07T10:20:02+12:00	hpsA_r3m_bn_bi_rho0p25_eps0p05_lr1e4_i40000	r3m_bn_bi	LITE_RUNNING
2026-08-07T10:20:11+12:00	hpsA_r3m_bn_bi_rho0p25_eps0p05_lr1e4_i40000	r3m_bn_bi	LITE_COMPLETE
2026-08-07T10:20:11+12:00	hpsA_r3m_bn_bi_rho0p25_eps0p05_lr1e4_i40000	r3m_bn_bi	LITE_RUNNING
2026-08-07T10:20:20+12:00	hpsA_r3m_bn_bi_rho0p25_eps0p05_lr1e4_i40000	r3m_bn_bi	LITE_COMPLETE
2026-08-07T10:20:20+12:00	hpsA_r3m_bn_bi_rho0p25_eps0p05_lr1e4_i40000	r3m_bn_bi	LITE_RUNNING
2026-08-07T10:20:29+12:00	hpsA_r3m_bn_bi_rho0p25_eps0p05_lr1e4_i40000	r3m_bn_bi	LITE_COMPLETE
2026-08-07T10:20:29+12:00	hpsA_r3m_bn_bi_rho0p25_eps0p05_lr1e4_i40000	r3m_bn_bi	LITE_RUNNING
2026-08-07T10:20:38+12:00	hpsA_r3m_bn_bi_rho0p25_eps0p05_lr1e4_i40000	r3m_bn_bi	LITE_COMPLETE
2026-08-07T10:20:38+12:00	hpsA_r3m_bn_bi_rho0p25_eps0p05_lr1e4_i40000	r3m_bn_bi	LITE_RUNNING
2026-08-07T10:20:47+12:00	hpsA_r3m_bn_bi_rho0p25_eps0p05_lr1e4_i40000	r3m_bn_bi	LITE_COMPLETE
2026-08-07T10:20:47+12:00	hpsA_r3m_bn_bi_rho0p25_eps0p05_lr1e4_i40000	r3m_bn_bi	LITE_RUNNING
2026-08-07T10:20:56+12:00	hpsA_r3m_bn_bi_rho0p25_eps0p05_lr1e4_i40000	r3m_bn_bi	LITE_COMPLETE
2026-08-07T10:20:56+12:00	hpsA_r3m_bn_bi_rho0p25_eps0p05_lr1e4_i40000	r3m_bn_bi	LITE_RUNNING
2026-08-07T10:21:05+12:00	hpsA_r3m_bn_bi_rho0p25_eps0p05_lr1e4_i40000	r3m_bn_bi	LITE_COMPLETE
2026-08-07T10:21:05+12:00	hpsA_r3m_bn_bi_rho0p25_eps0p05_lr1e4_i40000	r3m_bn_bi	LITE_RUNNING
2026-08-07T10:21:14+12:00	hpsA_r3m_bn_bi_rho0p25_eps0p05_lr1e4_i40000	r3m_bn_bi	LITE_COMPLETE
2026-08-07T10:21:14+12:00	hpsA_r3m_bn_bi_rho0p25_eps0p05_lr1e4_i40000	r3m_bn_bi	LITE_RUNNING
2026-08-07T10:21:23+12:00	hpsA_r3m_bn_bi_rho0p25_eps0p05_lr1e4_i40000	r3m_bn_bi	LITE_COMPLETE
2026-08-07T10:21:23+12:00	hpsA_r3m_bn_bi_rho0p25_eps0p05_lr1e4_i40000	r3m_bn_bi	LITE_RUNNING
2026-08-07T10:21:32+12:00	hpsA_r3m_bn_bi_rho0p25_eps0p05_lr1e4_i40000	r3m_bn_bi	LITE_COMPLETE
2026-08-07T10:21:32+12:00	hpsA_r3m_bn_bi_rho0p25_eps0p05_lr1e4_i40000	r3m_bn_bi	LITE_RUNNING
2026-08-07T10:21:40+12:00	hpsA_r3m_bn_bi_rho0p25_eps0p05_lr1e4_i40000	r3m_bn_bi	LITE_COMPLETE
2026-08-07T10:21:40+12:00	hpsA_r3m_bn_bi_rho0p25_eps0p05_lr1e4_i40000	r3m_bn_bi	LITE_RUNNING
2026-08-07T10:21:49+12:00	hpsA_r3m_bn_bi_rho0p25_eps0p05_lr1e4_i40000	r3m_bn_bi	LITE_COMPLETE
2026-08-07T10:21:49+12:00	hpsA_r3m_bn_bi_rho0p25_eps0p05_lr1e4_i40000	r3m_bn_bi	LITE_RUNNING
2026-08-07T10:21:58+12:00	hpsA_r3m_bn_bi_rho0p25_eps0p05_lr1e4_i40000	r3m_bn_bi	LITE_COMPLETE
2026-08-07T10:21:58+12:00	hpsA_r3m_bn_bi_rho0p25_eps0p05_lr1e4_i40000	r3m_bn_bi	LITE_RUNNING
2026-08-07T10:22:07+12:00	hpsA_r3m_bn_bi_rho0p25_eps0p05_lr1e4_i40000	r3m_bn_bi	LITE_COMPLETE
2026-08-07T10:22:07+12:00	hpsA_r3m_bn_bi_rho0p25_eps0p05_lr1e4_i40000	r3m_bn_bi	LITE_RUNNING
2026-08-07T10:22:16+12:00	hpsA_r3m_bn_bi_rho0p25_eps0p05_lr1e4_i40000	r3m_bn_bi	LITE_COMPLETE
2026-08-07T10:22:16+12:00	hpsA_r3m_bn_bi_rho0p25_eps0p05_lr1e4_i40000	r3m_bn_bi	LITE_RUNNING
2026-08-07T10:22:25+12:00	hpsA_r3m_bn_bi_rho0p25_eps0p05_lr1e4_i40000	r3m_bn_bi	LITE_COMPLETE
2026-08-07T10:22:25+12:00	hpsA_r3m_bn_bi_rho0p25_eps0p05_lr1e4_i40000	r3m_bn_bi	LITE_RUNNING
2026-08-07T10:22:34+12:00	hpsA_r3m_bn_bi_rho0p25_eps0p05_lr1e4_i40000	r3m_bn_bi	LITE_COMPLETE
2026-08-07T10:22:34+12:00	hpsA_r3m_bn_bi_rho0p25_eps0p05_lr1e4_i40000	r3m_bn_bi	LITE_RUNNING
2026-08-07T10:22:43+12:00	hpsA_r3m_bn_bi_rho0p25_eps0p05_lr1e4_i40000	r3m_bn_bi	LITE_COMPLETE
2026-08-07T10:22:43+12:00	hpsA_r3m_bn_bi_rho0p25_eps0p05_lr1e4_i40000	r3m_bn_bi	LITE_RUNNING
2026-08-07T10:22:51+12:00	hpsA_r3m_bn_bi_rho0p25_eps0p05_lr1e4_i40000	r3m_bn_bi	LITE_COMPLETE
2026-08-07T10:22:51+12:00	hpsA_r3m_bn_bi_rho0p25_eps0p05_lr1e4_i40000	r3m_bn_bi	LITE_RUNNING
2026-08-07T10:23:00+12:00	hpsA_r3m_bn_bi_rho0p25_eps0p05_lr1e4_i40000	r3m_bn_bi	LITE_COMPLETE
2026-08-07T10:23:00+12:00	hpsA_r3m_bn_bi_rho0p25_eps0p05_lr1e4_i40000	r3m_bn_bi	LITE_RUNNING
2026-08-07T10:23:09+12:00	hpsA_r3m_bn_bi_rho0p25_eps0p05_lr1e4_i40000	r3m_bn_bi	LITE_COMPLETE
2026-08-07T10:23:09+12:00	hpsA_r3m_bn_bi_rho0p25_eps0p05_lr1e4_i40000	r3m_bn_bi	LITE_RUNNING
2026-08-07T10:23:18+12:00	hpsA_r3m_bn_bi_rho0p25_eps0p05_lr1e4_i40000	r3m_bn_bi	LITE_COMPLETE
2026-08-07T10:23:18+12:00	hpsA_r3m_bn_bi_rho0p25_eps0p05_lr1e4_i40000	r3m_bn_bi	LITE_RUNNING
2026-08-07T10:23:27+12:00	hpsA_r3m_bn_bi_rho0p25_eps0p05_lr1e4_i40000	r3m_bn_bi	LITE_COMPLETE
2026-08-07T10:23:27+12:00	hpsA_r3m_bn_bi_rho0p25_eps0p05_lr1e4_i40000	r3m_bn_bi	LITE_RUNNING
2026-08-07T10:23:36+12:00	hpsA_r3m_bn_bi_rho0p25_eps0p05_lr1e4_i40000	r3m_bn_bi	LITE_COMPLETE
2026-08-07T10:23:36+12:00	hpsA_r3m_bn_bi_rho0p25_eps0p05_lr1e4_i40000	r3m_bn_bi	LITE_RUNNING
2026-08-07T10:23:45+12:00	hpsA_r3m_bn_bi_rho0p25_eps0p05_lr1e4_i40000	r3m_bn_bi	LITE_COMPLETE
2026-08-07T10:23:45+12:00	hpsA_r3m_bn_bi_rho0p25_eps0p05_lr1e4_i40000	r3m_bn_bi	LITE_RUNNING
2026-08-07T10:23:54+12:00	hpsA_r3m_bn_bi_rho0p25_eps0p05_lr1e4_i40000	r3m_bn_bi	LITE_COMPLETE
2026-08-07T10:23:54+12:00	hpsA_r3m_bn_bi_rho0p25_eps0p05_lr1e4_i40000	r3m_bn_bi	LITE_RUNNING
2026-08-07T10:24:03+12:00	hpsA_r3m_bn_bi_rho0p25_eps0p05_lr1e4_i40000	r3m_bn_bi	LITE_COMPLETE
2026-08-07T10:24:03+12:00	hpsA_r3m_bn_bi_rho0p25_eps0p05_lr1e4_i40000	r3m_bn_bi	LITE_RUNNING
2026-08-07T10:24:12+12:00	hpsA_r3m_bn_bi_rho0p25_eps0p05_lr1e4_i40000	r3m_bn_bi	LITE_COMPLETE
2026-08-07T10:24:12+12:00	hpsA_r3m_bn_bi_rho0p25_eps0p05_lr1e4_i40000	r3m_bn_bi	LITE_RUNNING
2026-08-07T10:24:21+12:00	hpsA_r3m_bn_bi_rho0p25_eps0p05_lr1e4_i40000	r3m_bn_bi	LITE_COMPLETE
2026-08-07T10:24:21+12:00	hpsA_r3m_bn_bi_rho0p25_eps0p05_lr1e4_i40000	r3m_bn_bi	LITE_RUNNING
2026-08-07T10:24:30+12:00	hpsA_r3m_bn_bi_rho0p25_eps0p05_lr1e4_i40000	r3m_bn_bi	LITE_COMPLETE
2026-08-07T10:24:30+12:00	hpsA_r3m_bn_bi_rho0p25_eps0p05_lr1e4_i40000	r3m_bn_bi	LITE_RUNNING
2026-08-07T10:24:38+12:00	hpsA_r3m_bn_bi_rho0p25_eps0p05_lr1e4_i40000	r3m_bn_bi	LITE_COMPLETE
2026-08-07T10:24:38+12:00	hpsA_r3m_bn_bi_rho0p25_eps0p05_lr1e4_i40000	r3m_bn_bi	LITE_RUNNING
2026-08-07T10:24:47+12:00	hpsA_r3m_bn_bi_rho0p25_eps0p05_lr1e4_i40000	r3m_bn_bi	LITE_COMPLETE
2026-08-07T10:24:47+12:00	hpsA_r3m_bn_bi_rho0p25_eps0p05_lr1e4_i40000	r3m_bn_bi	LITE_RUNNING
2026-08-07T10:24:56+12:00	hpsA_r3m_bn_bi_rho0p25_eps0p05_lr1e4_i40000	r3m_bn_bi	LITE_COMPLETE
2026-08-07T10:24:56+12:00	hpsA_r3m_bn_bi_rho0p25_eps0p05_lr1e4_i40000	r3m_bn_bi	LITE_RUNNING
2026-08-07T10:25:05+12:00	hpsA_r3m_bn_bi_rho0p25_eps0p05_lr1e4_i40000	r3m_bn_bi	LITE_COMPLETE
2026-08-07T10:25:05+12:00	hpsA_r3m_bn_bi_rho0p25_eps0p05_lr1e4_i40000	r3m_bn_bi	LITE_RUNNING
2026-08-07T10:25:14+12:00	hpsA_r3m_bn_bi_rho0p25_eps0p05_lr1e4_i40000	r3m_bn_bi	LITE_COMPLETE
2026-08-07T10:25:14+12:00	hpsA_r3m_bn_bi_rho0p25_eps0p05_lr1e4_i40000	r3m_bn_bi	LITE_RUNNING
2026-08-07T10:25:23+12:00	hpsA_r3m_bn_bi_rho0p25_eps0p05_lr1e4_i40000	r3m_bn_bi	LITE_COMPLETE
2026-08-07T10:25:23+12:00	hpsA_r3m_bn_bi_rho0p25_eps0p05_lr1e4_i40000	r3m_bn_bi	LITE_RUNNING
2026-08-07T10:25:32+12:00	hpsA_r3m_bn_bi_rho0p25_eps0p05_lr1e4_i40000	r3m_bn_bi	LITE_COMPLETE
2026-08-07T10:25:32+12:00	hpsA_r3m_bn_bi_rho0p25_eps0p05_lr1e4_i40000	r3m_bn_bi	LITE_RUNNING
2026-08-07T10:25:41+12:00	hpsA_r3m_bn_bi_rho0p25_eps0p05_lr1e4_i40000	r3m_bn_bi	LITE_COMPLETE
2026-08-07T10:25:41+12:00	hpsA_r3m_bn_bi_rho0p25_eps0p05_lr1e4_i40000	r3m_bn_bi	LITE_RUNNING
2026-08-07T10:25:50+12:00	hpsA_r3m_bn_bi_rho0p25_eps0p05_lr1e4_i40000	r3m_bn_bi	LITE_COMPLETE
2026-08-07T10:25:50+12:00	hpsA_r3m_bn_bi_rho0p25_eps0p05_lr1e4_i40000	r3m_bn_bi	LITE_RUNNING
2026-08-07T10:25:59+12:00	hpsA_r3m_bn_bi_rho0p25_eps0p05_lr1e4_i40000	r3m_bn_bi	LITE_COMPLETE
2026-08-07T10:25:59+12:00	hpsA_r3m_bn_bi_rho0p25_eps0p05_lr1e4_i40000	r3m_bn_bi	LITE_RUNNING
2026-08-07T10:26:07+12:00	hpsA_r3m_bn_bi_rho0p25_eps0p05_lr1e4_i40000	r3m_bn_bi	LITE_COMPLETE
2026-08-07T10:26:07+12:00	hpsA_r3m_bn_bi_rho0p25_eps0p05_lr1e4_i40000	r3m_bn_bi	LITE_RUNNING
2026-08-07T10:26:16+12:00	hpsA_r3m_bn_bi_rho0p25_eps0p05_lr1e4_i40000	r3m_bn_bi	LITE_COMPLETE
2026-08-07T10:26:16+12:00	hpsA_r3m_bn_bi_rho0p25_eps0p05_lr1e4_i40000	r3m_bn_bi	LITE_RUNNING
2026-08-07T10:26:25+12:00	hpsA_r3m_bn_bi_rho0p25_eps0p05_lr1e4_i40000	r3m_bn_bi	LITE_COMPLETE
2026-08-07T10:26:25+12:00	hpsA_r3m_bn_bi_rho0p25_eps0p05_lr1e4_i40000	r3m_bn_bi	LITE_RUNNING
2026-08-07T10:26:34+12:00	hpsA_r3m_bn_bi_rho0p25_eps0p05_lr1e4_i40000	r3m_bn_bi	LITE_COMPLETE
2026-08-07T10:26:34+12:00	hpsA_r3m_bn_bi_rho0p25_eps0p05_lr1e4_i40000	r3m_bn_bi	LITE_RUNNING
2026-08-07T10:26:43+12:00	hpsA_r3m_bn_bi_rho0p25_eps0p05_lr1e4_i40000	r3m_bn_bi	LITE_COMPLETE
2026-08-07T10:26:43+12:00	hpsA_r3m_bn_bi_rho0p25_eps0p05_lr1e4_i40000	r3m_bn_bi	LITE_RUNNING
2026-08-07T10:26:52+12:00	hpsA_r3m_bn_bi_rho0p25_eps0p05_lr1e4_i40000	r3m_bn_bi	LITE_COMPLETE
2026-08-07T10:26:52+12:00	hpsA_r3m_bn_bi_rho0p25_eps0p05_lr1e4_i40000	r3m_bn_bi	LITE_RUNNING
2026-08-07T10:27:01+12:00	hpsA_r3m_bn_bi_rho0p25_eps0p05_lr1e4_i40000	r3m_bn_bi	LITE_COMPLETE
2026-08-07T10:27:01+12:00	hpsA_r3m_bn_bi_rho0p25_eps0p05_lr1e4_i40000	r3m_bn_bi	LITE_RUNNING
2026-08-07T10:27:10+12:00	hpsA_r3m_bn_bi_rho0p25_eps0p05_lr1e4_i40000	r3m_bn_bi	LITE_COMPLETE
2026-08-07T10:27:10+12:00	hpsA_r3m_bn_bi_rho0p25_eps0p05_lr1e4_i40000	r3m_bn_bi	LITE_RUNNING
2026-08-07T10:27:19+12:00	hpsA_r3m_bn_bi_rho0p25_eps0p05_lr1e4_i40000	r3m_bn_bi	LITE_COMPLETE
2026-08-07T10:27:19+12:00	hpsA_r3m_bn_bi_rho0p25_eps0p05_lr1e4_i40000	r3m_bn_bi	LITE_RUNNING
2026-08-07T10:27:28+12:00	hpsA_r3m_bn_bi_rho0p25_eps0p05_lr1e4_i40000	r3m_bn_bi	LITE_COMPLETE
2026-08-07T10:27:28+12:00	hpsA_r3m_bn_bi_rho0p25_eps0p05_lr1e4_i40000	r3m_bn_bi	LITE_RUNNING
2026-08-07T10:27:36+12:00	hpsA_r3m_bn_bi_rho0p25_eps0p05_lr1e4_i40000	r3m_bn_bi	LITE_COMPLETE
2026-08-07T10:27:36+12:00	hpsA_r3m_bn_bi_rho0p25_eps0p05_lr1e4_i40000	r3m_bn_bi	LITE_RUNNING
2026-08-07T10:27:45+12:00	hpsA_r3m_bn_bi_rho0p25_eps0p05_lr1e4_i40000	r3m_bn_bi	LITE_COMPLETE
2026-08-07T10:27:45+12:00	hpsA_r3m_bn_bi_rho0p25_eps0p05_lr1e4_i40000	r3m_bn_bi	LITE_RUNNING
2026-08-07T10:27:54+12:00	hpsA_r3m_bn_bi_rho0p25_eps0p05_lr1e4_i40000	r3m_bn_bi	LITE_COMPLETE
2026-08-07T10:27:54+12:00	hpsA_r3m_bn_bi_rho0p25_eps0p05_lr1e4_i40000	r3m_bn_bi	LITE_RUNNING
2026-08-07T10:28:03+12:00	hpsA_r3m_bn_bi_rho0p25_eps0p05_lr1e4_i40000	r3m_bn_bi	LITE_COMPLETE
2026-08-07T10:28:03+12:00	hpsA_r3m_bn_bi_rho0p25_eps0p05_lr1e4_i40000	r3m_bn_bi	LITE_RUNNING
2026-08-07T10:28:12+12:00	hpsA_r3m_bn_bi_rho0p25_eps0p05_lr1e4_i40000	r3m_bn_bi	LITE_COMPLETE
2026-08-07T10:28:12+12:00	hpsA_r3m_bn_bi_rho0p25_eps0p05_lr1e4_i40000	r3m_bn_bi	LITE_RUNNING
2026-08-07T10:28:21+12:00	hpsA_r3m_bn_bi_rho0p25_eps0p05_lr1e4_i40000	r3m_bn_bi	LITE_COMPLETE
2026-08-07T10:28:21+12:00	hpsA_r3m_bn_bi_rho0p25_eps0p05_lr1e4_i40000	r3m_bn_bi	LITE_RUNNING
2026-08-07T10:28:30+12:00	hpsA_r3m_bn_bi_rho0p25_eps0p05_lr1e4_i40000	r3m_bn_bi	LITE_COMPLETE
2026-08-07T10:28:30+12:00	hpsA_r3m_bn_bi_rho0p25_eps0p05_lr1e4_i40000	r3m_bn_bi	LITE_RUNNING
2026-08-07T10:28:39+12:00	hpsA_r3m_bn_bi_rho0p25_eps0p05_lr1e4_i40000	r3m_bn_bi	LITE_COMPLETE
2026-08-07T10:28:39+12:00	hpsA_r3m_bn_bi_rho0p25_eps0p05_lr1e4_i40000	r3m_bn_bi	LITE_RUNNING
2026-08-07T10:28:48+12:00	hpsA_r3m_bn_bi_rho0p25_eps0p05_lr1e4_i40000	r3m_bn_bi	LITE_COMPLETE
2026-08-07T10:28:48+12:00	hpsA_r3m_bn_bi_rho0p25_eps0p05_lr1e4_i40000	r3m_bn_bi	LITE_RUNNING
2026-08-07T10:28:57+12:00	hpsA_r3m_bn_bi_rho0p25_eps0p05_lr1e4_i40000	r3m_bn_bi	LITE_COMPLETE
2026-08-07T10:28:57+12:00	hpsA_r3m_bn_bi_rho0p25_eps0p05_lr1e4_i40000	r3m_bn_bi	LITE_RUNNING
2026-08-07T10:29:06+12:00	hpsA_r3m_bn_bi_rho0p25_eps0p05_lr1e4_i40000	r3m_bn_bi	LITE_COMPLETE
2026-08-07T10:29:06+12:00	hpsA_r3m_bn_bi_rho0p25_eps0p05_lr1e4_i40000	r3m_bn_bi	LITE_RUNNING
2026-08-07T10:29:14+12:00	hpsA_r3m_bn_bi_rho0p25_eps0p05_lr1e4_i40000	r3m_bn_bi	LITE_COMPLETE
2026-08-07T10:29:14+12:00	hpsA_r3m_bn_bi_rho0p25_eps0p05_lr1e4_i40000	r3m_bn_bi	LITE_RUNNING
2026-08-07T10:29:23+12:00	hpsA_r3m_bn_bi_rho0p25_eps0p05_lr1e4_i40000	r3m_bn_bi	LITE_COMPLETE
2026-08-07T10:29:23+12:00	hpsA_r3m_bn_bi_rho0p25_eps0p05_lr1e4_i40000	r3m_bn_bi	LITE_RUNNING
2026-08-07T10:29:32+12:00	hpsA_r3m_bn_bi_rho0p25_eps0p05_lr1e4_i40000	r3m_bn_bi	LITE_COMPLETE
2026-08-07T10:29:32+12:00	hpsA_r3m_bn_bi_rho0p25_eps0p05_lr1e4_i40000	r3m_bn_bi	LITE_RUNNING
2026-08-07T10:29:41+12:00	hpsA_r3m_bn_bi_rho0p25_eps0p05_lr1e4_i40000	r3m_bn_bi	LITE_COMPLETE
2026-08-07T10:29:41+12:00	hpsA_r3m_bn_bi_rho0p25_eps0p05_lr1e4_i40000	r3m_bn_bi	LITE_RUNNING
2026-08-07T10:29:50+12:00	hpsA_r3m_bn_bi_rho0p25_eps0p05_lr1e4_i40000	r3m_bn_bi	LITE_COMPLETE
2026-08-07T10:29:50+12:00	hpsA_r3m_bn_bi_rho0p25_eps0p05_lr1e4_i40000	r3m_bn_bi	LITE_RUNNING
2026-08-07T10:29:59+12:00	hpsA_r3m_bn_bi_rho0p25_eps0p05_lr1e4_i40000	r3m_bn_bi	LITE_COMPLETE
2026-08-07T10:29:59+12:00	hpsA_r3m_bn_bi_rho0p25_eps0p05_lr1e4_i40000	r3m_bn_bi	LITE_RUNNING
2026-08-07T10:30:08+12:00	hpsA_r3m_bn_bi_rho0p25_eps0p05_lr1e4_i40000	r3m_bn_bi	LITE_COMPLETE
2026-08-07T10:30:08+12:00	hpsA_r3m_bn_bi_rho0p25_eps0p05_lr1e4_i40000	r3m_bn_bi	LITE_RUNNING
2026-08-07T10:30:17+12:00	hpsA_r3m_bn_bi_rho0p25_eps0p05_lr1e4_i40000	r3m_bn_bi	LITE_COMPLETE
2026-08-07T10:30:17+12:00	hpsA_r3m_bn_bi_rho0p25_eps0p05_lr1e4_i40000	r3m_bn_bi	LITE_RUNNING
2026-08-07T10:30:26+12:00	hpsA_r3m_bn_bi_rho0p25_eps0p05_lr1e4_i40000	r3m_bn_bi	LITE_COMPLETE
2026-08-07T10:30:26+12:00	hpsA_r3m_bn_bi_rho0p25_eps0p05_lr1e4_i40000	r3m_bn_bi	LITE_RUNNING
2026-08-07T10:30:35+12:00	hpsA_r3m_bn_bi_rho0p25_eps0p05_lr1e4_i40000	r3m_bn_bi	LITE_COMPLETE
2026-08-07T10:30:35+12:00	hpsA_r3m_bn_bi_rho0p25_eps0p05_lr1e4_i40000	r3m_bn_bi	LITE_RUNNING
2026-08-07T10:30:44+12:00	hpsA_r3m_bn_bi_rho0p25_eps0p05_lr1e4_i40000	r3m_bn_bi	LITE_COMPLETE
2026-08-07T10:30:44+12:00	hpsA_r3m_bn_bi_rho0p25_eps0p05_lr1e4_i40000	r3m_bn_bi	LITE_RUNNING
2026-08-07T10:30:52+12:00	hpsA_r3m_bn_bi_rho0p25_eps0p05_lr1e4_i40000	r3m_bn_bi	LITE_COMPLETE
2026-08-07T10:30:52+12:00	hpsA_r3m_bn_bi_rho0p25_eps0p05_lr1e4_i40000	r3m_bn_bi	LITE_RUNNING
2026-08-07T10:31:01+12:00	hpsA_r3m_bn_bi_rho0p25_eps0p05_lr1e4_i40000	r3m_bn_bi	LITE_COMPLETE
2026-08-07T10:31:01+12:00	hpsA_r3m_bn_bi_rho0p25_eps0p05_lr1e4_i40000	r3m_bn_bi	LITE_RUNNING
2026-08-07T10:31:10+12:00	hpsA_r3m_bn_bi_rho0p25_eps0p05_lr1e4_i40000	r3m_bn_bi	LITE_COMPLETE
2026-08-07T10:31:10+12:00	hpsA_r3m_bn_bi_rho0p25_eps0p05_lr1e4_i40000	r3m_bn_bi	LITE_RUNNING
2026-08-07T10:31:19+12:00	hpsA_r3m_bn_bi_rho0p25_eps0p05_lr1e4_i40000	r3m_bn_bi	LITE_COMPLETE
2026-08-07T10:31:19+12:00	hpsA_r3m_bn_bi_rho0p25_eps0p05_lr1e4_i40000	r3m_bn_bi	LITE_RUNNING
2026-08-07T10:31:28+12:00	hpsA_r3m_bn_bi_rho0p25_eps0p05_lr1e4_i40000	r3m_bn_bi	LITE_COMPLETE
2026-08-07T10:31:28+12:00	hpsA_r3m_bn_bi_rho0p25_eps0p05_lr1e4_i40000	r3m_bn_bi	LITE_RUNNING
2026-08-07T10:31:37+12:00	hpsA_r3m_bn_bi_rho0p25_eps0p05_lr1e4_i40000	r3m_bn_bi	LITE_COMPLETE
2026-08-07T10:31:37+12:00	hpsA_r3m_bn_bi_rho0p25_eps0p05_lr1e4_i40000	r3m_bn_bi	LITE_RUNNING
2026-08-07T10:31:46+12:00	hpsA_r3m_bn_bi_rho0p25_eps0p05_lr1e4_i40000	r3m_bn_bi	LITE_COMPLETE
2026-08-07T10:31:46+12:00	hpsA_r3m_bn_bi_rho0p25_eps0p05_lr1e4_i40000	r3m_bn_bi	LITE_RUNNING
2026-08-07T10:31:55+12:00	hpsA_r3m_bn_bi_rho0p25_eps0p05_lr1e4_i40000	r3m_bn_bi	LITE_COMPLETE
2026-08-07T10:31:55+12:00	hpsA_r3m_bn_bi_rho0p25_eps0p05_lr1e4_i40000	r3m_bn_bi	LITE_RUNNING
2026-08-07T10:32:04+12:00	hpsA_r3m_bn_bi_rho0p25_eps0p05_lr1e4_i40000	r3m_bn_bi	LITE_COMPLETE
2026-08-07T10:32:04+12:00	hpsA_r3m_bn_bi_rho0p25_eps0p05_lr1e4_i40000	r3m_bn_bi	LITE_RUNNING
2026-08-07T10:32:13+12:00	hpsA_r3m_bn_bi_rho0p25_eps0p05_lr1e4_i40000	r3m_bn_bi	LITE_COMPLETE
2026-08-07T10:32:13+12:00	hpsA_r3m_bn_bi_rho0p25_eps0p05_lr1e4_i40000	r3m_bn_bi	LITE_RUNNING
2026-08-07T10:32:21+12:00	hpsA_r3m_bn_bi_rho0p25_eps0p05_lr1e4_i40000	r3m_bn_bi	LITE_COMPLETE
2026-08-07T10:32:21+12:00	hpsA_r3m_bn_bi_rho0p25_eps0p05_lr1e4_i40000	r3m_bn_bi	LITE_RUNNING
2026-08-07T10:32:30+12:00	hpsA_r3m_bn_bi_rho0p25_eps0p05_lr1e4_i40000	r3m_bn_bi	LITE_COMPLETE
2026-08-07T10:32:30+12:00	hpsA_r3m_bn_bi_rho0p25_eps0p05_lr1e4_i40000	r3m_bn_bi	LITE_RUNNING
2026-08-07T10:32:39+12:00	hpsA_r3m_bn_bi_rho0p25_eps0p05_lr1e4_i40000	r3m_bn_bi	LITE_COMPLETE
2026-08-07T10:32:39+12:00	hpsA_r3m_bn_bi_rho0p25_eps0p05_lr1e4_i40000	r3m_bn_bi	LITE_RUNNING
2026-08-07T10:32:48+12:00	hpsA_r3m_bn_bi_rho0p25_eps0p05_lr1e4_i40000	r3m_bn_bi	LITE_COMPLETE
2026-08-07T10:32:48+12:00	hpsA_r3m_bn_bi_rho0p25_eps0p05_lr1e4_i40000	r3m_bn_bi	LITE_RUNNING
2026-08-07T10:32:57+12:00	hpsA_r3m_bn_bi_rho0p25_eps0p05_lr1e4_i40000	r3m_bn_bi	LITE_COMPLETE
2026-08-07T10:32:57+12:00	hpsA_r3m_bn_bi_rho0p25_eps0p05_lr1e4_i40000	r3m_bn_bi	LITE_RUNNING
2026-08-07T10:33:06+12:00	hpsA_r3m_bn_bi_rho0p25_eps0p05_lr1e4_i40000	r3m_bn_bi	LITE_COMPLETE
2026-08-07T10:33:06+12:00	hpsA_r3m_bn_bi_rho0p25_eps0p05_lr1e4_i40000	r3m_bn_bi	LITE_RUNNING
2026-08-07T10:33:15+12:00	hpsA_r3m_bn_bi_rho0p25_eps0p05_lr1e4_i40000	r3m_bn_bi	LITE_COMPLETE
2026-08-07T10:33:15+12:00	hpsA_r3m_bn_bi_rho0p25_eps0p05_lr1e4_i40000	r3m_bn_bi	LITE_RUNNING
2026-08-07T10:33:24+12:00	hpsA_r3m_bn_bi_rho0p25_eps0p05_lr1e4_i40000	r3m_bn_bi	LITE_COMPLETE
2026-08-07T10:33:24+12:00	hpsA_r3m_bn_bi_rho0p25_eps0p05_lr1e4_i40000	r3m_bn_bi	LITE_RUNNING
2026-08-07T10:33:33+12:00	hpsA_r3m_bn_bi_rho0p25_eps0p05_lr1e4_i40000	r3m_bn_bi	LITE_COMPLETE
2026-08-07T10:33:33+12:00	hpsA_r3m_bn_bi_rho0p25_eps0p05_lr1e4_i40000	r3m_bn_bi	LITE_RUNNING
2026-08-07T10:33:41+12:00	hpsA_r3m_bn_bi_rho0p25_eps0p05_lr1e4_i40000	r3m_bn_bi	LITE_COMPLETE
2026-08-07T10:33:41+12:00	hpsA_r3m_bn_bi_rho0p25_eps0p05_lr1e4_i40000	r3m_bn_bi	LITE_RUNNING
2026-08-07T10:33:50+12:00	hpsA_r3m_bn_bi_rho0p25_eps0p05_lr1e4_i40000	r3m_bn_bi	LITE_COMPLETE
2026-08-07T10:33:50+12:00	hpsA_r3m_bn_bi_rho0p25_eps0p05_lr1e4_i40000	r3m_bn_bi	LITE_RUNNING
2026-08-07T10:33:59+12:00	hpsA_r3m_bn_bi_rho0p25_eps0p05_lr1e4_i40000	r3m_bn_bi	LITE_COMPLETE
2026-08-07T10:33:59+12:00	hpsA_r3m_bn_bi_rho0p25_eps0p05_lr1e4_i40000	r3m_bn_bi	LITE_RUNNING
2026-08-07T10:34:08+12:00	hpsA_r3m_bn_bi_rho0p25_eps0p05_lr1e4_i40000	r3m_bn_bi	LITE_COMPLETE
2026-08-07T10:34:08+12:00	hpsA_r3m_bn_bi_rho0p25_eps0p05_lr1e4_i40000	r3m_bn_bi	LITE_RUNNING
2026-08-07T10:34:17+12:00	hpsA_r3m_bn_bi_rho0p25_eps0p05_lr1e4_i40000	r3m_bn_bi	LITE_COMPLETE
2026-08-07T10:34:17+12:00	hpsA_r3m_bn_bi_rho0p25_eps0p05_lr1e4_i40000	r3m_bn_bi	LITE_RUNNING
2026-08-07T10:34:26+12:00	hpsA_r3m_bn_bi_rho0p25_eps0p05_lr1e4_i40000	r3m_bn_bi	LITE_COMPLETE
2026-08-07T10:34:26+12:00	hpsA_r3m_bn_bi_rho0p25_eps0p05_lr1e4_i40000	r3m_bn_bi	LITE_RUNNING
2026-08-07T10:34:35+12:00	hpsA_r3m_bn_bi_rho0p25_eps0p05_lr1e4_i40000	r3m_bn_bi	LITE_COMPLETE
2026-08-07T10:34:35+12:00	hpsA_r3m_bn_bi_rho0p25_eps0p05_lr1e4_i40000	r3m_bn_bi	LITE_RUNNING
2026-08-07T10:34:44+12:00	hpsA_r3m_bn_bi_rho0p25_eps0p05_lr1e4_i40000	r3m_bn_bi	LITE_COMPLETE
2026-08-07T10:34:44+12:00	hpsA_r3m_bn_bi_rho0p25_eps0p05_lr1e4_i40000	r3m_bn_bi	LITE_RUNNING
2026-08-07T10:34:53+12:00	hpsA_r3m_bn_bi_rho0p25_eps0p05_lr1e4_i40000	r3m_bn_bi	LITE_COMPLETE
2026-08-07T10:34:53+12:00	hpsA_r3m_bn_bi_rho0p25_eps0p05_lr1e4_i40000	r3m_bn_bi	LITE_RUNNING
2026-08-07T10:35:02+12:00	hpsA_r3m_bn_bi_rho0p25_eps0p05_lr1e4_i40000	r3m_bn_bi	LITE_COMPLETE
2026-08-07T10:35:02+12:00	hpsA_r3m_bn_bi_rho0p25_eps0p05_lr1e4_i40000	r3m_bn_bi	LITE_RUNNING
2026-08-07T10:35:10+12:00	hpsA_r3m_bn_bi_rho0p25_eps0p05_lr1e4_i40000	r3m_bn_bi	LITE_COMPLETE
2026-08-07T10:35:10+12:00	hpsA_r3m_bn_bi_rho0p25_eps0p05_lr1e4_i40000	r3m_bn_bi	LITE_RUNNING
2026-08-07T10:35:19+12:00	hpsA_r3m_bn_bi_rho0p25_eps0p05_lr1e4_i40000	r3m_bn_bi	LITE_COMPLETE
2026-08-07T10:35:19+12:00	hpsA_r3m_bn_bi_rho0p25_eps0p05_lr1e4_i40000	r3m_bn_bi	LITE_RUNNING
2026-08-07T10:35:28+12:00	hpsA_r3m_bn_bi_rho0p25_eps0p05_lr1e4_i40000	r3m_bn_bi	LITE_COMPLETE
2026-08-07T10:35:28+12:00	hpsA_r3m_bn_bi_rho0p25_eps0p05_lr1e4_i40000	r3m_bn_bi	LITE_RUNNING
2026-08-07T10:35:37+12:00	hpsA_r3m_bn_bi_rho0p25_eps0p05_lr1e4_i40000	r3m_bn_bi	LITE_COMPLETE
2026-08-07T10:35:37+12:00	hpsA_r3m_bn_bi_rho0p25_eps0p05_lr1e4_i40000	r3m_bn_bi	LITE_RUNNING
2026-08-07T10:35:46+12:00	hpsA_r3m_bn_bi_rho0p25_eps0p05_lr1e4_i40000	r3m_bn_bi	LITE_COMPLETE
2026-08-07T10:35:46+12:00	hpsA_r3m_bn_bi_rho0p25_eps0p05_lr1e4_i40000	r3m_bn_bi	LITE_RUNNING
2026-08-07T10:35:55+12:00	hpsA_r3m_bn_bi_rho0p25_eps0p05_lr1e4_i40000	r3m_bn_bi	LITE_COMPLETE
2026-08-07T10:35:55+12:00	hpsA_r3m_bn_bi_rho0p25_eps0p05_lr1e4_i40000	r3m_bn_bi	LITE_RUNNING
2026-08-07T10:36:04+12:00	hpsA_r3m_bn_bi_rho0p25_eps0p05_lr1e4_i40000	r3m_bn_bi	LITE_COMPLETE
2026-08-07T10:36:04+12:00	hpsA_r3m_bn_bi_rho0p25_eps0p05_lr1e4_i40000	r3m_bn_bi	LITE_RUNNING
2026-08-07T10:36:13+12:00	hpsA_r3m_bn_bi_rho0p25_eps0p05_lr1e4_i40000	r3m_bn_bi	LITE_COMPLETE
2026-08-07T10:36:13+12:00	hpsA_r3m_bn_bi_rho0p25_eps0p05_lr1e4_i40000	r3m_bn_bi	LITE_RUNNING
2026-08-07T10:36:22+12:00	hpsA_r3m_bn_bi_rho0p25_eps0p05_lr1e4_i40000	r3m_bn_bi	LITE_COMPLETE
2026-08-07T10:36:22+12:00	hpsA_r3m_bn_bi_rho0p25_eps0p05_lr1e4_i40000	r3m_bn_bi	LITE_RUNNING
2026-08-07T10:36:31+12:00	hpsA_r3m_bn_bi_rho0p25_eps0p05_lr1e4_i40000	r3m_bn_bi	LITE_COMPLETE
2026-08-07T10:36:31+12:00	hpsA_r3m_bn_bi_rho0p25_eps0p05_lr1e4_i40000	r3m_bn_bi	LITE_RUNNING
2026-08-07T10:36:40+12:00	hpsA_r3m_bn_bi_rho0p25_eps0p05_lr1e4_i40000	r3m_bn_bi	LITE_COMPLETE
2026-08-07T10:36:40+12:00	hpsA_r3m_bn_bi_rho0p25_eps0p05_lr1e4_i40000	r3m_bn_bi	LITE_RUNNING
2026-08-07T10:36:48+12:00	hpsA_r3m_bn_bi_rho0p25_eps0p05_lr1e4_i40000	r3m_bn_bi	LITE_COMPLETE
2026-08-07T10:36:48+12:00	hpsA_r3m_bn_bi_rho0p25_eps0p05_lr1e4_i40000	r3m_bn_bi	LITE_RUNNING
2026-08-07T10:36:57+12:00	hpsA_r3m_bn_bi_rho0p25_eps0p05_lr1e4_i40000	r3m_bn_bi	LITE_COMPLETE
2026-08-07T10:36:57+12:00	hpsA_r3m_bn_bi_rho0p25_eps0p05_lr1e4_i40000	r3m_bn_bi	LITE_RUNNING
2026-08-07T10:37:06+12:00	hpsA_r3m_bn_bi_rho0p25_eps0p05_lr1e4_i40000	r3m_bn_bi	LITE_COMPLETE
2026-08-07T10:37:06+12:00	hpsA_r3m_bn_bi_rho0p25_eps0p05_lr1e4_i40000	r3m_bn_bi	LITE_RUNNING
2026-08-07T10:37:15+12:00	hpsA_r3m_bn_bi_rho0p25_eps0p05_lr1e4_i40000	r3m_bn_bi	LITE_COMPLETE
2026-08-07T10:37:15+12:00	hpsA_r3m_bn_bi_rho0p25_eps0p05_lr1e4_i40000	r3m_bn_bi	LITE_RUNNING
2026-08-07T10:37:24+12:00	hpsA_r3m_bn_bi_rho0p25_eps0p05_lr1e4_i40000	r3m_bn_bi	LITE_COMPLETE
2026-08-07T10:37:24+12:00	hpsA_r3m_bn_bi_rho0p25_eps0p05_lr1e4_i40000	r3m_bn_bi	LITE_RUNNING
2026-08-07T10:37:33+12:00	hpsA_r3m_bn_bi_rho0p25_eps0p05_lr1e4_i40000	r3m_bn_bi	LITE_COMPLETE
2026-08-07T10:37:33+12:00	hpsA_r3m_bn_bi_rho0p25_eps0p05_lr1e4_i40000	r3m_bn_bi	LITE_RUNNING
2026-08-07T10:37:42+12:00	hpsA_r3m_bn_bi_rho0p25_eps0p05_lr1e4_i40000	r3m_bn_bi	LITE_COMPLETE
2026-08-07T10:37:42+12:00	hpsA_r3m_bn_bi_rho0p25_eps0p05_lr1e4_i40000	r3m_bn_bi	LITE_RUNNING
2026-08-07T10:37:51+12:00	hpsA_r3m_bn_bi_rho0p25_eps0p05_lr1e4_i40000	r3m_bn_bi	LITE_COMPLETE
2026-08-07T10:37:51+12:00	hpsA_r3m_bn_bi_rho0p25_eps0p05_lr1e4_i40000	r3m_bn_bi	LITE_RUNNING
2026-08-07T10:38:00+12:00	hpsA_r3m_bn_bi_rho0p25_eps0p05_lr1e4_i40000	r3m_bn_bi	LITE_COMPLETE
2026-08-07T10:38:00+12:00	hpsA_r3m_bn_bi_rho0p25_eps0p05_lr1e4_i40000	r3m_bn_bi	LITE_RUNNING
2026-08-07T10:38:08+12:00	hpsA_r3m_bn_bi_rho0p25_eps0p05_lr1e4_i40000	r3m_bn_bi	LITE_COMPLETE
2026-08-07T10:38:08+12:00	hpsA_r3m_bn_bi_rho0p25_eps0p05_lr1e4_i40000	r3m_bn_bi	LITE_RUNNING
2026-08-07T10:38:17+12:00	hpsA_r3m_bn_bi_rho0p25_eps0p05_lr1e4_i40000	r3m_bn_bi	LITE_COMPLETE
2026-08-07T10:38:17+12:00	hpsA_r3m_bn_bi_rho0p25_eps0p05_lr1e4_i40000	r3m_bn_bi	LITE_RUNNING
2026-08-07T10:38:26+12:00	hpsA_r3m_bn_bi_rho0p25_eps0p05_lr1e4_i40000	r3m_bn_bi	LITE_COMPLETE
2026-08-07T10:38:26+12:00	hpsA_r3m_bn_bi_rho0p25_eps0p05_lr1e4_i40000	r3m_bn_bi	LITE_RUNNING
2026-08-07T10:38:35+12:00	hpsA_r3m_bn_bi_rho0p25_eps0p05_lr1e4_i40000	r3m_bn_bi	LITE_COMPLETE
2026-08-07T10:38:35+12:00	hpsA_r3m_bn_bi_rho0p25_eps0p05_lr1e4_i40000	r3m_bn_bi	LITE_RUNNING
2026-08-07T10:38:44+12:00	hpsA_r3m_bn_bi_rho0p25_eps0p05_lr1e4_i40000	r3m_bn_bi	LITE_COMPLETE
2026-08-07T10:38:44+12:00	hpsA_r3m_bn_bi_rho0p25_eps0p05_lr1e4_i40000	r3m_bn_bi	LITE_RUNNING
2026-08-07T10:38:53+12:00	hpsA_r3m_bn_bi_rho0p25_eps0p05_lr1e4_i40000	r3m_bn_bi	LITE_COMPLETE
2026-08-07T10:38:53+12:00	hpsA_r3m_bn_bi_rho0p25_eps0p05_lr1e4_i40000	r3m_bn_bi	LITE_RUNNING
2026-08-07T10:39:02+12:00	hpsA_r3m_bn_bi_rho0p25_eps0p05_lr1e4_i40000	r3m_bn_bi	LITE_COMPLETE
2026-08-07T10:39:02+12:00	hpsA_r3m_bn_bi_rho0p25_eps0p05_lr1e4_i40000	r3m_bn_bi	LITE_RUNNING
2026-08-07T10:39:11+12:00	hpsA_r3m_bn_bi_rho0p25_eps0p05_lr1e4_i40000	r3m_bn_bi	LITE_COMPLETE
2026-08-07T10:39:11+12:00	hpsA_r3m_bn_bi_rho0p25_eps0p05_lr1e4_i40000	r3m_bn_bi	LITE_RUNNING
2026-08-07T10:39:20+12:00	hpsA_r3m_bn_bi_rho0p25_eps0p05_lr1e4_i40000	r3m_bn_bi	LITE_COMPLETE
2026-08-07T10:39:20+12:00	hpsA_r3m_bn_bi_rho0p25_eps0p05_lr1e4_i40000	r3m_bn_bi	LITE_RUNNING
2026-08-07T10:39:29+12:00	hpsA_r3m_bn_bi_rho0p25_eps0p05_lr1e4_i40000	r3m_bn_bi	LITE_COMPLETE
2026-08-07T10:39:29+12:00	hpsA_r3m_bn_bi_rho0p25_eps0p05_lr1e4_i40000	r3m_bn_bi	LITE_RUNNING
2026-08-07T10:39:38+12:00	hpsA_r3m_bn_bi_rho0p25_eps0p05_lr1e4_i40000	r3m_bn_bi	LITE_COMPLETE
2026-08-07T10:39:38+12:00	hpsA_r3m_bn_bi_rho0p25_eps0p05_lr1e4_i40000	r3m_bn_bi	LITE_RUNNING
2026-08-07T10:39:46+12:00	hpsA_r3m_bn_bi_rho0p25_eps0p05_lr1e4_i40000	r3m_bn_bi	LITE_COMPLETE
2026-08-07T10:39:46+12:00	hpsA_r3m_bn_bi_rho0p25_eps0p05_lr1e4_i40000	r3m_bn_bi	LITE_RUNNING
2026-08-07T10:39:55+12:00	hpsA_r3m_bn_bi_rho0p25_eps0p05_lr1e4_i40000	r3m_bn_bi	LITE_COMPLETE
2026-08-07T10:39:55+12:00	hpsA_r3m_bn_bi_rho0p25_eps0p05_lr1e4_i40000	r3m_bn_bi	LITE_RUNNING
2026-08-07T10:40:04+12:00	hpsA_r3m_bn_bi_rho0p25_eps0p05_lr1e4_i40000	r3m_bn_bi	LITE_COMPLETE
2026-08-07T10:40:04+12:00	hpsA_r3m_bn_bi_rho0p25_eps0p05_lr1e4_i40000	r3m_bn_bi	LITE_RUNNING
2026-08-07T10:40:13+12:00	hpsA_r3m_bn_bi_rho0p25_eps0p05_lr1e4_i40000	r3m_bn_bi	LITE_COMPLETE
2026-08-07T10:40:13+12:00	hpsA_r3m_bn_bi_rho0p25_eps0p05_lr1e4_i40000	r3m_bn_bi	LITE_RUNNING
2026-08-07T10:40:22+12:00	hpsA_r3m_bn_bi_rho0p25_eps0p05_lr1e4_i40000	r3m_bn_bi	LITE_COMPLETE
2026-08-07T10:40:22+12:00	hpsA_r3m_bn_bi_rho0p25_eps0p05_lr1e4_i40000	r3m_bn_bi	LITE_RUNNING
2026-08-07T10:40:31+12:00	hpsA_r3m_bn_bi_rho0p25_eps0p05_lr1e4_i40000	r3m_bn_bi	LITE_COMPLETE
2026-08-07T10:40:31+12:00	hpsA_r3m_bn_bi_rho0p25_eps0p05_lr1e4_i40000	r3m_bn_bi	LITE_RUNNING
2026-08-07T10:40:40+12:00	hpsA_r3m_bn_bi_rho0p25_eps0p05_lr1e4_i40000	r3m_bn_bi	LITE_COMPLETE
2026-08-07T10:40:40+12:00	hpsA_r3m_bn_bi_rho0p25_eps0p05_lr1e4_i40000	r3m_bn_bi	LITE_RUNNING
2026-08-07T10:40:49+12:00	hpsA_r3m_bn_bi_rho0p25_eps0p05_lr1e4_i40000	r3m_bn_bi	LITE_COMPLETE
2026-08-07T10:40:49+12:00	hpsA_r3m_bn_bi_rho0p25_eps0p05_lr1e4_i40000	r3m_bn_bi	LITE_RUNNING
2026-08-07T10:40:58+12:00	hpsA_r3m_bn_bi_rho0p25_eps0p05_lr1e4_i40000	r3m_bn_bi	LITE_COMPLETE
2026-08-07T10:40:58+12:00	hpsA_r3m_bn_bi_rho0p25_eps0p05_lr1e4_i40000	r3m_bn_bi	LITE_RUNNING
2026-08-07T10:41:07+12:00	hpsA_r3m_bn_bi_rho0p25_eps0p05_lr1e4_i40000	r3m_bn_bi	LITE_COMPLETE
2026-08-07T10:41:07+12:00	hpsA_r3m_bn_bi_rho0p25_eps0p05_lr1e4_i40000	r3m_bn_bi	LITE_RUNNING
2026-08-07T10:41:15+12:00	hpsA_r3m_bn_bi_rho0p25_eps0p05_lr1e4_i40000	r3m_bn_bi	LITE_COMPLETE
2026-08-07T10:41:15+12:00	hpsA_r3m_bn_bi_rho0p25_eps0p05_lr1e4_i40000	r3m_bn_bi	LITE_RUNNING
2026-08-07T10:41:24+12:00	hpsA_r3m_bn_bi_rho0p25_eps0p05_lr1e4_i40000	r3m_bn_bi	LITE_COMPLETE
2026-08-07T10:41:24+12:00	hpsA_r3m_bn_bi_rho0p25_eps0p05_lr1e4_i40000	r3m_bn_bi	LITE_RUNNING
2026-08-07T10:41:33+12:00	hpsA_r3m_bn_bi_rho0p25_eps0p05_lr1e4_i40000	r3m_bn_bi	LITE_COMPLETE
2026-08-07T10:41:33+12:00	hpsA_r3m_bn_bi_rho0p25_eps0p05_lr1e4_i40000	r3m_bn_bi	LITE_RUNNING
2026-08-07T10:41:42+12:00	hpsA_r3m_bn_bi_rho0p25_eps0p05_lr1e4_i40000	r3m_bn_bi	LITE_COMPLETE
2026-08-07T10:41:42+12:00	hpsA_r3m_bn_bi_rho0p25_eps0p05_lr1e4_i40000	r3m_bn_bi	LITE_RUNNING
2026-08-07T10:41:51+12:00	hpsA_r3m_bn_bi_rho0p25_eps0p05_lr1e4_i40000	r3m_bn_bi	LITE_COMPLETE
2026-08-07T10:41:51+12:00	hpsA_r3m_bn_bi_rho0p25_eps0p05_lr1e4_i40000	r3m_bn_bi	LITE_RUNNING
2026-08-07T10:42:00+12:00	hpsA_r3m_bn_bi_rho0p25_eps0p05_lr1e4_i40000	r3m_bn_bi	LITE_COMPLETE
2026-08-07T10:42:00+12:00	hpsA_r3m_bn_bi_rho0p25_eps0p05_lr1e4_i40000	r3m_bn_bi	LITE_RUNNING
2026-08-07T10:42:09+12:00	hpsA_r3m_bn_bi_rho0p25_eps0p05_lr1e4_i40000	r3m_bn_bi	LITE_COMPLETE
2026-08-07T10:42:09+12:00	hpsA_r3m_bn_bi_rho0p25_eps0p05_lr1e4_i40000	r3m_bn_bi	LITE_RUNNING
2026-08-07T10:42:18+12:00	hpsA_r3m_bn_bi_rho0p25_eps0p05_lr1e4_i40000	r3m_bn_bi	LITE_COMPLETE
2026-08-07T10:42:18+12:00	hpsA_r3m_bn_bi_rho0p25_eps0p05_lr1e4_i40000	r3m_bn_bi	LITE_RUNNING
2026-08-07T10:42:27+12:00	hpsA_r3m_bn_bi_rho0p25_eps0p05_lr1e4_i40000	r3m_bn_bi	LITE_COMPLETE
2026-08-07T10:42:27+12:00	hpsA_r3m_bn_bi_rho0p25_eps0p05_lr1e4_i40000	r3m_bn_bi	LITE_RUNNING
2026-08-07T10:42:36+12:00	hpsA_r3m_bn_bi_rho0p25_eps0p05_lr1e4_i40000	r3m_bn_bi	LITE_COMPLETE
2026-08-07T10:42:36+12:00	hpsA_r3m_bn_bi_rho0p25_eps0p05_lr1e4_i40000	r3m_bn_bi	LITE_RUNNING
2026-08-07T10:42:44+12:00	hpsA_r3m_bn_bi_rho0p25_eps0p05_lr1e4_i40000	r3m_bn_bi	LITE_COMPLETE
2026-08-07T10:42:44+12:00	hpsA_r3m_bn_bi_rho0p25_eps0p05_lr1e4_i40000	r3m_bn_bi	LITE_RUNNING
2026-08-07T10:42:53+12:00	hpsA_r3m_bn_bi_rho0p25_eps0p05_lr1e4_i40000	r3m_bn_bi	LITE_COMPLETE
2026-08-07T10:42:53+12:00	hpsA_r3m_bn_bi_rho0p25_eps0p05_lr1e4_i40000	r3m_bn_bi	LITE_RUNNING
2026-08-07T10:43:02+12:00	hpsA_r3m_bn_bi_rho0p25_eps0p05_lr1e4_i40000	r3m_bn_bi	LITE_COMPLETE
2026-08-07T10:43:02+12:00	hpsA_r3m_bn_bi_rho0p25_eps0p05_lr1e4_i40000	r3m_bn_bi	LITE_RUNNING
2026-08-07T10:43:11+12:00	hpsA_r3m_bn_bi_rho0p25_eps0p05_lr1e4_i40000	r3m_bn_bi	LITE_COMPLETE
2026-08-07T10:43:11+12:00	hpsA_r3m_bn_bi_rho0p25_eps0p05_lr1e4_i40000	r3m_bn_bi	LITE_RUNNING
2026-08-07T10:43:20+12:00	hpsA_r3m_bn_bi_rho0p25_eps0p05_lr1e4_i40000	r3m_bn_bi	LITE_COMPLETE
2026-08-07T10:43:20+12:00	hpsA_r3m_bn_bi_rho0p25_eps0p05_lr1e4_i40000	r3m_bn_bi	LITE_RUNNING
2026-08-07T10:43:29+12:00	hpsA_r3m_bn_bi_rho0p25_eps0p05_lr1e4_i40000	r3m_bn_bi	LITE_COMPLETE
2026-08-07T10:43:29+12:00	hpsA_r3m_bn_bi_rho0p25_eps0p05_lr1e4_i40000	r3m_bn_bi	LITE_RUNNING
2026-08-07T10:43:38+12:00	hpsA_r3m_bn_bi_rho0p25_eps0p05_lr1e4_i40000	r3m_bn_bi	LITE_COMPLETE
2026-08-07T10:43:38+12:00	hpsA_r3m_bn_bi_rho0p25_eps0p05_lr1e4_i40000	r3m_bn_bi	LITE_RUNNING
2026-08-07T10:43:47+12:00	hpsA_r3m_bn_bi_rho0p25_eps0p05_lr1e4_i40000	r3m_bn_bi	LITE_COMPLETE
2026-08-07T10:43:47+12:00	hpsA_r3m_bn_bi_rho0p25_eps0p05_lr1e4_i40000	r3m_bn_bi	LITE_RUNNING
2026-08-07T10:43:56+12:00	hpsA_r3m_bn_bi_rho0p25_eps0p05_lr1e4_i40000	r3m_bn_bi	LITE_COMPLETE
2026-08-07T10:43:56+12:00	hpsA_r3m_bn_bi_rho0p25_eps0p05_lr1e4_i40000	r3m_bn_bi	LITE_RUNNING
2026-08-07T10:44:04+12:00	hpsA_r3m_bn_bi_rho0p25_eps0p05_lr1e4_i40000	r3m_bn_bi	LITE_COMPLETE
2026-08-07T10:44:04+12:00	hpsA_r3m_bn_bi_rho0p25_eps0p05_lr1e4_i40000	r3m_bn_bi	LITE_RUNNING
2026-08-07T10:44:13+12:00	hpsA_r3m_bn_bi_rho0p25_eps0p05_lr1e4_i40000	r3m_bn_bi	LITE_COMPLETE
2026-08-07T10:44:13+12:00	hpsA_r3m_bn_bi_rho0p25_eps0p05_lr1e4_i40000	r3m_bn_bi	LITE_RUNNING
2026-08-07T10:44:22+12:00	hpsA_r3m_bn_bi_rho0p25_eps0p05_lr1e4_i40000	r3m_bn_bi	LITE_COMPLETE
2026-08-07T10:44:22+12:00	hpsA_r3m_bn_bi_rho0p25_eps0p05_lr1e4_i40000	r3m_bn_bi	LITE_RUNNING
2026-08-07T10:44:31+12:00	hpsA_r3m_bn_bi_rho0p25_eps0p05_lr1e4_i40000	r3m_bn_bi	LITE_COMPLETE
2026-08-07T10:44:31+12:00	hpsA_r3m_bn_bi_rho0p25_eps0p05_lr1e4_i40000	r3m_bn_bi	LITE_RUNNING
2026-08-07T10:44:40+12:00	hpsA_r3m_bn_bi_rho0p25_eps0p05_lr1e4_i40000	r3m_bn_bi	LITE_COMPLETE
2026-08-07T10:44:40+12:00	hpsA_r3m_bn_bi_rho0p25_eps0p05_lr1e4_i40000	r3m_bn_bi	LITE_RUNNING
2026-08-07T10:44:49+12:00	hpsA_r3m_bn_bi_rho0p25_eps0p05_lr1e4_i40000	r3m_bn_bi	LITE_COMPLETE
2026-08-07T10:44:49+12:00	hpsA_r3m_bn_bi_rho0p25_eps0p05_lr1e4_i40000	r3m_bn_bi	LITE_RUNNING
2026-08-07T10:44:58+12:00	hpsA_r3m_bn_bi_rho0p25_eps0p05_lr1e4_i40000	r3m_bn_bi	LITE_COMPLETE
2026-08-07T10:44:58+12:00	hpsA_r3m_bn_bi_rho0p25_eps0p05_lr1e4_i40000	r3m_bn_bi	LITE_RUNNING
2026-08-07T10:45:07+12:00	hpsA_r3m_bn_bi_rho0p25_eps0p05_lr1e4_i40000	r3m_bn_bi	LITE_COMPLETE
2026-08-07T10:45:07+12:00	hpsA_r3m_bn_bi_rho0p25_eps0p05_lr1e4_i40000	r3m_bn_bi	LITE_RUNNING
2026-08-07T10:45:16+12:00	hpsA_r3m_bn_bi_rho0p25_eps0p05_lr1e4_i40000	r3m_bn_bi	LITE_COMPLETE
2026-08-07T10:45:16+12:00	hpsA_r3m_bn_bi_rho0p25_eps0p05_lr1e4_i40000	r3m_bn_bi	LITE_RUNNING
2026-08-07T10:45:25+12:00	hpsA_r3m_bn_bi_rho0p25_eps0p05_lr1e4_i40000	r3m_bn_bi	LITE_COMPLETE
2026-08-07T10:45:25+12:00	hpsA_r3m_bn_bi_rho0p25_eps0p05_lr1e4_i40000	r3m_bn_bi	LITE_RUNNING
2026-08-07T10:45:34+12:00	hpsA_r3m_bn_bi_rho0p25_eps0p05_lr1e4_i40000	r3m_bn_bi	LITE_COMPLETE
2026-08-07T10:45:34+12:00	hpsA_r3m_bn_bi_rho0p25_eps0p05_lr1e4_i40000	r3m_bn_bi	LITE_RUNNING
2026-08-07T10:45:42+12:00	hpsA_r3m_bn_bi_rho0p25_eps0p05_lr1e4_i40000	r3m_bn_bi	LITE_COMPLETE
2026-08-07T10:45:42+12:00	hpsA_r3m_bn_bi_rho0p25_eps0p05_lr1e4_i40000	r3m_bn_bi	LITE_RUNNING
2026-08-07T10:45:51+12:00	hpsA_r3m_bn_bi_rho0p25_eps0p05_lr1e4_i40000	r3m_bn_bi	LITE_COMPLETE
2026-08-07T10:45:51+12:00	hpsA_r3m_bn_bi_rho0p25_eps0p05_lr1e4_i40000	r3m_bn_bi	LITE_RUNNING
2026-08-07T10:46:00+12:00	hpsA_r3m_bn_bi_rho0p25_eps0p05_lr1e4_i40000	r3m_bn_bi	LITE_COMPLETE
2026-08-07T10:46:00+12:00	hpsA_r3m_bn_bi_rho0p25_eps0p05_lr1e4_i40000	r3m_bn_bi	LITE_RUNNING
2026-08-07T10:46:09+12:00	hpsA_r3m_bn_bi_rho0p25_eps0p05_lr1e4_i40000	r3m_bn_bi	LITE_COMPLETE
2026-08-07T10:46:09+12:00	hpsA_r3m_bn_bi_rho0p25_eps0p05_lr1e4_i40000	r3m_bn_bi	LITE_RUNNING
2026-08-07T10:46:18+12:00	hpsA_r3m_bn_bi_rho0p25_eps0p05_lr1e4_i40000	r3m_bn_bi	LITE_COMPLETE
2026-08-07T10:46:18+12:00	hpsA_r3m_bn_bi_rho0p25_eps0p05_lr1e4_i40000	r3m_bn_bi	LITE_RUNNING
2026-08-07T10:46:27+12:00	hpsA_r3m_bn_bi_rho0p25_eps0p05_lr1e4_i40000	r3m_bn_bi	LITE_COMPLETE
2026-08-07T10:46:27+12:00	hpsA_r3m_bn_bi_rho0p25_eps0p05_lr1e4_i40000	r3m_bn_bi	LITE_RUNNING
2026-08-07T10:46:36+12:00	hpsA_r3m_bn_bi_rho0p25_eps0p05_lr1e4_i40000	r3m_bn_bi	LITE_COMPLETE
2026-08-07T10:46:36+12:00	hpsA_r3m_bn_bi_rho0p25_eps0p05_lr1e4_i40000	r3m_bn_bi	LITE_RUNNING
2026-08-07T10:46:45+12:00	hpsA_r3m_bn_bi_rho0p25_eps0p05_lr1e4_i40000	r3m_bn_bi	LITE_COMPLETE
2026-08-07T10:46:45+12:00	hpsA_r3m_bn_bi_rho0p25_eps0p05_lr1e4_i40000	r3m_bn_bi	LITE_RUNNING
2026-08-07T10:46:54+12:00	hpsA_r3m_bn_bi_rho0p25_eps0p05_lr1e4_i40000	r3m_bn_bi	LITE_COMPLETE
2026-08-07T10:46:54+12:00	hpsA_r3m_bn_bi_rho0p25_eps0p05_lr1e4_i40000	r3m_bn_bi	LITE_RUNNING
2026-08-07T10:47:03+12:00	hpsA_r3m_bn_bi_rho0p25_eps0p05_lr1e4_i40000	r3m_bn_bi	LITE_COMPLETE
2026-08-07T10:47:03+12:00	hpsA_r3m_bn_bi_rho0p25_eps0p05_lr1e4_i40000	r3m_bn_bi	LITE_RUNNING
2026-08-07T10:47:12+12:00	hpsA_r3m_bn_bi_rho0p25_eps0p05_lr1e4_i40000	r3m_bn_bi	LITE_COMPLETE
2026-08-07T10:47:12+12:00	hpsA_r3m_bn_bi_rho0p25_eps0p05_lr1e4_i40000	r3m_bn_bi	LITE_RUNNING
2026-08-07T10:47:20+12:00	hpsA_r3m_bn_bi_rho0p25_eps0p05_lr1e4_i40000	r3m_bn_bi	LITE_COMPLETE
2026-08-07T10:47:20+12:00	hpsA_r3m_bn_bi_rho0p25_eps0p05_lr1e4_i40000	r3m_bn_bi	LITE_RUNNING
2026-08-07T10:47:29+12:00	hpsA_r3m_bn_bi_rho0p25_eps0p05_lr1e4_i40000	r3m_bn_bi	LITE_COMPLETE
2026-08-07T10:47:29+12:00	hpsA_r3m_bn_bi_rho0p25_eps0p05_lr1e4_i40000	r3m_bn_bi	LITE_RUNNING
2026-08-07T10:47:38+12:00	hpsA_r3m_bn_bi_rho0p25_eps0p05_lr1e4_i40000	r3m_bn_bi	LITE_COMPLETE
2026-08-07T10:47:38+12:00	hpsA_r3m_bn_bi_rho0p25_eps0p05_lr1e4_i40000	r3m_bn_bi	LITE_RUNNING
2026-08-07T10:47:47+12:00	hpsA_r3m_bn_bi_rho0p25_eps0p05_lr1e4_i40000	r3m_bn_bi	LITE_COMPLETE
2026-08-07T10:47:47+12:00	hpsA_r3m_bn_bi_rho0p25_eps0p05_lr1e4_i40000	r3m_bn_bi	LITE_RUNNING
2026-08-07T10:47:56+12:00	hpsA_r3m_bn_bi_rho0p25_eps0p05_lr1e4_i40000	r3m_bn_bi	LITE_COMPLETE
2026-08-07T10:47:56+12:00	hpsA_r3m_bn_bi_rho0p25_eps0p05_lr1e4_i40000	r3m_bn_bi	LITE_RUNNING
2026-08-07T10:48:05+12:00	hpsA_r3m_bn_bi_rho0p25_eps0p05_lr1e4_i40000	r3m_bn_bi	LITE_COMPLETE
2026-08-07T10:48:05+12:00	hpsA_r3m_bn_bi_rho0p25_eps0p05_lr1e4_i40000	r3m_bn_bi	LITE_RUNNING
2026-08-07T10:48:14+12:00	hpsA_r3m_bn_bi_rho0p25_eps0p05_lr1e4_i40000	r3m_bn_bi	LITE_COMPLETE
2026-08-07T10:48:14+12:00	hpsA_r3m_bn_bi_rho0p25_eps0p05_lr1e4_i40000	r3m_bn_bi	LITE_RUNNING
2026-08-07T10:48:23+12:00	hpsA_r3m_bn_bi_rho0p25_eps0p05_lr1e4_i40000	r3m_bn_bi	LITE_COMPLETE
2026-08-07T10:48:23+12:00	hpsA_r3m_bn_bi_rho0p25_eps0p05_lr1e4_i40000	r3m_bn_bi	LITE_RUNNING
2026-08-07T10:48:32+12:00	hpsA_r3m_bn_bi_rho0p25_eps0p05_lr1e4_i40000	r3m_bn_bi	LITE_COMPLETE
2026-08-07T10:48:32+12:00	hpsA_r3m_bn_bi_rho0p25_eps0p05_lr1e4_i40000	r3m_bn_bi	LITE_RUNNING
2026-08-07T10:48:41+12:00	hpsA_r3m_bn_bi_rho0p25_eps0p05_lr1e4_i40000	r3m_bn_bi	LITE_COMPLETE
2026-08-07T10:48:41+12:00	hpsA_r3m_bn_bi_rho0p25_eps0p05_lr1e4_i40000	r3m_bn_bi	LITE_RUNNING
2026-08-07T10:48:50+12:00	hpsA_r3m_bn_bi_rho0p25_eps0p05_lr1e4_i40000	r3m_bn_bi	LITE_COMPLETE
2026-08-07T10:48:50+12:00	hpsA_r3m_bn_bi_rho0p25_eps0p05_lr1e4_i40000	r3m_bn_bi	LITE_RUNNING
2026-08-07T10:48:59+12:00	hpsA_r3m_bn_bi_rho0p25_eps0p05_lr1e4_i40000	r3m_bn_bi	LITE_COMPLETE
2026-08-07T10:48:59+12:00	hpsA_r3m_bn_bi_rho0p25_eps0p05_lr1e4_i40000	r3m_bn_bi	LITE_RUNNING
2026-08-07T10:49:07+12:00	hpsA_r3m_bn_bi_rho0p25_eps0p05_lr1e4_i40000	r3m_bn_bi	LITE_COMPLETE
2026-08-07T10:49:07+12:00	hpsA_r3m_bn_bi_rho0p25_eps0p05_lr1e4_i40000	r3m_bn_bi	LITE_RUNNING
2026-08-07T10:49:16+12:00	hpsA_r3m_bn_bi_rho0p25_eps0p05_lr1e4_i40000	r3m_bn_bi	LITE_COMPLETE
2026-08-07T10:49:16+12:00	hpsA_r3m_bn_bi_rho0p25_eps0p05_lr1e4_i40000	r3m_bn_bi	LITE_RUNNING
2026-08-07T10:49:25+12:00	hpsA_r3m_bn_bi_rho0p25_eps0p05_lr1e4_i40000	r3m_bn_bi	LITE_COMPLETE
2026-08-07T10:49:25+12:00	hpsA_r3m_bn_bi_rho0p25_eps0p05_lr1e4_i40000	r3m_bn_bi	LITE_RUNNING
2026-08-07T10:49:34+12:00	hpsA_r3m_bn_bi_rho0p25_eps0p05_lr1e4_i40000	r3m_bn_bi	LITE_COMPLETE
2026-08-07T10:49:34+12:00	hpsA_r3m_bn_bi_rho0p25_eps0p05_lr1e4_i40000	r3m_bn_bi	LITE_RUNNING
2026-08-07T10:49:43+12:00	hpsA_r3m_bn_bi_rho0p25_eps0p05_lr1e4_i40000	r3m_bn_bi	LITE_COMPLETE
2026-08-07T10:49:43+12:00	hpsA_r3m_bn_bi_rho0p25_eps0p05_lr1e4_i40000	r3m_bn_bi	LITE_RUNNING
2026-08-07T10:49:52+12:00	hpsA_r3m_bn_bi_rho0p25_eps0p05_lr1e4_i40000	r3m_bn_bi	LITE_COMPLETE
2026-08-07T10:49:52+12:00	hpsA_r3m_bn_bi_rho0p25_eps0p05_lr1e4_i40000	r3m_bn_bi	LITE_RUNNING
2026-08-07T10:50:01+12:00	hpsA_r3m_bn_bi_rho0p25_eps0p05_lr1e4_i40000	r3m_bn_bi	LITE_COMPLETE
2026-08-07T10:50:01+12:00	hpsA_r3m_bn_bi_rho0p25_eps0p05_lr1e4_i40000	r3m_bn_bi	LITE_RUNNING
2026-08-07T10:50:10+12:00	hpsA_r3m_bn_bi_rho0p25_eps0p05_lr1e4_i40000	r3m_bn_bi	LITE_COMPLETE
2026-08-07T10:50:10+12:00	hpsA_r3m_bn_bi_rho0p25_eps0p05_lr1e4_i40000	r3m_bn_bi	LITE_RUNNING
2026-08-07T10:50:19+12:00	hpsA_r3m_bn_bi_rho0p25_eps0p05_lr1e4_i40000	r3m_bn_bi	LITE_COMPLETE
2026-08-07T10:50:19+12:00	hpsA_r3m_bn_bi_rho0p25_eps0p05_lr1e4_i40000	r3m_bn_bi	LITE_RUNNING
2026-08-07T10:50:28+12:00	hpsA_r3m_bn_bi_rho0p25_eps0p05_lr1e4_i40000	r3m_bn_bi	LITE_COMPLETE
2026-08-07T10:50:28+12:00	hpsA_r3m_bn_bi_rho0p25_eps0p05_lr1e4_i40000	r3m_bn_bi	LITE_RUNNING
2026-08-07T10:50:36+12:00	hpsA_r3m_bn_bi_rho0p25_eps0p05_lr1e4_i40000	r3m_bn_bi	LITE_COMPLETE
2026-08-07T10:50:36+12:00	hpsA_r3m_bn_bi_rho0p25_eps0p05_lr1e4_i40000	r3m_bn_bi	LITE_RUNNING
2026-08-07T10:50:45+12:00	hpsA_r3m_bn_bi_rho0p25_eps0p05_lr1e4_i40000	r3m_bn_bi	LITE_COMPLETE
2026-08-07T10:50:45+12:00	hpsA_r3m_bn_bi_rho0p25_eps0p05_lr1e4_i40000	r3m_bn_bi	LITE_RUNNING
2026-08-07T10:50:54+12:00	hpsA_r3m_bn_bi_rho0p25_eps0p05_lr1e4_i40000	r3m_bn_bi	LITE_COMPLETE
2026-08-07T10:50:54+12:00	hpsA_r3m_bn_bi_rho0p25_eps0p05_lr1e4_i40000	r3m_bn_bi	LITE_RUNNING
2026-08-07T10:51:03+12:00	hpsA_r3m_bn_bi_rho0p25_eps0p05_lr1e4_i40000	r3m_bn_bi	LITE_COMPLETE
2026-08-07T10:51:03+12:00	hpsA_r3m_bn_bi_rho0p25_eps0p05_lr1e4_i40000	r3m_bn_bi	LITE_RUNNING
2026-08-07T10:51:12+12:00	hpsA_r3m_bn_bi_rho0p25_eps0p05_lr1e4_i40000	r3m_bn_bi	LITE_COMPLETE
2026-08-07T10:51:12+12:00	hpsA_r3m_bn_bi_rho0p25_eps0p05_lr1e4_i40000	r3m_bn_bi	LITE_RUNNING
2026-08-07T10:51:21+12:00	hpsA_r3m_bn_bi_rho0p25_eps0p05_lr1e4_i40000	r3m_bn_bi	LITE_COMPLETE
2026-08-07T10:51:21+12:00	hpsA_r3m_bn_bi_rho0p25_eps0p05_lr1e4_i40000	r3m_bn_bi	LITE_RUNNING
2026-08-07T10:51:30+12:00	hpsA_r3m_bn_bi_rho0p25_eps0p05_lr1e4_i40000	r3m_bn_bi	LITE_COMPLETE
2026-08-07T10:51:30+12:00	hpsA_r3m_bn_bi_rho0p25_eps0p05_lr1e4_i40000	r3m_bn_bi	LITE_RUNNING
2026-08-07T10:51:39+12:00	hpsA_r3m_bn_bi_rho0p25_eps0p05_lr1e4_i40000	r3m_bn_bi	LITE_COMPLETE
2026-08-07T10:51:39+12:00	hpsA_r3m_bn_bi_rho0p25_eps0p05_lr1e4_i40000	r3m_bn_bi	LITE_RUNNING
2026-08-07T10:51:48+12:00	hpsA_r3m_bn_bi_rho0p25_eps0p05_lr1e4_i40000	r3m_bn_bi	LITE_COMPLETE
2026-08-07T10:51:48+12:00	hpsA_r3m_bn_bi_rho0p25_eps0p05_lr1e4_i40000	r3m_bn_bi	LITE_RUNNING
2026-08-07T10:51:57+12:00	hpsA_r3m_bn_bi_rho0p25_eps0p05_lr1e4_i40000	r3m_bn_bi	LITE_COMPLETE
2026-08-07T10:51:57+12:00	hpsA_r3m_bn_bi_rho0p25_eps0p05_lr1e4_i40000	r3m_bn_bi	LITE_RUNNING
2026-08-07T10:52:06+12:00	hpsA_r3m_bn_bi_rho0p25_eps0p05_lr1e4_i40000	r3m_bn_bi	LITE_COMPLETE
2026-08-07T10:52:06+12:00	hpsA_r3m_bn_bi_rho0p25_eps0p05_lr1e4_i40000	r3m_bn_bi	LITE_RUNNING
2026-08-07T10:52:14+12:00	hpsA_r3m_bn_bi_rho0p25_eps0p05_lr1e4_i40000	r3m_bn_bi	LITE_COMPLETE
2026-08-07T10:52:14+12:00	hpsA_r3m_bn_bi_rho0p25_eps0p05_lr1e4_i40000	r3m_bn_bi	LITE_RUNNING
2026-08-07T10:52:23+12:00	hpsA_r3m_bn_bi_rho0p25_eps0p05_lr1e4_i40000	r3m_bn_bi	LITE_COMPLETE
2026-08-07T10:52:23+12:00	hpsA_r3m_bn_bi_rho0p25_eps0p05_lr1e4_i40000	r3m_bn_bi	LITE_RUNNING
2026-08-07T10:52:32+12:00	hpsA_r3m_bn_bi_rho0p25_eps0p05_lr1e4_i40000	r3m_bn_bi	LITE_COMPLETE
2026-08-07T10:52:32+12:00	hpsA_r3m_bn_bi_rho0p25_eps0p05_lr1e4_i40000	r3m_bn_bi	LITE_RUNNING
2026-08-07T10:52:41+12:00	hpsA_r3m_bn_bi_rho0p25_eps0p05_lr1e4_i40000	r3m_bn_bi	LITE_COMPLETE
2026-08-07T10:52:41+12:00	hpsA_r3m_bn_bi_rho0p25_eps0p05_lr1e4_i40000	r3m_bn_bi	LITE_RUNNING
2026-08-07T10:52:50+12:00	hpsA_r3m_bn_bi_rho0p25_eps0p05_lr1e4_i40000	r3m_bn_bi	LITE_COMPLETE
2026-08-07T10:52:50+12:00	hpsA_r3m_bn_bi_rho0p25_eps0p05_lr1e4_i40000	r3m_bn_bi	LITE_RUNNING
2026-08-07T10:52:59+12:00	hpsA_r3m_bn_bi_rho0p25_eps0p05_lr1e4_i40000	r3m_bn_bi	LITE_COMPLETE
2026-08-07T10:52:59+12:00	hpsA_r3m_bn_bi_rho0p25_eps0p05_lr1e4_i40000	r3m_bn_bi	LITE_RUNNING
2026-08-07T10:53:08+12:00	hpsA_r3m_bn_bi_rho0p25_eps0p05_lr1e4_i40000	r3m_bn_bi	LITE_COMPLETE
2026-08-07T10:53:08+12:00	hpsA_r3m_bn_bi_rho0p25_eps0p05_lr1e4_i40000	r3m_bn_bi	LITE_RUNNING
2026-08-07T10:53:17+12:00	hpsA_r3m_bn_bi_rho0p25_eps0p05_lr1e4_i40000	r3m_bn_bi	LITE_COMPLETE
2026-08-07T10:53:17+12:00	hpsA_r3m_bn_bi_rho0p25_eps0p05_lr1e4_i40000	r3m_bn_bi	LITE_RUNNING
2026-08-07T10:53:26+12:00	hpsA_r3m_bn_bi_rho0p25_eps0p05_lr1e4_i40000	r3m_bn_bi	LITE_COMPLETE
2026-08-07T10:53:26+12:00	hpsA_r3m_bn_bi_rho0p25_eps0p05_lr1e4_i40000	r3m_bn_bi	LITE_RUNNING
2026-08-07T10:53:35+12:00	hpsA_r3m_bn_bi_rho0p25_eps0p05_lr1e4_i40000	r3m_bn_bi	LITE_COMPLETE
2026-08-07T10:53:35+12:00	hpsA_r3m_bn_bi_rho0p25_eps0p05_lr1e4_i40000	r3m_bn_bi	LITE_RUNNING
2026-08-07T10:53:43+12:00	hpsA_r3m_bn_bi_rho0p25_eps0p05_lr1e4_i40000	r3m_bn_bi	LITE_COMPLETE
2026-08-07T10:53:43+12:00	hpsA_r3m_bn_bi_rho0p25_eps0p05_lr1e4_i40000	r3m_bn_bi	LITE_RUNNING
2026-08-07T10:53:52+12:00	hpsA_r3m_bn_bi_rho0p25_eps0p05_lr1e4_i40000	r3m_bn_bi	LITE_COMPLETE
2026-08-07T10:53:52+12:00	hpsA_r3m_bn_bi_rho0p25_eps0p05_lr1e4_i40000	r3m_bn_bi	LITE_RUNNING
2026-08-07T10:54:01+12:00	hpsA_r3m_bn_bi_rho0p25_eps0p05_lr1e4_i40000	r3m_bn_bi	LITE_COMPLETE
2026-08-07T10:54:01+12:00	hpsA_r3m_bn_bi_rho0p25_eps0p05_lr1e4_i40000	r3m_bn_bi	LITE_RUNNING
2026-08-07T10:54:10+12:00	hpsA_r3m_bn_bi_rho0p25_eps0p05_lr1e4_i40000	r3m_bn_bi	LITE_COMPLETE
2026-08-07T10:54:10+12:00	hpsA_r3m_bn_bi_rho0p25_eps0p05_lr1e4_i40000	r3m_bn_bi	LITE_RUNNING
2026-08-07T10:54:19+12:00	hpsA_r3m_bn_bi_rho0p25_eps0p05_lr1e4_i40000	r3m_bn_bi	LITE_COMPLETE
2026-08-07T10:54:19+12:00	hpsA_r3m_bn_bi_rho0p25_eps0p05_lr1e4_i40000	r3m_bn_bi	LITE_RUNNING
2026-08-07T10:54:28+12:00	hpsA_r3m_bn_bi_rho0p25_eps0p05_lr1e4_i40000	r3m_bn_bi	LITE_COMPLETE
2026-08-07T10:54:28+12:00	hpsA_r3m_bn_bi_rho0p25_eps0p05_lr1e4_i40000	r3m_bn_bi	LITE_RUNNING
2026-08-07T10:54:37+12:00	hpsA_r3m_bn_bi_rho0p25_eps0p05_lr1e4_i40000	r3m_bn_bi	LITE_COMPLETE
2026-08-07T10:54:37+12:00	hpsA_r3m_bn_bi_rho0p25_eps0p05_lr1e4_i40000	r3m_bn_bi	LITE_RUNNING
2026-08-07T10:54:46+12:00	hpsA_r3m_bn_bi_rho0p25_eps0p05_lr1e4_i40000	r3m_bn_bi	LITE_COMPLETE
2026-08-07T10:54:46+12:00	hpsA_r3m_bn_bi_rho0p25_eps0p05_lr1e4_i40000	r3m_bn_bi	LITE_RUNNING
2026-08-07T10:54:55+12:00	hpsA_r3m_bn_bi_rho0p25_eps0p05_lr1e4_i40000	r3m_bn_bi	LITE_COMPLETE
2026-08-07T10:54:55+12:00	hpsA_r3m_bn_bi_rho0p25_eps0p05_lr1e4_i40000	r3m_bn_bi	LITE_RUNNING
2026-08-07T10:55:04+12:00	hpsA_r3m_bn_bi_rho0p25_eps0p05_lr1e4_i40000	r3m_bn_bi	LITE_COMPLETE
2026-08-07T10:55:04+12:00	hpsA_r3m_bn_bi_rho0p25_eps0p05_lr1e4_i40000	r3m_bn_bi	LITE_RUNNING
2026-08-07T10:55:12+12:00	hpsA_r3m_bn_bi_rho0p25_eps0p05_lr1e4_i40000	r3m_bn_bi	LITE_COMPLETE
2026-08-07T10:55:12+12:00	hpsA_r3m_bn_bi_rho0p25_eps0p05_lr1e4_i40000	r3m_bn_bi	LITE_RUNNING
2026-08-07T10:55:21+12:00	hpsA_r3m_bn_bi_rho0p25_eps0p05_lr1e4_i40000	r3m_bn_bi	LITE_COMPLETE
2026-08-07T10:55:21+12:00	hpsA_r3m_bn_bi_rho0p25_eps0p05_lr1e4_i40000	r3m_bn_bi	LITE_RUNNING
2026-08-07T10:55:30+12:00	hpsA_r3m_bn_bi_rho0p25_eps0p05_lr1e4_i40000	r3m_bn_bi	LITE_COMPLETE
2026-08-07T10:55:30+12:00	hpsA_r3m_bn_bi_rho0p25_eps0p05_lr1e4_i40000	r3m_bn_bi	LITE_RUNNING
2026-08-07T10:55:39+12:00	hpsA_r3m_bn_bi_rho0p25_eps0p05_lr1e4_i40000	r3m_bn_bi	LITE_COMPLETE
2026-08-07T10:55:39+12:00	hpsA_r3m_bn_bi_rho0p25_eps0p05_lr1e4_i40000	r3m_bn_bi	LITE_RUNNING
2026-08-07T10:55:48+12:00	hpsA_r3m_bn_bi_rho0p25_eps0p05_lr1e4_i40000	r3m_bn_bi	LITE_COMPLETE
2026-08-07T10:55:48+12:00	hpsA_r3m_bn_bi_rho0p25_eps0p05_lr1e4_i40000	r3m_bn_bi	LITE_RUNNING
2026-08-07T10:55:57+12:00	hpsA_r3m_bn_bi_rho0p25_eps0p05_lr1e4_i40000	r3m_bn_bi	LITE_COMPLETE
2026-08-07T10:55:57+12:00	hpsA_r3m_bn_bi_rho0p25_eps0p05_lr1e4_i40000	r3m_bn_bi	LITE_RUNNING
2026-08-07T10:56:06+12:00	hpsA_r3m_bn_bi_rho0p25_eps0p05_lr1e4_i40000	r3m_bn_bi	LITE_COMPLETE
2026-08-07T10:56:06+12:00	hpsA_r3m_bn_bi_rho0p25_eps0p05_lr1e4_i40000	r3m_bn_bi	LITE_RUNNING
2026-08-07T10:56:15+12:00	hpsA_r3m_bn_bi_rho0p25_eps0p05_lr1e4_i40000	r3m_bn_bi	LITE_COMPLETE
2026-08-07T10:56:15+12:00	hpsA_r3m_bn_bi_rho0p25_eps0p05_lr1e4_i40000	r3m_bn_bi	LITE_RUNNING
2026-08-07T10:56:24+12:00	hpsA_r3m_bn_bi_rho0p25_eps0p05_lr1e4_i40000	r3m_bn_bi	LITE_COMPLETE
2026-08-07T10:56:24+12:00	hpsA_r3m_bn_bi_rho0p25_eps0p05_lr1e4_i40000	r3m_bn_bi	LITE_RUNNING
2026-08-07T10:56:33+12:00	hpsA_r3m_bn_bi_rho0p25_eps0p05_lr1e4_i40000	r3m_bn_bi	LITE_COMPLETE
2026-08-07T10:56:33+12:00	hpsA_r3m_bn_bi_rho0p25_eps0p05_lr1e4_i40000	r3m_bn_bi	LITE_RUNNING
2026-08-07T10:56:41+12:00	hpsA_r3m_bn_bi_rho0p25_eps0p05_lr1e4_i40000	r3m_bn_bi	LITE_COMPLETE
2026-08-07T10:56:41+12:00	hpsA_r3m_bn_bi_rho0p25_eps0p05_lr1e4_i40000	r3m_bn_bi	LITE_RUNNING
2026-08-07T10:56:50+12:00	hpsA_r3m_bn_bi_rho0p25_eps0p05_lr1e4_i40000	r3m_bn_bi	LITE_COMPLETE
2026-08-07T10:56:50+12:00	hpsA_r3m_bn_bi_rho0p25_eps0p05_lr1e4_i40000	r3m_bn_bi	LITE_RUNNING
2026-08-07T10:56:59+12:00	hpsA_r3m_bn_bi_rho0p25_eps0p05_lr1e4_i40000	r3m_bn_bi	LITE_COMPLETE
2026-08-07T10:56:59+12:00	hpsA_r3m_bn_bi_rho0p25_eps0p05_lr1e4_i40000	r3m_bn_bi	LITE_RUNNING
2026-08-07T10:57:08+12:00	hpsA_r3m_bn_bi_rho0p25_eps0p05_lr1e4_i40000	r3m_bn_bi	LITE_COMPLETE
2026-08-07T10:57:08+12:00	hpsA_r3m_bn_bi_rho0p25_eps0p05_lr1e4_i40000	r3m_bn_bi	LITE_RUNNING
2026-08-07T10:57:17+12:00	hpsA_r3m_bn_bi_rho0p25_eps0p05_lr1e4_i40000	r3m_bn_bi	LITE_COMPLETE
2026-08-07T10:57:17+12:00	hpsA_r3m_bn_bi_rho0p25_eps0p05_lr1e4_i40000	r3m_bn_bi	LITE_RUNNING
2026-08-07T10:57:26+12:00	hpsA_r3m_bn_bi_rho0p25_eps0p05_lr1e4_i40000	r3m_bn_bi	LITE_COMPLETE
2026-08-07T10:57:26+12:00	hpsA_r3m_bn_bi_rho0p25_eps0p05_lr1e4_i40000	r3m_bn_bi	LITE_RUNNING
2026-08-07T10:57:35+12:00	hpsA_r3m_bn_bi_rho0p25_eps0p05_lr1e4_i40000	r3m_bn_bi	LITE_COMPLETE
2026-08-07T10:57:35+12:00	hpsA_r3m_bn_bi_rho0p25_eps0p05_lr1e4_i40000	r3m_bn_bi	LITE_RUNNING
2026-08-07T10:57:44+12:00	hpsA_r3m_bn_bi_rho0p25_eps0p05_lr1e4_i40000	r3m_bn_bi	LITE_COMPLETE
2026-08-07T10:57:44+12:00	hpsA_r3m_bn_bi_rho0p25_eps0p05_lr1e4_i40000	r3m_bn_bi	LITE_RUNNING
2026-08-07T10:57:52+12:00	hpsA_r3m_bn_bi_rho0p25_eps0p05_lr1e4_i40000	r3m_bn_bi	LITE_COMPLETE
2026-08-07T10:57:52+12:00	hpsA_r3m_bn_bi_rho0p25_eps0p05_lr1e4_i40000	r3m_bn_bi	LITE_RUNNING
2026-08-07T10:58:01+12:00	hpsA_r3m_bn_bi_rho0p25_eps0p05_lr1e4_i40000	r3m_bn_bi	LITE_COMPLETE
2026-08-07T10:58:01+12:00	hpsA_r3m_bn_bi_rho0p25_eps0p05_lr1e4_i40000	r3m_bn_bi	LITE_RUNNING
2026-08-07T10:58:10+12:00	hpsA_r3m_bn_bi_rho0p25_eps0p05_lr1e4_i40000	r3m_bn_bi	LITE_COMPLETE
2026-08-07T10:58:10+12:00	hpsA_r3m_bn_bi_rho0p25_eps0p05_lr1e4_i40000	r3m_bn_bi	LITE_RUNNING
2026-08-07T10:58:19+12:00	hpsA_r3m_bn_bi_rho0p25_eps0p05_lr1e4_i40000	r3m_bn_bi	LITE_COMPLETE
2026-08-07T10:58:19+12:00	hpsA_r3m_bn_bi_rho0p25_eps0p05_lr1e4_i40000	r3m_bn_bi	LITE_RUNNING
2026-08-07T10:58:28+12:00	hpsA_r3m_bn_bi_rho0p25_eps0p05_lr1e4_i40000	r3m_bn_bi	LITE_COMPLETE
2026-08-07T10:58:28+12:00	hpsA_r3m_bn_bi_rho0p25_eps0p05_lr1e4_i40000	r3m_bn_bi	LITE_RUNNING
2026-08-07T10:58:37+12:00	hpsA_r3m_bn_bi_rho0p25_eps0p05_lr1e4_i40000	r3m_bn_bi	LITE_COMPLETE
2026-08-07T10:58:37+12:00	hpsA_r3m_bn_bi_rho0p25_eps0p05_lr1e4_i40000	r3m_bn_bi	LITE_RUNNING
2026-08-07T10:58:46+12:00	hpsA_r3m_bn_bi_rho0p25_eps0p05_lr1e4_i40000	r3m_bn_bi	LITE_COMPLETE
2026-08-07T10:58:46+12:00	hpsA_r3m_bn_bi_rho0p25_eps0p05_lr1e4_i40000	r3m_bn_bi	LITE_RUNNING
2026-08-07T10:58:55+12:00	hpsA_r3m_bn_bi_rho0p25_eps0p05_lr1e4_i40000	r3m_bn_bi	LITE_COMPLETE
2026-08-07T10:58:55+12:00	hpsA_r3m_bn_bi_rho0p25_eps0p05_lr1e4_i40000	r3m_bn_bi	LITE_RUNNING
2026-08-07T10:59:04+12:00	hpsA_r3m_bn_bi_rho0p25_eps0p05_lr1e4_i40000	r3m_bn_bi	LITE_COMPLETE
2026-08-07T10:59:04+12:00	hpsA_r3m_bn_bi_rho0p25_eps0p05_lr1e4_i40000	r3m_bn_bi	LITE_RUNNING
2026-08-07T10:59:13+12:00	hpsA_r3m_bn_bi_rho0p25_eps0p05_lr1e4_i40000	r3m_bn_bi	LITE_COMPLETE
2026-08-07T10:59:13+12:00	hpsA_r3m_bn_bi_rho0p25_eps0p05_lr1e4_i40000	r3m_bn_bi	LITE_RUNNING
2026-08-07T10:59:22+12:00	hpsA_r3m_bn_bi_rho0p25_eps0p05_lr1e4_i40000	r3m_bn_bi	LITE_COMPLETE
2026-08-07T10:59:22+12:00	hpsA_r3m_bn_bi_rho0p25_eps0p05_lr1e4_i40000	r3m_bn_bi	LITE_RUNNING
2026-08-07T10:59:30+12:00	hpsA_r3m_bn_bi_rho0p25_eps0p05_lr1e4_i40000	r3m_bn_bi	LITE_COMPLETE
2026-08-07T10:59:30+12:00	hpsA_r3m_bn_bi_rho0p25_eps0p05_lr1e4_i40000	r3m_bn_bi	LITE_RUNNING
2026-08-07T10:59:39+12:00	hpsA_r3m_bn_bi_rho0p25_eps0p05_lr1e4_i40000	r3m_bn_bi	LITE_COMPLETE
2026-08-07T10:59:39+12:00	hpsA_r3m_bn_bi_rho0p25_eps0p05_lr1e4_i40000	r3m_bn_bi	LITE_RUNNING
2026-08-07T10:59:48+12:00	hpsA_r3m_bn_bi_rho0p25_eps0p05_lr1e4_i40000	r3m_bn_bi	LITE_COMPLETE
2026-08-07T10:59:48+12:00	hpsA_r3m_bn_bi_rho0p25_eps0p05_lr1e4_i40000	r3m_bn_bi	LITE_RUNNING
2026-08-07T10:59:57+12:00	hpsA_r3m_bn_bi_rho0p25_eps0p05_lr1e4_i40000	r3m_bn_bi	LITE_COMPLETE
2026-08-07T10:59:57+12:00	hpsA_r3m_bn_bi_rho0p25_eps0p05_lr1e4_i40000	r3m_bn_bi	LITE_RUNNING
2026-08-07T11:00:06+12:00	hpsA_r3m_bn_bi_rho0p25_eps0p05_lr1e4_i40000	r3m_bn_bi	LITE_COMPLETE
2026-08-07T11:00:06+12:00	hpsA_r3m_bn_bi_rho0p25_eps0p05_lr1e4_i40000	r3m_bn_bi	LITE_RUNNING
2026-08-07T11:00:15+12:00	hpsA_r3m_bn_bi_rho0p25_eps0p05_lr1e4_i40000	r3m_bn_bi	LITE_COMPLETE
2026-08-07T11:00:15+12:00	hpsA_r3m_bn_bi_rho0p25_eps0p05_lr1e4_i40000	r3m_bn_bi	LITE_RUNNING
2026-08-07T11:00:24+12:00	hpsA_r3m_bn_bi_rho0p25_eps0p05_lr1e4_i40000	r3m_bn_bi	LITE_COMPLETE
2026-08-07T11:00:24+12:00	hpsA_r3m_bn_bi_rho0p25_eps0p05_lr1e4_i40000	r3m_bn_bi	LITE_RUNNING
2026-08-07T11:00:33+12:00	hpsA_r3m_bn_bi_rho0p25_eps0p05_lr1e4_i40000	r3m_bn_bi	LITE_COMPLETE
2026-08-07T11:00:33+12:00	hpsA_r3m_bn_bi_rho0p25_eps0p05_lr1e4_i40000	r3m_bn_bi	LITE_RUNNING
2026-08-07T11:00:42+12:00	hpsA_r3m_bn_bi_rho0p25_eps0p05_lr1e4_i40000	r3m_bn_bi	LITE_COMPLETE
2026-08-07T11:00:42+12:00	hpsA_r3m_bn_bi_rho0p25_eps0p05_lr1e4_i40000	r3m_bn_bi	LITE_RUNNING
2026-08-07T11:00:51+12:00	hpsA_r3m_bn_bi_rho0p25_eps0p05_lr1e4_i40000	r3m_bn_bi	LITE_COMPLETE
2026-08-07T11:00:51+12:00	hpsA_r3m_bn_bi_rho0p25_eps0p05_lr1e4_i40000	r3m_bn_bi	LITE_RUNNING
2026-08-07T11:00:59+12:00	hpsA_r3m_bn_bi_rho0p25_eps0p05_lr1e4_i40000	r3m_bn_bi	LITE_COMPLETE
2026-08-07T11:00:59+12:00	hpsA_r3m_bn_bi_rho0p25_eps0p05_lr1e4_i40000	r3m_bn_bi	LITE_RUNNING
2026-08-07T11:01:08+12:00	hpsA_r3m_bn_bi_rho0p25_eps0p05_lr1e4_i40000	r3m_bn_bi	LITE_COMPLETE
2026-08-07T11:01:08+12:00	hpsA_r3m_bn_bi_rho0p25_eps0p05_lr1e4_i40000	r3m_bn_bi	LITE_RUNNING
2026-08-07T11:01:17+12:00	hpsA_r3m_bn_bi_rho0p25_eps0p05_lr1e4_i40000	r3m_bn_bi	LITE_COMPLETE
2026-08-07T11:01:17+12:00	hpsA_r3m_bn_bi_rho0p25_eps0p05_lr1e4_i40000	r3m_bn_bi	LITE_RUNNING
2026-08-07T11:01:26+12:00	hpsA_r3m_bn_bi_rho0p25_eps0p05_lr1e4_i40000	r3m_bn_bi	LITE_COMPLETE
2026-08-07T11:01:26+12:00	hpsA_r3m_bn_bi_rho0p25_eps0p05_lr1e4_i40000	r3m_bn_bi	LITE_RUNNING
2026-08-07T11:01:35+12:00	hpsA_r3m_bn_bi_rho0p25_eps0p05_lr1e4_i40000	r3m_bn_bi	LITE_COMPLETE
2026-08-07T11:01:35+12:00	hpsA_r3m_bn_bi_rho0p25_eps0p05_lr1e4_i40000	r3m_bn_bi	LITE_RUNNING
2026-08-07T11:01:44+12:00	hpsA_r3m_bn_bi_rho0p25_eps0p05_lr1e4_i40000	r3m_bn_bi	LITE_COMPLETE
2026-08-07T11:01:44+12:00	hpsA_r3m_bn_bi_rho0p25_eps0p05_lr1e4_i40000	r3m_bn_bi	LITE_RUNNING
2026-08-07T11:01:53+12:00	hpsA_r3m_bn_bi_rho0p25_eps0p05_lr1e4_i40000	r3m_bn_bi	LITE_COMPLETE
2026-08-07T11:01:53+12:00	hpsA_r3m_bn_bi_rho0p25_eps0p05_lr1e4_i40000	r3m_bn_bi	LITE_RUNNING
2026-08-07T11:02:02+12:00	hpsA_r3m_bn_bi_rho0p25_eps0p05_lr1e4_i40000	r3m_bn_bi	LITE_COMPLETE
2026-08-07T11:02:02+12:00	hpsA_r3m_bn_bi_rho0p25_eps0p05_lr1e4_i40000	r3m_bn_bi	LITE_RUNNING
2026-08-07T11:02:11+12:00	hpsA_r3m_bn_bi_rho0p25_eps0p05_lr1e4_i40000	r3m_bn_bi	LITE_COMPLETE
2026-08-07T11:02:11+12:00	hpsA_r3m_bn_bi_rho0p25_eps0p05_lr1e4_i40000	r3m_bn_bi	LITE_RUNNING
2026-08-07T11:02:19+12:00	hpsA_r3m_bn_bi_rho0p25_eps0p05_lr1e4_i40000	r3m_bn_bi	LITE_COMPLETE
2026-08-07T11:02:19+12:00	hpsA_r3m_bn_bi_rho0p25_eps0p05_lr1e4_i40000	r3m_bn_bi	LITE_RUNNING
2026-08-07T11:02:28+12:00	hpsA_r3m_bn_bi_rho0p25_eps0p05_lr1e4_i40000	r3m_bn_bi	LITE_COMPLETE
2026-08-07T11:02:28+12:00	hpsA_r3m_bn_bi_rho0p25_eps0p05_lr1e4_i40000	r3m_bn_bi	LITE_RUNNING
2026-08-07T11:02:37+12:00	hpsA_r3m_bn_bi_rho0p25_eps0p05_lr1e4_i40000	r3m_bn_bi	LITE_COMPLETE
2026-08-07T11:02:37+12:00	hpsA_r3m_bn_bi_rho0p25_eps0p05_lr1e4_i40000	r3m_bn_bi	LITE_RUNNING
2026-08-07T11:02:46+12:00	hpsA_r3m_bn_bi_rho0p25_eps0p05_lr1e4_i40000	r3m_bn_bi	LITE_COMPLETE
2026-08-07T11:02:46+12:00	hpsA_r3m_bn_bi_rho0p25_eps0p05_lr1e4_i40000	r3m_bn_bi	LITE_RUNNING
2026-08-07T11:02:55+12:00	hpsA_r3m_bn_bi_rho0p25_eps0p05_lr1e4_i40000	r3m_bn_bi	LITE_COMPLETE
2026-08-07T11:02:55+12:00	hpsA_r3m_bn_bi_rho0p25_eps0p05_lr1e4_i40000	r3m_bn_bi	LITE_RUNNING
2026-08-07T11:03:04+12:00	hpsA_r3m_bn_bi_rho0p25_eps0p05_lr1e4_i40000	r3m_bn_bi	LITE_COMPLETE
2026-08-07T11:03:04+12:00	hpsA_r3m_bn_bi_rho0p25_eps0p05_lr1e4_i40000	r3m_bn_bi	LITE_RUNNING
2026-08-07T11:03:13+12:00	hpsA_r3m_bn_bi_rho0p25_eps0p05_lr1e4_i40000	r3m_bn_bi	LITE_COMPLETE
2026-08-07T11:03:13+12:00	hpsA_r3m_bn_bi_rho0p25_eps0p05_lr1e4_i40000	r3m_bn_bi	LITE_RUNNING
2026-08-07T11:03:22+12:00	hpsA_r3m_bn_bi_rho0p25_eps0p05_lr1e4_i40000	r3m_bn_bi	LITE_COMPLETE
2026-08-07T11:03:22+12:00	hpsA_r3m_bn_bi_rho0p25_eps0p05_lr1e4_i40000	r3m_bn_bi	LITE_RUNNING
2026-08-07T11:03:31+12:00	hpsA_r3m_bn_bi_rho0p25_eps0p05_lr1e4_i40000	r3m_bn_bi	LITE_COMPLETE
2026-08-07T11:03:31+12:00	hpsA_r3m_bn_bi_rho0p25_eps0p05_lr1e4_i40000	r3m_bn_bi	LITE_RUNNING
2026-08-07T11:03:40+12:00	hpsA_r3m_bn_bi_rho0p25_eps0p05_lr1e4_i40000	r3m_bn_bi	LITE_COMPLETE
2026-08-07T11:03:40+12:00	hpsA_r3m_bn_bi_rho0p25_eps0p05_lr1e4_i40000	r3m_bn_bi	LITE_RUNNING
2026-08-07T11:03:49+12:00	hpsA_r3m_bn_bi_rho0p25_eps0p05_lr1e4_i40000	r3m_bn_bi	LITE_COMPLETE
2026-08-07T11:03:49+12:00	hpsA_r3m_bn_bi_rho0p25_eps0p05_lr1e4_i40000	r3m_bn_bi	LITE_RUNNING
2026-08-07T11:03:57+12:00	hpsA_r3m_bn_bi_rho0p25_eps0p05_lr1e4_i40000	r3m_bn_bi	LITE_COMPLETE
2026-08-07T11:03:57+12:00	hpsA_r3m_bn_bi_rho0p25_eps0p05_lr1e4_i40000	r3m_bn_bi	LITE_RUNNING
2026-08-07T11:04:06+12:00	hpsA_r3m_bn_bi_rho0p25_eps0p05_lr1e4_i40000	r3m_bn_bi	LITE_COMPLETE
2026-08-07T11:04:06+12:00	hpsA_r3m_bn_bi_rho0p25_eps0p05_lr1e4_i40000	r3m_bn_bi	LITE_RUNNING
2026-08-07T11:04:15+12:00	hpsA_r3m_bn_bi_rho0p25_eps0p05_lr1e4_i40000	r3m_bn_bi	LITE_COMPLETE
2026-08-07T11:04:15+12:00	hpsA_r3m_bn_bi_rho0p25_eps0p05_lr1e4_i40000	r3m_bn_bi	LITE_RUNNING
2026-08-07T11:04:24+12:00	hpsA_r3m_bn_bi_rho0p25_eps0p05_lr1e4_i40000	r3m_bn_bi	LITE_COMPLETE
2026-08-07T11:04:24+12:00	hpsA_r3m_bn_bi_rho0p25_eps0p05_lr1e4_i40000	r3m_bn_bi	LITE_RUNNING
2026-08-07T11:04:33+12:00	hpsA_r3m_bn_bi_rho0p25_eps0p05_lr1e4_i40000	r3m_bn_bi	LITE_COMPLETE
2026-08-07T11:04:33+12:00	hpsA_r3m_bn_bi_rho0p25_eps0p05_lr1e4_i40000	r3m_bn_bi	LITE_RUNNING
2026-08-07T11:04:42+12:00	hpsA_r3m_bn_bi_rho0p25_eps0p05_lr1e4_i40000	r3m_bn_bi	LITE_COMPLETE
2026-08-07T11:04:42+12:00	hpsA_r3m_bn_bi_rho0p25_eps0p05_lr1e4_i40000	r3m_bn_bi	LITE_RUNNING
2026-08-07T11:04:51+12:00	hpsA_r3m_bn_bi_rho0p25_eps0p05_lr1e4_i40000	r3m_bn_bi	LITE_COMPLETE
2026-08-07T11:04:51+12:00	hpsA_r3m_bn_bi_rho0p25_eps0p05_lr1e4_i40000	r3m_bn_bi	LITE_RUNNING
2026-08-07T11:05:00+12:00	hpsA_r3m_bn_bi_rho0p25_eps0p05_lr1e4_i40000	r3m_bn_bi	LITE_COMPLETE
2026-08-07T11:05:00+12:00	hpsA_r3m_bn_bi_rho0p25_eps0p05_lr1e4_i40000	r3m_bn_bi	LITE_RUNNING
2026-08-07T11:05:09+12:00	hpsA_r3m_bn_bi_rho0p25_eps0p05_lr1e4_i40000	r3m_bn_bi	LITE_COMPLETE
2026-08-07T11:05:09+12:00	hpsA_r3m_bn_bi_rho0p25_eps0p05_lr1e4_i40000	r3m_bn_bi	LITE_RUNNING
2026-08-07T11:05:18+12:00	hpsA_r3m_bn_bi_rho0p25_eps0p05_lr1e4_i40000	r3m_bn_bi	LITE_COMPLETE
2026-08-07T11:05:18+12:00	hpsA_r3m_bn_bi_rho0p25_eps0p05_lr1e4_i40000	r3m_bn_bi	LITE_RUNNING
2026-08-07T11:05:26+12:00	hpsA_r3m_bn_bi_rho0p25_eps0p05_lr1e4_i40000	r3m_bn_bi	LITE_COMPLETE
2026-08-07T11:05:26+12:00	hpsA_r3m_bn_bi_rho0p25_eps0p05_lr1e4_i40000	r3m_bn_bi	LITE_RUNNING
2026-08-07T11:05:35+12:00	hpsA_r3m_bn_bi_rho0p25_eps0p05_lr1e4_i40000	r3m_bn_bi	LITE_COMPLETE
2026-08-07T11:05:35+12:00	hpsA_r3m_bn_bi_rho0p25_eps0p05_lr1e4_i40000	r3m_bn_bi	LITE_RUNNING
2026-08-07T11:05:44+12:00	hpsA_r3m_bn_bi_rho0p25_eps0p05_lr1e4_i40000	r3m_bn_bi	LITE_COMPLETE
2026-08-07T11:05:44+12:00	hpsA_r3m_bn_bi_rho0p25_eps0p05_lr1e4_i40000	r3m_bn_bi	LITE_RUNNING
2026-08-07T11:05:53+12:00	hpsA_r3m_bn_bi_rho0p25_eps0p05_lr1e4_i40000	r3m_bn_bi	LITE_COMPLETE
2026-08-07T11:05:53+12:00	hpsA_r3m_bn_bi_rho0p25_eps0p05_lr1e4_i40000	r3m_bn_bi	LITE_RUNNING
2026-08-07T11:06:02+12:00	hpsA_r3m_bn_bi_rho0p25_eps0p05_lr1e4_i40000	r3m_bn_bi	LITE_COMPLETE
2026-08-07T11:06:02+12:00	hpsA_r3m_bn_bi_rho0p25_eps0p05_lr1e4_i40000	r3m_bn_bi	LITE_RUNNING
2026-08-07T11:06:11+12:00	hpsA_r3m_bn_bi_rho0p25_eps0p05_lr1e4_i40000	r3m_bn_bi	LITE_COMPLETE
2026-08-07T11:06:11+12:00	hpsA_r3m_bn_bi_rho0p25_eps0p05_lr1e4_i40000	r3m_bn_bi	LITE_RUNNING
2026-08-07T11:06:20+12:00	hpsA_r3m_bn_bi_rho0p25_eps0p05_lr1e4_i40000	r3m_bn_bi	LITE_COMPLETE
2026-08-07T11:06:20+12:00	hpsA_r3m_bn_bi_rho0p25_eps0p05_lr1e4_i40000	r3m_bn_bi	LITE_RUNNING
2026-08-07T11:06:29+12:00	hpsA_r3m_bn_bi_rho0p25_eps0p05_lr1e4_i40000	r3m_bn_bi	LITE_COMPLETE
2026-08-07T11:06:29+12:00	hpsA_r3m_bn_bi_rho0p25_eps0p05_lr1e4_i40000	r3m_bn_bi	LITE_RUNNING
2026-08-07T11:06:38+12:00	hpsA_r3m_bn_bi_rho0p25_eps0p05_lr1e4_i40000	r3m_bn_bi	LITE_COMPLETE
2026-08-07T11:06:38+12:00	hpsA_r3m_bn_bi_rho0p25_eps0p05_lr1e4_i40000	r3m_bn_bi	LITE_RUNNING
2026-08-07T11:06:47+12:00	hpsA_r3m_bn_bi_rho0p25_eps0p05_lr1e4_i40000	r3m_bn_bi	LITE_COMPLETE
2026-08-07T11:06:47+12:00	hpsA_r3m_bn_bi_rho0p25_eps0p05_lr1e4_i40000	r3m_bn_bi	LITE_RUNNING
2026-08-07T11:06:56+12:00	hpsA_r3m_bn_bi_rho0p25_eps0p05_lr1e4_i40000	r3m_bn_bi	LITE_COMPLETE
2026-08-07T11:06:56+12:00	hpsA_r3m_bn_bi_rho0p25_eps0p05_lr1e4_i40000	r3m_bn_bi	LITE_RUNNING
2026-08-07T11:07:05+12:00	hpsA_r3m_bn_bi_rho0p25_eps0p05_lr1e4_i40000	r3m_bn_bi	LITE_COMPLETE
2026-08-07T11:07:05+12:00	hpsA_r3m_bn_bi_rho0p25_eps0p05_lr1e4_i40000	r3m_bn_bi	LITE_RUNNING
2026-08-07T11:07:13+12:00	hpsA_r3m_bn_bi_rho0p25_eps0p05_lr1e4_i40000	r3m_bn_bi	LITE_COMPLETE
2026-08-07T11:07:13+12:00	hpsA_r3m_bn_bi_rho0p25_eps0p05_lr1e4_i40000	r3m_bn_bi	LITE_RUNNING
2026-08-07T11:07:22+12:00	hpsA_r3m_bn_bi_rho0p25_eps0p05_lr1e4_i40000	r3m_bn_bi	LITE_COMPLETE
2026-08-07T11:07:22+12:00	hpsA_r3m_bn_bi_rho0p25_eps0p05_lr1e4_i40000	r3m_bn_bi	LITE_RUNNING
2026-08-07T11:07:31+12:00	hpsA_r3m_bn_bi_rho0p25_eps0p05_lr1e4_i40000	r3m_bn_bi	LITE_COMPLETE
2026-08-07T11:07:31+12:00	hpsA_r3m_bn_bi_rho0p25_eps0p05_lr1e4_i40000	r3m_bn_bi	LITE_RUNNING
2026-08-07T11:07:40+12:00	hpsA_r3m_bn_bi_rho0p25_eps0p05_lr1e4_i40000	r3m_bn_bi	LITE_COMPLETE
2026-08-07T11:07:40+12:00	hpsA_r3m_bn_bi_rho0p25_eps0p05_lr1e4_i40000	r3m_bn_bi	LITE_RUNNING
2026-08-07T11:07:49+12:00	hpsA_r3m_bn_bi_rho0p25_eps0p05_lr1e4_i40000	r3m_bn_bi	LITE_COMPLETE
2026-08-07T11:07:49+12:00	hpsA_r3m_bn_bi_rho0p25_eps0p05_lr1e4_i40000	r3m_bn_bi	LITE_RUNNING
2026-08-07T11:07:58+12:00	hpsA_r3m_bn_bi_rho0p25_eps0p05_lr1e4_i40000	r3m_bn_bi	LITE_COMPLETE
2026-08-07T11:07:58+12:00	hpsA_r3m_bn_bi_rho0p25_eps0p05_lr1e4_i40000	r3m_bn_bi	LITE_RUNNING
2026-08-07T11:08:07+12:00	hpsA_r3m_bn_bi_rho0p25_eps0p05_lr1e4_i40000	r3m_bn_bi	LITE_COMPLETE
2026-08-07T11:08:07+12:00	hpsA_r3m_bn_bi_rho0p25_eps0p05_lr1e4_i40000	r3m_bn_bi	LITE_RUNNING
2026-08-07T11:08:16+12:00	hpsA_r3m_bn_bi_rho0p25_eps0p05_lr1e4_i40000	r3m_bn_bi	LITE_COMPLETE
2026-08-07T11:08:16+12:00	hpsA_r3m_bn_bi_rho0p25_eps0p05_lr1e4_i40000	r3m_bn_bi	LITE_RUNNING
2026-08-07T11:08:25+12:00	hpsA_r3m_bn_bi_rho0p25_eps0p05_lr1e4_i40000	r3m_bn_bi	LITE_COMPLETE
2026-08-07T11:08:25+12:00	hpsA_r3m_bn_bi_rho0p25_eps0p05_lr1e4_i40000	r3m_bn_bi	LITE_RUNNING
2026-08-07T11:08:34+12:00	hpsA_r3m_bn_bi_rho0p25_eps0p05_lr1e4_i40000	r3m_bn_bi	LITE_COMPLETE
2026-08-07T11:08:34+12:00	hpsA_r3m_bn_bi_rho0p25_eps0p05_lr1e4_i40000	r3m_bn_bi	LITE_RUNNING
2026-08-07T11:08:42+12:00	hpsA_r3m_bn_bi_rho0p25_eps0p05_lr1e4_i40000	r3m_bn_bi	LITE_COMPLETE
2026-08-07T11:08:42+12:00	hpsA_r3m_bn_bi_rho0p25_eps0p05_lr1e4_i40000	r3m_bn_bi	LITE_RUNNING
2026-08-07T11:08:51+12:00	hpsA_r3m_bn_bi_rho0p25_eps0p05_lr1e4_i40000	r3m_bn_bi	LITE_COMPLETE
2026-08-07T11:08:51+12:00	hpsA_r3m_bn_bi_rho0p25_eps0p05_lr1e4_i40000	r3m_bn_bi	LITE_RUNNING
2026-08-07T11:09:00+12:00	hpsA_r3m_bn_bi_rho0p25_eps0p05_lr1e4_i40000	r3m_bn_bi	LITE_COMPLETE
2026-08-07T11:09:00+12:00	hpsA_r3m_bn_bi_rho0p25_eps0p05_lr1e4_i40000	r3m_bn_bi	LITE_RUNNING
2026-08-07T11:09:09+12:00	hpsA_r3m_bn_bi_rho0p25_eps0p05_lr1e4_i40000	r3m_bn_bi	LITE_COMPLETE
2026-08-07T11:09:09+12:00	hpsA_r3m_bn_bi_rho0p25_eps0p05_lr1e4_i40000	r3m_bn_bi	LITE_RUNNING
2026-08-07T11:09:18+12:00	hpsA_r3m_bn_bi_rho0p25_eps0p05_lr1e4_i40000	r3m_bn_bi	LITE_COMPLETE
2026-08-07T11:09:18+12:00	hpsA_r3m_bn_bi_rho0p25_eps0p05_lr1e4_i40000	r3m_bn_bi	LITE_RUNNING
2026-08-07T11:09:27+12:00	hpsA_r3m_bn_bi_rho0p25_eps0p05_lr1e4_i40000	r3m_bn_bi	LITE_COMPLETE
2026-08-07T11:09:27+12:00	hpsA_r3m_bn_bi_rho0p25_eps0p05_lr1e4_i40000	r3m_bn_bi	LITE_RUNNING
2026-08-07T11:09:36+12:00	hpsA_r3m_bn_bi_rho0p25_eps0p05_lr1e4_i40000	r3m_bn_bi	LITE_COMPLETE
2026-08-07T11:09:36+12:00	hpsA_r3m_bn_bi_rho0p25_eps0p05_lr1e4_i40000	r3m_bn_bi	LITE_RUNNING
2026-08-07T11:09:45+12:00	hpsA_r3m_bn_bi_rho0p25_eps0p05_lr1e4_i40000	r3m_bn_bi	LITE_COMPLETE
2026-08-07T11:09:45+12:00	hpsA_r3m_bn_bi_rho0p25_eps0p05_lr1e4_i40000	r3m_bn_bi	LITE_RUNNING
2026-08-07T11:09:54+12:00	hpsA_r3m_bn_bi_rho0p25_eps0p05_lr1e4_i40000	r3m_bn_bi	LITE_COMPLETE
2026-08-07T11:09:54+12:00	hpsA_r3m_bn_bi_rho0p25_eps0p05_lr1e4_i40000	r3m_bn_bi	LITE_RUNNING
2026-08-07T11:10:03+12:00	hpsA_r3m_bn_bi_rho0p25_eps0p05_lr1e4_i40000	r3m_bn_bi	LITE_COMPLETE
2026-08-07T11:10:03+12:00	hpsA_r3m_bn_bi_rho0p25_eps0p05_lr1e4_i40000	r3m_bn_bi	LITE_RUNNING
2026-08-07T11:10:11+12:00	hpsA_r3m_bn_bi_rho0p25_eps0p05_lr1e4_i40000	r3m_bn_bi	LITE_COMPLETE
2026-08-07T11:10:11+12:00	hpsA_r3m_bn_bi_rho0p25_eps0p05_lr1e4_i40000	r3m_bn_bi	LITE_RUNNING
2026-08-07T11:10:20+12:00	hpsA_r3m_bn_bi_rho0p25_eps0p05_lr1e4_i40000	r3m_bn_bi	LITE_COMPLETE
2026-08-07T11:10:20+12:00	hpsA_r3m_bn_bi_rho0p25_eps0p05_lr1e4_i40000	r3m_bn_bi	LITE_RUNNING
2026-08-07T11:10:29+12:00	hpsA_r3m_bn_bi_rho0p25_eps0p05_lr1e4_i40000	r3m_bn_bi	LITE_COMPLETE
2026-08-07T11:10:29+12:00	hpsA_r3m_bn_bi_rho0p25_eps0p05_lr1e4_i40000	r3m_bn_bi	LITE_RUNNING
2026-08-07T11:10:38+12:00	hpsA_r3m_bn_bi_rho0p25_eps0p05_lr1e4_i40000	r3m_bn_bi	LITE_COMPLETE
2026-08-07T11:10:38+12:00	hpsA_r3m_bn_bi_rho0p25_eps0p05_lr1e4_i40000	r3m_bn_bi	LITE_RUNNING
2026-08-07T11:10:47+12:00	hpsA_r3m_bn_bi_rho0p25_eps0p05_lr1e4_i40000	r3m_bn_bi	LITE_COMPLETE
2026-08-07T11:10:47+12:00	hpsA_r3m_bn_bi_rho0p25_eps0p05_lr1e4_i40000	r3m_bn_bi	LITE_RUNNING
2026-08-07T11:10:56+12:00	hpsA_r3m_bn_bi_rho0p25_eps0p05_lr1e4_i40000	r3m_bn_bi	LITE_COMPLETE
2026-08-07T11:10:56+12:00	hpsA_r3m_bn_bi_rho0p25_eps0p05_lr1e4_i40000	r3m_bn_bi	LITE_RUNNING
2026-08-07T11:11:05+12:00	hpsA_r3m_bn_bi_rho0p25_eps0p05_lr1e4_i40000	r3m_bn_bi	LITE_COMPLETE
2026-08-07T11:11:05+12:00	hpsA_r3m_bn_bi_rho0p25_eps0p05_lr1e4_i40000	r3m_bn_bi	LITE_RUNNING
2026-08-07T11:11:14+12:00	hpsA_r3m_bn_bi_rho0p25_eps0p05_lr1e4_i40000	r3m_bn_bi	LITE_COMPLETE
2026-08-07T11:11:14+12:00	hpsA_r3m_bn_bi_rho0p25_eps0p05_lr1e4_i40000	r3m_bn_bi	LITE_RUNNING
2026-08-07T11:11:23+12:00	hpsA_r3m_bn_bi_rho0p25_eps0p05_lr1e4_i40000	r3m_bn_bi	LITE_COMPLETE
2026-08-07T11:11:23+12:00	hpsA_r3m_bn_bi_rho0p25_eps0p05_lr1e4_i40000	r3m_bn_bi	LITE_RUNNING
2026-08-07T11:11:32+12:00	hpsA_r3m_bn_bi_rho0p25_eps0p05_lr1e4_i40000	r3m_bn_bi	LITE_COMPLETE
2026-08-07T11:11:32+12:00	hpsA_r3m_bn_bi_rho0p25_eps0p05_lr1e4_i40000	r3m_bn_bi	LITE_RUNNING
2026-08-07T11:11:41+12:00	hpsA_r3m_bn_bi_rho0p25_eps0p05_lr1e4_i40000	r3m_bn_bi	LITE_COMPLETE
2026-08-07T11:11:41+12:00	hpsA_r3m_bn_bi_rho0p25_eps0p05_lr1e4_i40000	r3m_bn_bi	LITE_RUNNING
2026-08-07T11:11:49+12:00	hpsA_r3m_bn_bi_rho0p25_eps0p05_lr1e4_i40000	r3m_bn_bi	LITE_COMPLETE
2026-08-07T11:11:49+12:00	hpsA_r3m_bn_bi_rho0p25_eps0p05_lr1e4_i40000	r3m_bn_bi	LITE_RUNNING
2026-08-07T11:11:58+12:00	hpsA_r3m_bn_bi_rho0p25_eps0p05_lr1e4_i40000	r3m_bn_bi	LITE_COMPLETE
2026-08-07T11:11:58+12:00	hpsA_r3m_bn_bi_rho0p25_eps0p05_lr1e4_i40000	r3m_bn_bi	LITE_RUNNING
2026-08-07T11:12:07+12:00	hpsA_r3m_bn_bi_rho0p25_eps0p05_lr1e4_i40000	r3m_bn_bi	LITE_COMPLETE
2026-08-07T11:12:07+12:00	hpsA_r3m_bn_bi_rho0p25_eps0p05_lr1e4_i40000	r3m_bn_bi	LITE_RUNNING
2026-08-07T11:12:16+12:00	hpsA_r3m_bn_bi_rho0p25_eps0p05_lr1e4_i40000	r3m_bn_bi	LITE_COMPLETE
2026-08-07T11:12:16+12:00	hpsA_r3m_bn_bi_rho0p25_eps0p05_lr1e4_i40000	r3m_bn_bi	LITE_RUNNING
2026-08-07T11:12:25+12:00	hpsA_r3m_bn_bi_rho0p25_eps0p05_lr1e4_i40000	r3m_bn_bi	LITE_COMPLETE
2026-08-07T11:12:25+12:00	hpsA_r3m_bn_bi_rho0p25_eps0p05_lr1e4_i40000	r3m_bn_bi	LITE_RUNNING
2026-08-07T11:12:34+12:00	hpsA_r3m_bn_bi_rho0p25_eps0p05_lr1e4_i40000	r3m_bn_bi	LITE_COMPLETE
2026-08-07T11:12:34+12:00	hpsA_r3m_bn_bi_rho0p25_eps0p05_lr1e4_i40000	r3m_bn_bi	LITE_RUNNING
2026-08-07T11:12:43+12:00	hpsA_r3m_bn_bi_rho0p25_eps0p05_lr1e4_i40000	r3m_bn_bi	LITE_COMPLETE
2026-08-07T11:12:43+12:00	hpsA_r3m_bn_bi_rho0p25_eps0p05_lr1e4_i40000	r3m_bn_bi	LITE_RUNNING
2026-08-07T11:12:52+12:00	hpsA_r3m_bn_bi_rho0p25_eps0p05_lr1e4_i40000	r3m_bn_bi	LITE_COMPLETE
2026-08-07T11:12:52+12:00	hpsA_r3m_bn_bi_rho0p25_eps0p05_lr1e4_i40000	r3m_bn_bi	LITE_RUNNING
2026-08-07T11:13:01+12:00	hpsA_r3m_bn_bi_rho0p25_eps0p05_lr1e4_i40000	r3m_bn_bi	LITE_COMPLETE
2026-08-07T11:13:01+12:00	hpsA_r3m_bn_bi_rho0p25_eps0p05_lr1e4_i40000	r3m_bn_bi	LITE_RUNNING
2026-08-07T11:13:10+12:00	hpsA_r3m_bn_bi_rho0p25_eps0p05_lr1e4_i40000	r3m_bn_bi	LITE_COMPLETE
2026-08-07T11:13:10+12:00	hpsA_r3m_bn_bi_rho0p25_eps0p05_lr1e4_i40000	r3m_bn_bi	LITE_RUNNING
2026-08-07T11:13:19+12:00	hpsA_r3m_bn_bi_rho0p25_eps0p05_lr1e4_i40000	r3m_bn_bi	LITE_COMPLETE
2026-08-07T11:13:19+12:00	hpsA_r3m_bn_bi_rho0p25_eps0p05_lr1e4_i40000	r3m_bn_bi	LITE_RUNNING
2026-08-07T11:13:27+12:00	hpsA_r3m_bn_bi_rho0p25_eps0p05_lr1e4_i40000	r3m_bn_bi	LITE_COMPLETE
2026-08-07T11:13:27+12:00	hpsA_r3m_bn_bi_rho0p25_eps0p05_lr1e4_i40000	r3m_bn_bi	LITE_RUNNING
2026-08-07T11:13:36+12:00	hpsA_r3m_bn_bi_rho0p25_eps0p05_lr1e4_i40000	r3m_bn_bi	LITE_COMPLETE
2026-08-07T11:13:36+12:00	hpsA_r3m_bn_bi_rho0p25_eps0p05_lr1e4_i40000	r3m_bn_bi	LITE_RUNNING
2026-08-07T11:13:45+12:00	hpsA_r3m_bn_bi_rho0p25_eps0p05_lr1e4_i40000	r3m_bn_bi	LITE_COMPLETE
2026-08-07T11:13:45+12:00	hpsA_r3m_bn_bi_rho0p25_eps0p05_lr1e4_i40000	r3m_bn_bi	LITE_RUNNING
2026-08-07T11:13:54+12:00	hpsA_r3m_bn_bi_rho0p25_eps0p05_lr1e4_i40000	r3m_bn_bi	LITE_COMPLETE
2026-08-07T11:13:54+12:00	hpsA_r3m_bn_bi_rho0p25_eps0p05_lr1e4_i40000	r3m_bn_bi	LITE_RUNNING
2026-08-07T11:14:03+12:00	hpsA_r3m_bn_bi_rho0p25_eps0p05_lr1e4_i40000	r3m_bn_bi	LITE_COMPLETE
2026-08-07T11:14:03+12:00	hpsA_r3m_bn_bi_rho0p25_eps0p05_lr1e4_i40000	r3m_bn_bi	LITE_RUNNING
2026-08-07T11:14:12+12:00	hpsA_r3m_bn_bi_rho0p25_eps0p05_lr1e4_i40000	r3m_bn_bi	LITE_COMPLETE
2026-08-07T11:14:12+12:00	hpsA_r3m_bn_bi_rho0p25_eps0p05_lr1e4_i40000	r3m_bn_bi	LITE_RUNNING
2026-08-07T11:14:21+12:00	hpsA_r3m_bn_bi_rho0p25_eps0p05_lr1e4_i40000	r3m_bn_bi	LITE_COMPLETE
2026-08-07T11:14:21+12:00	hpsA_r3m_bn_bi_rho0p25_eps0p05_lr1e4_i40000	r3m_bn_bi	LITE_RUNNING
2026-08-07T11:14:30+12:00	hpsA_r3m_bn_bi_rho0p25_eps0p05_lr1e4_i40000	r3m_bn_bi	LITE_COMPLETE
2026-08-07T11:14:30+12:00	hpsA_r3m_bn_bi_rho0p25_eps0p05_lr1e4_i40000	r3m_bn_bi	LITE_RUNNING
2026-08-07T11:14:39+12:00	hpsA_r3m_bn_bi_rho0p25_eps0p05_lr1e4_i40000	r3m_bn_bi	LITE_COMPLETE
2026-08-07T11:14:39+12:00	hpsA_r3m_bn_bi_rho0p25_eps0p05_lr1e4_i40000	r3m_bn_bi	LITE_RUNNING
2026-08-07T11:14:48+12:00	hpsA_r3m_bn_bi_rho0p25_eps0p05_lr1e4_i40000	r3m_bn_bi	LITE_COMPLETE
2026-08-07T11:14:48+12:00	hpsA_r3m_bn_bi_rho0p25_eps0p05_lr1e4_i40000	r3m_bn_bi	LITE_RUNNING
2026-08-07T11:14:57+12:00	hpsA_r3m_bn_bi_rho0p25_eps0p05_lr1e4_i40000	r3m_bn_bi	LITE_COMPLETE
2026-08-07T11:14:57+12:00	hpsA_r3m_bn_bi_rho0p25_eps0p05_lr1e4_i40000	r3m_bn_bi	LITE_RUNNING
2026-08-07T11:15:05+12:00	hpsA_r3m_bn_bi_rho0p25_eps0p05_lr1e4_i40000	r3m_bn_bi	LITE_COMPLETE
2026-08-07T11:15:05+12:00	hpsA_r3m_bn_bi_rho0p25_eps0p05_lr1e4_i40000	r3m_bn_bi	LITE_RUNNING
2026-08-07T11:15:14+12:00	hpsA_r3m_bn_bi_rho0p25_eps0p05_lr1e4_i40000	r3m_bn_bi	LITE_COMPLETE
2026-08-07T11:15:14+12:00	hpsA_r3m_bn_bi_rho0p25_eps0p05_lr1e4_i40000	r3m_bn_bi	LITE_RUNNING
2026-08-07T11:15:23+12:00	hpsA_r3m_bn_bi_rho0p25_eps0p05_lr1e4_i40000	r3m_bn_bi	LITE_COMPLETE
2026-08-07T11:15:23+12:00	hpsA_r3m_bn_bi_rho0p25_eps0p05_lr1e4_i40000	r3m_bn_bi	LITE_RUNNING
2026-08-07T11:15:32+12:00	hpsA_r3m_bn_bi_rho0p25_eps0p05_lr1e4_i40000	r3m_bn_bi	LITE_COMPLETE
2026-08-07T11:15:32+12:00	hpsA_r3m_bn_bi_rho0p25_eps0p05_lr1e4_i40000	r3m_bn_bi	LITE_RUNNING
2026-08-07T11:15:41+12:00	hpsA_r3m_bn_bi_rho0p25_eps0p05_lr1e4_i40000	r3m_bn_bi	LITE_COMPLETE
2026-08-07T11:15:41+12:00	hpsA_r3m_bn_bi_rho0p25_eps0p05_lr1e4_i40000	r3m_bn_bi	LITE_RUNNING
2026-08-07T11:15:50+12:00	hpsA_r3m_bn_bi_rho0p25_eps0p05_lr1e4_i40000	r3m_bn_bi	LITE_COMPLETE
2026-08-07T11:15:50+12:00	hpsA_r3m_bn_bi_rho0p25_eps0p05_lr1e4_i40000	r3m_bn_bi	LITE_RUNNING
2026-08-07T11:15:59+12:00	hpsA_r3m_bn_bi_rho0p25_eps0p05_lr1e4_i40000	r3m_bn_bi	LITE_COMPLETE
2026-08-07T11:15:59+12:00	hpsA_r3m_bn_bi_rho0p25_eps0p05_lr1e4_i40000	r3m_bn_bi	LITE_RUNNING
2026-08-07T11:16:08+12:00	hpsA_r3m_bn_bi_rho0p25_eps0p05_lr1e4_i40000	r3m_bn_bi	LITE_COMPLETE
2026-08-07T11:16:08+12:00	hpsA_r3m_bn_bi_rho0p25_eps0p05_lr1e4_i40000	r3m_bn_bi	LITE_RUNNING
2026-08-07T11:16:17+12:00	hpsA_r3m_bn_bi_rho0p25_eps0p05_lr1e4_i40000	r3m_bn_bi	LITE_COMPLETE
2026-08-07T11:16:17+12:00	hpsA_r3m_bn_bi_rho0p25_eps0p05_lr1e4_i40000	r3m_bn_bi	LITE_RUNNING
2026-08-07T11:16:25+12:00	hpsA_r3m_bn_bi_rho0p25_eps0p05_lr1e4_i40000	r3m_bn_bi	LITE_COMPLETE
2026-08-07T11:16:25+12:00	hpsA_r3m_bn_bi_rho0p25_eps0p05_lr1e4_i40000	r3m_bn_bi	LITE_RUNNING
2026-08-07T11:16:34+12:00	hpsA_r3m_bn_bi_rho0p25_eps0p05_lr1e4_i40000	r3m_bn_bi	LITE_COMPLETE
2026-08-07T11:16:34+12:00	hpsA_r3m_bn_bi_rho0p25_eps0p05_lr1e4_i40000	r3m_bn_bi	LITE_RUNNING
2026-08-07T11:16:43+12:00	hpsA_r3m_bn_bi_rho0p25_eps0p05_lr1e4_i40000	r3m_bn_bi	LITE_COMPLETE
2026-08-07T11:16:43+12:00	hpsA_r3m_bn_bi_rho0p25_eps0p05_lr1e4_i40000	r3m_bn_bi	LITE_RUNNING
2026-08-07T11:16:52+12:00	hpsA_r3m_bn_bi_rho0p25_eps0p05_lr1e4_i40000	r3m_bn_bi	LITE_COMPLETE
2026-08-07T11:16:52+12:00	hpsA_r3m_bn_bi_rho0p25_eps0p05_lr1e4_i40000	r3m_bn_bi	LITE_RUNNING
2026-08-07T11:17:01+12:00	hpsA_r3m_bn_bi_rho0p25_eps0p05_lr1e4_i40000	r3m_bn_bi	LITE_COMPLETE
2026-08-07T11:17:01+12:00	hpsA_r3m_bn_bi_rho0p25_eps0p05_lr1e4_i40000	r3m_bn_bi	LITE_RUNNING
2026-08-07T11:17:10+12:00	hpsA_r3m_bn_bi_rho0p25_eps0p05_lr1e4_i40000	r3m_bn_bi	LITE_COMPLETE
2026-08-07T11:17:10+12:00	hpsA_r3m_bn_bi_rho0p25_eps0p05_lr1e4_i40000	r3m_bn_bi	LITE_RUNNING
2026-08-07T11:17:19+12:00	hpsA_r3m_bn_bi_rho0p25_eps0p05_lr1e4_i40000	r3m_bn_bi	LITE_COMPLETE
2026-08-07T11:17:19+12:00	hpsA_r3m_bn_bi_rho0p25_eps0p05_lr1e4_i40000	r3m_bn_bi	LITE_RUNNING
2026-08-07T11:17:28+12:00	hpsA_r3m_bn_bi_rho0p25_eps0p05_lr1e4_i40000	r3m_bn_bi	LITE_COMPLETE
2026-08-07T11:17:28+12:00	hpsA_r3m_bn_bi_rho0p25_eps0p05_lr1e4_i40000	r3m_bn_bi	LITE_RUNNING
2026-08-07T11:17:36+12:00	hpsA_r3m_bn_bi_rho0p25_eps0p05_lr1e4_i40000	r3m_bn_bi	LITE_COMPLETE
2026-08-07T11:17:36+12:00	hpsA_r3m_bn_bi_rho0p25_eps0p05_lr1e4_i40000	r3m_bn_bi	LITE_RUNNING
2026-08-07T11:17:45+12:00	hpsA_r3m_bn_bi_rho0p25_eps0p05_lr1e4_i40000	r3m_bn_bi	LITE_COMPLETE
2026-08-07T11:17:45+12:00	hpsA_r3m_bn_bi_rho0p25_eps0p05_lr1e4_i40000	r3m_bn_bi	LITE_RUNNING
2026-08-07T11:17:54+12:00	hpsA_r3m_bn_bi_rho0p25_eps0p05_lr1e4_i40000	r3m_bn_bi	LITE_COMPLETE
2026-08-07T11:17:54+12:00	hpsA_r3m_bn_bi_rho0p25_eps0p05_lr1e4_i40000	r3m_bn_bi	LITE_RUNNING
2026-08-07T11:18:03+12:00	hpsA_r3m_bn_bi_rho0p25_eps0p05_lr1e4_i40000	r3m_bn_bi	LITE_COMPLETE
2026-08-07T11:18:03+12:00	hpsA_r3m_bn_bi_rho0p25_eps0p05_lr1e4_i40000	r3m_bn_bi	LITE_RUNNING
2026-08-07T11:18:12+12:00	hpsA_r3m_bn_bi_rho0p25_eps0p05_lr1e4_i40000	r3m_bn_bi	LITE_COMPLETE
2026-08-07T11:18:12+12:00	hpsA_r3m_bn_bi_rho0p25_eps0p05_lr1e4_i40000	r3m_bn_bi	LITE_RUNNING
2026-08-07T11:18:21+12:00	hpsA_r3m_bn_bi_rho0p25_eps0p05_lr1e4_i40000	r3m_bn_bi	LITE_COMPLETE
2026-08-07T11:18:21+12:00	hpsA_r3m_bn_bi_rho0p25_eps0p05_lr1e4_i40000	r3m_bn_bi	LITE_RUNNING
2026-08-07T11:18:30+12:00	hpsA_r3m_bn_bi_rho0p25_eps0p05_lr1e4_i40000	r3m_bn_bi	LITE_COMPLETE
2026-08-07T11:18:30+12:00	hpsA_r3m_bn_bi_rho0p25_eps0p05_lr1e4_i40000	r3m_bn_bi	LITE_RUNNING
2026-08-07T11:18:39+12:00	hpsA_r3m_bn_bi_rho0p25_eps0p05_lr1e4_i40000	r3m_bn_bi	LITE_COMPLETE
2026-08-07T11:18:39+12:00	hpsA_r3m_bn_bi_rho0p25_eps0p05_lr1e4_i40000	r3m_bn_bi	LITE_RUNNING
2026-08-07T11:18:48+12:00	hpsA_r3m_bn_bi_rho0p25_eps0p05_lr1e4_i40000	r3m_bn_bi	LITE_COMPLETE
2026-08-07T11:18:48+12:00	hpsA_r3m_bn_bi_rho0p25_eps0p05_lr1e4_i40000	r3m_bn_bi	LITE_RUNNING
2026-08-07T11:18:56+12:00	hpsA_r3m_bn_bi_rho0p25_eps0p05_lr1e4_i40000	r3m_bn_bi	LITE_COMPLETE
2026-08-07T11:18:56+12:00	hpsA_r3m_bn_bi_rho0p25_eps0p05_lr1e4_i40000	r3m_bn_bi	LITE_RUNNING
2026-08-07T11:19:05+12:00	hpsA_r3m_bn_bi_rho0p25_eps0p05_lr1e4_i40000	r3m_bn_bi	LITE_COMPLETE
2026-08-07T11:19:05+12:00	hpsA_r3m_bn_bi_rho0p25_eps0p05_lr1e4_i40000	r3m_bn_bi	LITE_RUNNING
2026-08-07T11:19:14+12:00	hpsA_r3m_bn_bi_rho0p25_eps0p05_lr1e4_i40000	r3m_bn_bi	LITE_COMPLETE
2026-08-07T11:19:14+12:00	hpsA_r3m_bn_bi_rho0p25_eps0p05_lr1e4_i40000	r3m_bn_bi	LITE_RUNNING
2026-08-07T11:19:23+12:00	hpsA_r3m_bn_bi_rho0p25_eps0p05_lr1e4_i40000	r3m_bn_bi	LITE_COMPLETE
2026-08-07T11:19:23+12:00	hpsA_r3m_bn_bi_rho0p25_eps0p05_lr1e4_i40000	r3m_bn_bi	LITE_RUNNING
2026-08-07T11:19:32+12:00	hpsA_r3m_bn_bi_rho0p25_eps0p05_lr1e4_i40000	r3m_bn_bi	LITE_COMPLETE
2026-08-07T11:19:32+12:00	hpsA_r3m_bn_bi_rho0p25_eps0p05_lr1e4_i40000	r3m_bn_bi	LITE_RUNNING
2026-08-07T11:19:41+12:00	hpsA_r3m_bn_bi_rho0p25_eps0p05_lr1e4_i40000	r3m_bn_bi	LITE_COMPLETE
2026-08-07T11:19:41+12:00	hpsA_r3m_bn_bi_rho0p25_eps0p05_lr1e4_i40000	r3m_bn_bi	LITE_RUNNING
2026-08-07T11:19:50+12:00	hpsA_r3m_bn_bi_rho0p25_eps0p05_lr1e4_i40000	r3m_bn_bi	LITE_COMPLETE
2026-08-07T11:19:50+12:00	hpsA_r3m_bn_bi_rho0p25_eps0p05_lr1e4_i40000	r3m_bn_bi	LITE_RUNNING
2026-08-07T11:19:59+12:00	hpsA_r3m_bn_bi_rho0p25_eps0p05_lr1e4_i40000	r3m_bn_bi	LITE_COMPLETE
2026-08-07T11:19:59+12:00	hpsA_r3m_bn_bi_rho0p25_eps0p05_lr1e4_i40000	r3m_bn_bi	LITE_RUNNING
2026-08-07T11:20:08+12:00	hpsA_r3m_bn_bi_rho0p25_eps0p05_lr1e4_i40000	r3m_bn_bi	LITE_COMPLETE
2026-08-07T11:20:08+12:00	hpsA_r3m_bn_bi_rho0p25_eps0p05_lr1e4_i40000	r3m_bn_bi	LITE_RUNNING
2026-08-07T11:20:17+12:00	hpsA_r3m_bn_bi_rho0p25_eps0p05_lr1e4_i40000	r3m_bn_bi	LITE_COMPLETE
2026-08-07T11:20:17+12:00	hpsA_r3m_bn_bi_rho0p25_eps0p05_lr1e4_i40000	r3m_bn_bi	LITE_RUNNING
2026-08-07T11:20:25+12:00	hpsA_r3m_bn_bi_rho0p25_eps0p05_lr1e4_i40000	r3m_bn_bi	LITE_COMPLETE
2026-08-07T11:20:25+12:00	hpsA_r3m_bn_bi_rho0p25_eps0p05_lr1e4_i40000	r3m_bn_bi	LITE_RUNNING
2026-08-07T11:20:34+12:00	hpsA_r3m_bn_bi_rho0p25_eps0p05_lr1e4_i40000	r3m_bn_bi	LITE_COMPLETE
2026-08-07T11:20:34+12:00	hpsA_r3m_bn_bi_rho0p25_eps0p05_lr1e4_i40000	r3m_bn_bi	LITE_RUNNING
2026-08-07T11:20:43+12:00	hpsA_r3m_bn_bi_rho0p25_eps0p05_lr1e4_i40000	r3m_bn_bi	LITE_COMPLETE
2026-08-07T11:20:43+12:00	hpsA_r3m_bn_bi_rho0p25_eps0p05_lr1e4_i40000	r3m_bn_bi	LITE_RUNNING
2026-08-07T11:20:52+12:00	hpsA_r3m_bn_bi_rho0p25_eps0p05_lr1e4_i40000	r3m_bn_bi	LITE_COMPLETE
2026-08-07T11:20:52+12:00	hpsA_r3m_bn_bi_rho0p25_eps0p05_lr1e4_i40000	r3m_bn_bi	LITE_RUNNING
2026-08-07T11:21:01+12:00	hpsA_r3m_bn_bi_rho0p25_eps0p05_lr1e4_i40000	r3m_bn_bi	LITE_COMPLETE
2026-08-07T11:21:01+12:00	hpsA_r3m_bn_bi_rho0p25_eps0p05_lr1e4_i40000	r3m_bn_bi	LITE_RUNNING
2026-08-07T11:21:10+12:00	hpsA_r3m_bn_bi_rho0p25_eps0p05_lr1e4_i40000	r3m_bn_bi	LITE_COMPLETE
2026-08-07T11:21:10+12:00	hpsA_r3m_bn_bi_rho0p25_eps0p05_lr1e4_i40000	r3m_bn_bi	LITE_RUNNING
2026-08-07T11:21:19+12:00	hpsA_r3m_bn_bi_rho0p25_eps0p05_lr1e4_i40000	r3m_bn_bi	LITE_COMPLETE
2026-08-07T11:21:19+12:00	hpsA_r3m_bn_bi_rho0p25_eps0p05_lr1e4_i40000	r3m_bn_bi	LITE_RUNNING
2026-08-07T11:21:28+12:00	hpsA_r3m_bn_bi_rho0p25_eps0p05_lr1e4_i40000	r3m_bn_bi	LITE_COMPLETE
2026-08-07T11:21:28+12:00	hpsA_r3m_bn_bi_rho0p25_eps0p05_lr1e4_i40000	r3m_bn_bi	LITE_RUNNING
2026-08-07T11:21:37+12:00	hpsA_r3m_bn_bi_rho0p25_eps0p05_lr1e4_i40000	r3m_bn_bi	LITE_COMPLETE
2026-08-07T11:21:37+12:00	hpsA_r3m_bn_bi_rho0p25_eps0p05_lr1e4_i40000	r3m_bn_bi	LITE_RUNNING
2026-08-07T11:21:45+12:00	hpsA_r3m_bn_bi_rho0p25_eps0p05_lr1e4_i40000	r3m_bn_bi	LITE_COMPLETE
2026-08-07T11:21:45+12:00	hpsA_r3m_bn_bi_rho0p25_eps0p05_lr1e4_i40000	r3m_bn_bi	LITE_RUNNING
2026-08-07T11:21:54+12:00	hpsA_r3m_bn_bi_rho0p25_eps0p05_lr1e4_i40000	r3m_bn_bi	LITE_COMPLETE
2026-08-07T11:21:54+12:00	hpsA_r3m_bn_bi_rho0p25_eps0p05_lr1e4_i40000	r3m_bn_bi	LITE_RUNNING
2026-08-07T11:22:03+12:00	hpsA_r3m_bn_bi_rho0p25_eps0p05_lr1e4_i40000	r3m_bn_bi	LITE_COMPLETE
2026-08-07T11:22:03+12:00	hpsA_r3m_bn_bi_rho0p25_eps0p05_lr1e4_i40000	r3m_bn_bi	LITE_RUNNING
2026-08-07T11:22:12+12:00	hpsA_r3m_bn_bi_rho0p25_eps0p05_lr1e4_i40000	r3m_bn_bi	LITE_COMPLETE
2026-08-07T11:22:12+12:00	hpsA_r3m_bn_bi_rho0p25_eps0p05_lr1e4_i40000	r3m_bn_bi	LITE_RUNNING
2026-08-07T11:22:21+12:00	hpsA_r3m_bn_bi_rho0p25_eps0p05_lr1e4_i40000	r3m_bn_bi	LITE_COMPLETE
2026-08-07T11:22:21+12:00	hpsA_r3m_bn_bi_rho0p25_eps0p05_lr1e4_i40000	r3m_bn_bi	LITE_RUNNING
2026-08-07T11:22:30+12:00	hpsA_r3m_bn_bi_rho0p25_eps0p05_lr1e4_i40000	r3m_bn_bi	LITE_COMPLETE
2026-08-07T11:22:30+12:00	hpsA_r3m_bn_bi_rho0p25_eps0p05_lr1e4_i40000	r3m_bn_bi	LITE_RUNNING
2026-08-07T11:22:39+12:00	hpsA_r3m_bn_bi_rho0p25_eps0p05_lr1e4_i40000	r3m_bn_bi	LITE_COMPLETE
2026-08-07T11:22:39+12:00	hpsA_r3m_bn_bi_rho0p25_eps0p05_lr1e4_i40000	r3m_bn_bi	LITE_RUNNING
2026-08-07T11:22:48+12:00	hpsA_r3m_bn_bi_rho0p25_eps0p05_lr1e4_i40000	r3m_bn_bi	LITE_COMPLETE
2026-08-07T11:22:48+12:00	hpsA_r3m_bn_bi_rho0p25_eps0p05_lr1e4_i40000	r3m_bn_bi	LITE_RUNNING
2026-08-07T11:22:56+12:00	hpsA_r3m_bn_bi_rho0p25_eps0p05_lr1e4_i40000	r3m_bn_bi	LITE_COMPLETE
2026-08-07T11:22:56+12:00	hpsA_r3m_bn_bi_rho0p25_eps0p05_lr1e4_i40000	r3m_bn_bi	LITE_RUNNING
2026-08-07T11:23:05+12:00	hpsA_r3m_bn_bi_rho0p25_eps0p05_lr1e4_i40000	r3m_bn_bi	LITE_COMPLETE
2026-08-07T11:23:05+12:00	hpsA_r3m_bn_bi_rho0p25_eps0p05_lr1e4_i40000	r3m_bn_bi	LITE_RUNNING
2026-08-07T11:23:14+12:00	hpsA_r3m_bn_bi_rho0p25_eps0p05_lr1e4_i40000	r3m_bn_bi	LITE_COMPLETE
2026-08-07T11:23:14+12:00	hpsA_r3m_bn_bi_rho0p25_eps0p05_lr1e4_i40000	r3m_bn_bi	LITE_RUNNING
2026-08-07T11:23:23+12:00	hpsA_r3m_bn_bi_rho0p25_eps0p05_lr1e4_i40000	r3m_bn_bi	LITE_COMPLETE
2026-08-07T11:23:23+12:00	hpsA_r3m_bn_bi_rho0p25_eps0p05_lr1e4_i40000	r3m_bn_bi	LITE_RUNNING
2026-08-07T11:23:32+12:00	hpsA_r3m_bn_bi_rho0p25_eps0p05_lr1e4_i40000	r3m_bn_bi	LITE_COMPLETE
2026-08-07T11:23:32+12:00	hpsA_r3m_bn_bi_rho0p25_eps0p05_lr1e4_i40000	r3m_bn_bi	LITE_RUNNING
2026-08-07T11:23:41+12:00	hpsA_r3m_bn_bi_rho0p25_eps0p05_lr1e4_i40000	r3m_bn_bi	LITE_COMPLETE
2026-08-07T11:23:41+12:00	hpsA_r3m_bn_bi_rho0p25_eps0p05_lr1e4_i40000	r3m_bn_bi	LITE_RUNNING
2026-08-07T11:23:50+12:00	hpsA_r3m_bn_bi_rho0p25_eps0p05_lr1e4_i40000	r3m_bn_bi	LITE_COMPLETE
2026-08-07T11:23:50+12:00	hpsA_r3m_bn_bi_rho0p25_eps0p05_lr1e4_i40000	r3m_bn_bi	LITE_RUNNING
2026-08-07T11:23:59+12:00	hpsA_r3m_bn_bi_rho0p25_eps0p05_lr1e4_i40000	r3m_bn_bi	LITE_COMPLETE
2026-08-07T11:23:59+12:00	hpsA_r3m_bn_bi_rho0p25_eps0p05_lr1e4_i40000	r3m_bn_bi	LITE_RUNNING
2026-08-07T11:24:08+12:00	hpsA_r3m_bn_bi_rho0p25_eps0p05_lr1e4_i40000	r3m_bn_bi	LITE_COMPLETE
2026-08-07T11:24:08+12:00	hpsA_r3m_bn_bi_rho0p25_eps0p05_lr1e4_i40000	r3m_bn_bi	LITE_RUNNING
2026-08-07T11:24:17+12:00	hpsA_r3m_bn_bi_rho0p25_eps0p05_lr1e4_i40000	r3m_bn_bi	LITE_COMPLETE
2026-08-07T11:24:17+12:00	hpsA_r3m_bn_bi_rho0p25_eps0p05_lr1e4_i40000	r3m_bn_bi	LITE_RUNNING
2026-08-07T11:24:26+12:00	hpsA_r3m_bn_bi_rho0p25_eps0p05_lr1e4_i40000	r3m_bn_bi	LITE_COMPLETE
2026-08-07T11:24:26+12:00	hpsA_r3m_bn_bi_rho0p25_eps0p05_lr1e4_i40000	r3m_bn_bi	LITE_RUNNING
2026-08-07T11:24:34+12:00	hpsA_r3m_bn_bi_rho0p25_eps0p05_lr1e4_i40000	r3m_bn_bi	LITE_COMPLETE
2026-08-07T11:24:34+12:00	hpsA_r3m_bn_bi_rho0p25_eps0p05_lr1e4_i40000	r3m_bn_bi	LITE_RUNNING
2026-08-07T11:24:43+12:00	hpsA_r3m_bn_bi_rho0p25_eps0p05_lr1e4_i40000	r3m_bn_bi	LITE_COMPLETE
2026-08-07T11:24:43+12:00	hpsA_r3m_bn_bi_rho0p25_eps0p05_lr1e4_i40000	r3m_bn_bi	LITE_RUNNING
2026-08-07T11:24:52+12:00	hpsA_r3m_bn_bi_rho0p25_eps0p05_lr1e4_i40000	r3m_bn_bi	LITE_COMPLETE
2026-08-07T11:24:52+12:00	hpsA_r3m_bn_bi_rho0p25_eps0p05_lr1e4_i40000	r3m_bn_bi	LITE_RUNNING
2026-08-07T11:25:01+12:00	hpsA_r3m_bn_bi_rho0p25_eps0p05_lr1e4_i40000	r3m_bn_bi	LITE_COMPLETE
2026-08-07T11:25:01+12:00	hpsA_r3m_bn_bi_rho0p25_eps0p05_lr1e4_i40000	r3m_bn_bi	LITE_RUNNING
2026-08-07T11:25:10+12:00	hpsA_r3m_bn_bi_rho0p25_eps0p05_lr1e4_i40000	r3m_bn_bi	LITE_COMPLETE
2026-08-07T11:25:10+12:00	hpsA_r3m_bn_bi_rho0p25_eps0p05_lr1e4_i40000	r3m_bn_bi	LITE_RUNNING
2026-08-07T11:25:19+12:00	hpsA_r3m_bn_bi_rho0p25_eps0p05_lr1e4_i40000	r3m_bn_bi	LITE_COMPLETE
2026-08-07T11:25:19+12:00	hpsA_r3m_bn_bi_rho0p25_eps0p05_lr1e4_i40000	r3m_bn_bi	LITE_RUNNING
2026-08-07T11:25:28+12:00	hpsA_r3m_bn_bi_rho0p25_eps0p05_lr1e4_i40000	r3m_bn_bi	LITE_COMPLETE
2026-08-07T11:25:28+12:00	hpsA_r3m_bn_bi_rho0p25_eps0p05_lr1e4_i40000	r3m_bn_bi	LITE_RUNNING
2026-08-07T11:25:37+12:00	hpsA_r3m_bn_bi_rho0p25_eps0p05_lr1e4_i40000	r3m_bn_bi	LITE_COMPLETE
2026-08-07T11:25:37+12:00	hpsA_r3m_bn_bi_rho0p25_eps0p05_lr1e4_i40000	r3m_bn_bi	LITE_RUNNING
2026-08-07T11:25:46+12:00	hpsA_r3m_bn_bi_rho0p25_eps0p05_lr1e4_i40000	r3m_bn_bi	LITE_COMPLETE
2026-08-07T11:25:46+12:00	hpsA_r3m_bn_bi_rho0p25_eps0p05_lr1e4_i40000	r3m_bn_bi	LITE_RUNNING
2026-08-07T11:25:55+12:00	hpsA_r3m_bn_bi_rho0p25_eps0p05_lr1e4_i40000	r3m_bn_bi	LITE_COMPLETE
2026-08-07T11:25:55+12:00	hpsA_r3m_bn_bi_rho0p25_eps0p05_lr1e4_i40000	r3m_bn_bi	LITE_RUNNING
2026-08-07T11:26:04+12:00	hpsA_r3m_bn_bi_rho0p25_eps0p05_lr1e4_i40000	r3m_bn_bi	LITE_COMPLETE
2026-08-07T11:26:04+12:00	hpsA_r3m_bn_bi_rho0p25_eps0p05_lr1e4_i40000	r3m_bn_bi	LITE_RUNNING
2026-08-07T11:26:12+12:00	hpsA_r3m_bn_bi_rho0p25_eps0p05_lr1e4_i40000	r3m_bn_bi	LITE_COMPLETE
2026-08-07T11:26:12+12:00	hpsA_r3m_bn_bi_rho0p25_eps0p05_lr1e4_i40000	r3m_bn_bi	LITE_RUNNING
2026-08-07T11:26:21+12:00	hpsA_r3m_bn_bi_rho0p25_eps0p05_lr1e4_i40000	r3m_bn_bi	LITE_COMPLETE
2026-08-07T11:26:21+12:00	hpsA_r3m_bn_bi_rho0p25_eps0p05_lr1e4_i40000	r3m_bn_bi	LITE_RUNNING
2026-08-07T11:26:30+12:00	hpsA_r3m_bn_bi_rho0p25_eps0p05_lr1e4_i40000	r3m_bn_bi	LITE_COMPLETE
2026-08-07T11:26:30+12:00	hpsA_r3m_bn_bi_rho0p25_eps0p05_lr1e4_i40000	r3m_bn_bi	LITE_RUNNING
2026-08-07T11:26:39+12:00	hpsA_r3m_bn_bi_rho0p25_eps0p05_lr1e4_i40000	r3m_bn_bi	LITE_COMPLETE
2026-08-07T11:26:39+12:00	hpsA_r3m_bn_bi_rho0p25_eps0p05_lr1e4_i40000	r3m_bn_bi	LITE_RUNNING
2026-08-07T11:26:48+12:00	hpsA_r3m_bn_bi_rho0p25_eps0p05_lr1e4_i40000	r3m_bn_bi	LITE_COMPLETE
2026-08-07T11:26:48+12:00	hpsA_r3m_bn_bi_rho0p25_eps0p05_lr1e4_i40000	r3m_bn_bi	LITE_RUNNING
2026-08-07T11:26:57+12:00	hpsA_r3m_bn_bi_rho0p25_eps0p05_lr1e4_i40000	r3m_bn_bi	LITE_COMPLETE
2026-08-07T11:26:57+12:00	hpsA_r3m_bn_bi_rho0p25_eps0p05_lr1e4_i40000	r3m_bn_bi	LITE_RUNNING
2026-08-07T11:27:06+12:00	hpsA_r3m_bn_bi_rho0p25_eps0p05_lr1e4_i40000	r3m_bn_bi	LITE_COMPLETE
2026-08-07T11:27:06+12:00	hpsA_r3m_bn_bi_rho0p25_eps0p05_lr1e4_i40000	r3m_bn_bi	LITE_RUNNING
2026-08-07T11:27:15+12:00	hpsA_r3m_bn_bi_rho0p25_eps0p05_lr1e4_i40000	r3m_bn_bi	LITE_COMPLETE
2026-08-07T11:27:15+12:00	hpsA_r3m_bn_bi_rho0p25_eps0p05_lr1e4_i40000	r3m_bn_bi	LITE_RUNNING
2026-08-07T11:27:24+12:00	hpsA_r3m_bn_bi_rho0p25_eps0p05_lr1e4_i40000	r3m_bn_bi	LITE_COMPLETE
2026-08-07T11:27:24+12:00	hpsA_r3m_bn_bi_rho0p25_eps0p05_lr1e4_i40000	r3m_bn_bi	LITE_RUNNING
2026-08-07T11:27:33+12:00	hpsA_r3m_bn_bi_rho0p25_eps0p05_lr1e4_i40000	r3m_bn_bi	LITE_COMPLETE
2026-08-07T11:27:33+12:00	hpsA_r3m_bn_bi_rho0p25_eps0p05_lr1e4_i40000	r3m_bn_bi	LITE_RUNNING
2026-08-07T11:27:41+12:00	hpsA_r3m_bn_bi_rho0p25_eps0p05_lr1e4_i40000	r3m_bn_bi	LITE_COMPLETE
2026-08-07T11:27:41+12:00	hpsA_r3m_bn_bi_rho0p25_eps0p05_lr1e4_i40000	r3m_bn_bi	LITE_RUNNING
2026-08-07T11:27:50+12:00	hpsA_r3m_bn_bi_rho0p25_eps0p05_lr1e4_i40000	r3m_bn_bi	LITE_COMPLETE
2026-08-07T11:27:50+12:00	hpsA_r3m_bn_bi_rho0p25_eps0p05_lr1e4_i40000	r3m_bn_bi	LITE_RUNNING
2026-08-07T11:27:59+12:00	hpsA_r3m_bn_bi_rho0p25_eps0p05_lr1e4_i40000	r3m_bn_bi	LITE_COMPLETE
2026-08-07T11:27:59+12:00	hpsA_r3m_bn_bi_rho0p25_eps0p05_lr1e4_i40000	r3m_bn_bi	LITE_RUNNING
2026-08-07T11:28:08+12:00	hpsA_r3m_bn_bi_rho0p25_eps0p05_lr1e4_i40000	r3m_bn_bi	LITE_COMPLETE
2026-08-07T11:28:08+12:00	hpsA_r3m_bn_bi_rho0p25_eps0p05_lr1e4_i40000	r3m_bn_bi	LITE_RUNNING
2026-08-07T11:28:17+12:00	hpsA_r3m_bn_bi_rho0p25_eps0p05_lr1e4_i40000	r3m_bn_bi	LITE_COMPLETE
2026-08-07T11:28:17+12:00	hpsA_r3m_bn_bi_rho0p25_eps0p05_lr1e4_i40000	r3m_bn_bi	LITE_RUNNING
2026-08-07T11:28:26+12:00	hpsA_r3m_bn_bi_rho0p25_eps0p05_lr1e4_i40000	r3m_bn_bi	LITE_COMPLETE
2026-08-07T11:28:26+12:00	hpsA_r3m_bn_bi_rho0p25_eps0p05_lr1e4_i40000	r3m_bn_bi	LITE_RUNNING
2026-08-07T11:28:35+12:00	hpsA_r3m_bn_bi_rho0p25_eps0p05_lr1e4_i40000	r3m_bn_bi	LITE_COMPLETE
2026-08-07T11:28:35+12:00	hpsA_r3m_bn_bi_rho0p25_eps0p05_lr1e4_i40000	r3m_bn_bi	LITE_RUNNING
2026-08-07T11:28:44+12:00	hpsA_r3m_bn_bi_rho0p25_eps0p05_lr1e4_i40000	r3m_bn_bi	LITE_COMPLETE
2026-08-07T11:28:44+12:00	hpsA_r3m_bn_bi_rho0p25_eps0p05_lr1e4_i40000	r3m_bn_bi	LITE_RUNNING
2026-08-07T11:28:53+12:00	hpsA_r3m_bn_bi_rho0p25_eps0p05_lr1e4_i40000	r3m_bn_bi	LITE_COMPLETE
2026-08-07T11:28:53+12:00	hpsA_r3m_bn_bi_rho0p25_eps0p05_lr1e4_i40000	r3m_bn_bi	LITE_RUNNING
2026-08-07T11:29:02+12:00	hpsA_r3m_bn_bi_rho0p25_eps0p05_lr1e4_i40000	r3m_bn_bi	LITE_COMPLETE
2026-08-07T11:29:02+12:00	hpsA_r3m_bn_bi_rho0p25_eps0p05_lr1e4_i40000	r3m_bn_bi	LITE_RUNNING
2026-08-07T11:29:11+12:00	hpsA_r3m_bn_bi_rho0p25_eps0p05_lr1e4_i40000	r3m_bn_bi	LITE_COMPLETE
2026-08-07T11:29:11+12:00	hpsA_r3m_bn_bi_rho0p25_eps0p05_lr1e4_i40000	r3m_bn_bi	LITE_RUNNING
2026-08-07T11:29:20+12:00	hpsA_r3m_bn_bi_rho0p25_eps0p05_lr1e4_i40000	r3m_bn_bi	LITE_COMPLETE
2026-08-07T11:29:20+12:00	hpsA_r3m_bn_bi_rho0p25_eps0p05_lr1e4_i40000	r3m_bn_bi	LITE_RUNNING
2026-08-07T11:29:28+12:00	hpsA_r3m_bn_bi_rho0p25_eps0p05_lr1e4_i40000	r3m_bn_bi	LITE_COMPLETE
2026-08-07T11:29:28+12:00	hpsA_r3m_bn_bi_rho0p25_eps0p05_lr1e4_i40000	r3m_bn_bi	LITE_RUNNING
2026-08-07T11:29:37+12:00	hpsA_r3m_bn_bi_rho0p25_eps0p05_lr1e4_i40000	r3m_bn_bi	LITE_COMPLETE
2026-08-07T11:29:37+12:00	hpsA_r3m_bn_bi_rho0p25_eps0p05_lr1e4_i40000	r3m_bn_bi	LITE_RUNNING
2026-08-07T11:29:46+12:00	hpsA_r3m_bn_bi_rho0p25_eps0p05_lr1e4_i40000	r3m_bn_bi	LITE_COMPLETE
2026-08-07T11:29:46+12:00	hpsA_r3m_bn_bi_rho0p25_eps0p05_lr1e4_i40000	r3m_bn_bi	LITE_RUNNING
2026-08-07T11:29:55+12:00	hpsA_r3m_bn_bi_rho0p25_eps0p05_lr1e4_i40000	r3m_bn_bi	LITE_COMPLETE
2026-08-07T11:29:55+12:00	hpsA_r3m_bn_bi_rho0p25_eps0p05_lr1e4_i40000	r3m_bn_bi	LITE_RUNNING
2026-08-07T11:30:04+12:00	hpsA_r3m_bn_bi_rho0p25_eps0p05_lr1e4_i40000	r3m_bn_bi	LITE_COMPLETE
2026-08-07T11:30:04+12:00	hpsA_r3m_bn_bi_rho0p25_eps0p05_lr1e4_i40000	r3m_bn_bi	LITE_RUNNING
2026-08-07T11:30:13+12:00	hpsA_r3m_bn_bi_rho0p25_eps0p05_lr1e4_i40000	r3m_bn_bi	LITE_COMPLETE
2026-08-07T11:30:13+12:00	hpsA_r3m_bn_bi_rho0p25_eps0p05_lr1e4_i40000	r3m_bn_bi	LITE_RUNNING
2026-08-07T11:30:22+12:00	hpsA_r3m_bn_bi_rho0p25_eps0p05_lr1e4_i40000	r3m_bn_bi	LITE_COMPLETE
2026-08-07T11:30:22+12:00	hpsA_r3m_bn_bi_rho0p25_eps0p05_lr1e4_i40000	r3m_bn_bi	LITE_RUNNING
2026-08-07T11:30:31+12:00	hpsA_r3m_bn_bi_rho0p25_eps0p05_lr1e4_i40000	r3m_bn_bi	LITE_COMPLETE
2026-08-07T11:30:31+12:00	hpsA_r3m_bn_bi_rho0p25_eps0p05_lr1e4_i40000	r3m_bn_bi	LITE_RUNNING
2026-08-07T11:30:40+12:00	hpsA_r3m_bn_bi_rho0p25_eps0p05_lr1e4_i40000	r3m_bn_bi	LITE_COMPLETE
2026-08-07T11:30:40+12:00	hpsA_r3m_bn_bi_rho0p25_eps0p05_lr1e4_i40000	r3m_bn_bi	LITE_RUNNING
2026-08-07T11:30:49+12:00	hpsA_r3m_bn_bi_rho0p25_eps0p05_lr1e4_i40000	r3m_bn_bi	LITE_COMPLETE
2026-08-07T11:30:49+12:00	hpsA_r3m_bn_bi_rho0p25_eps0p05_lr1e4_i40000	r3m_bn_bi	LITE_RUNNING
2026-08-07T11:30:58+12:00	hpsA_r3m_bn_bi_rho0p25_eps0p05_lr1e4_i40000	r3m_bn_bi	LITE_COMPLETE
2026-08-07T11:30:58+12:00	hpsA_r3m_bn_bi_rho0p25_eps0p05_lr1e4_i40000	r3m_bn_bi	LITE_RUNNING
2026-08-07T11:31:07+12:00	hpsA_r3m_bn_bi_rho0p25_eps0p05_lr1e4_i40000	r3m_bn_bi	LITE_COMPLETE
2026-08-07T11:31:07+12:00	hpsA_r3m_bn_bi_rho0p25_eps0p05_lr1e4_i40000	r3m_bn_bi	LITE_RUNNING
2026-08-07T11:31:16+12:00	hpsA_r3m_bn_bi_rho0p25_eps0p05_lr1e4_i40000	r3m_bn_bi	LITE_COMPLETE
2026-08-07T11:31:16+12:00	hpsA_r3m_bn_bi_rho0p25_eps0p05_lr1e4_i40000	r3m_bn_bi	LITE_RUNNING
2026-08-07T11:31:25+12:00	hpsA_r3m_bn_bi_rho0p25_eps0p05_lr1e4_i40000	r3m_bn_bi	LITE_COMPLETE
2026-08-07T11:31:25+12:00	hpsA_r3m_bn_bi_rho0p25_eps0p05_lr1e4_i40000	r3m_bn_bi	LITE_RUNNING
2026-08-07T11:31:33+12:00	hpsA_r3m_bn_bi_rho0p25_eps0p05_lr1e4_i40000	r3m_bn_bi	LITE_COMPLETE
2026-08-07T11:31:33+12:00	hpsA_r3m_bn_bi_rho0p25_eps0p05_lr1e4_i40000	r3m_bn_bi	LITE_RUNNING
2026-08-07T11:31:42+12:00	hpsA_r3m_bn_bi_rho0p25_eps0p05_lr1e4_i40000	r3m_bn_bi	LITE_COMPLETE
2026-08-07T11:31:42+12:00	hpsA_r3m_bn_bi_rho0p25_eps0p05_lr1e4_i40000	r3m_bn_bi	LITE_RUNNING
2026-08-07T11:31:51+12:00	hpsA_r3m_bn_bi_rho0p25_eps0p05_lr1e4_i40000	r3m_bn_bi	LITE_COMPLETE
2026-08-07T11:31:51+12:00	hpsA_r3m_bn_bi_rho0p25_eps0p05_lr1e4_i40000	r3m_bn_bi	LITE_RUNNING
2026-08-07T11:32:00+12:00	hpsA_r3m_bn_bi_rho0p25_eps0p05_lr1e4_i40000	r3m_bn_bi	LITE_COMPLETE
2026-08-07T11:32:00+12:00	hpsA_r3m_bn_bi_rho0p25_eps0p05_lr1e4_i40000	r3m_bn_bi	LITE_RUNNING
2026-08-07T11:32:09+12:00	hpsA_r3m_bn_bi_rho0p25_eps0p05_lr1e4_i40000	r3m_bn_bi	LITE_COMPLETE
2026-08-07T11:32:09+12:00	hpsA_r3m_bn_bi_rho0p25_eps0p05_lr1e4_i40000	r3m_bn_bi	LITE_RUNNING
2026-08-07T11:32:18+12:00	hpsA_r3m_bn_bi_rho0p25_eps0p05_lr1e4_i40000	r3m_bn_bi	LITE_COMPLETE
2026-08-07T11:32:18+12:00	hpsA_r3m_bn_bi_rho0p25_eps0p05_lr1e4_i40000	r3m_bn_bi	LITE_RUNNING
2026-08-07T11:32:27+12:00	hpsA_r3m_bn_bi_rho0p25_eps0p05_lr1e4_i40000	r3m_bn_bi	LITE_COMPLETE
2026-08-07T11:32:27+12:00	hpsA_r3m_bn_bi_rho0p25_eps0p05_lr1e4_i40000	r3m_bn_bi	LITE_RUNNING
2026-08-07T11:32:36+12:00	hpsA_r3m_bn_bi_rho0p25_eps0p05_lr1e4_i40000	r3m_bn_bi	LITE_COMPLETE
2026-08-07T11:32:36+12:00	hpsA_r3m_bn_bi_rho0p25_eps0p05_lr1e4_i40000	r3m_bn_bi	LITE_RUNNING
2026-08-07T11:32:45+12:00	hpsA_r3m_bn_bi_rho0p25_eps0p05_lr1e4_i40000	r3m_bn_bi	LITE_COMPLETE
2026-08-07T11:32:45+12:00	hpsA_r3m_bn_bi_rho0p25_eps0p05_lr1e4_i40000	r3m_bn_bi	LITE_RUNNING
2026-08-07T11:32:54+12:00	hpsA_r3m_bn_bi_rho0p25_eps0p05_lr1e4_i40000	r3m_bn_bi	LITE_COMPLETE
2026-08-07T11:32:54+12:00	hpsA_r3m_bn_bi_rho0p25_eps0p05_lr1e4_i40000	r3m_bn_bi	LITE_RUNNING
2026-08-07T11:33:03+12:00	hpsA_r3m_bn_bi_rho0p25_eps0p05_lr1e4_i40000	r3m_bn_bi	LITE_COMPLETE
2026-08-07T11:33:03+12:00	hpsA_r3m_bn_bi_rho0p25_eps0p05_lr1e4_i40000	r3m_bn_bi	LITE_RUNNING
2026-08-07T11:33:11+12:00	hpsA_r3m_bn_bi_rho0p25_eps0p05_lr1e4_i40000	r3m_bn_bi	LITE_COMPLETE
2026-08-07T11:33:11+12:00	hpsA_r3m_bn_bi_rho0p25_eps0p05_lr1e4_i40000	r3m_bn_bi	LITE_RUNNING
2026-08-07T11:33:20+12:00	hpsA_r3m_bn_bi_rho0p25_eps0p05_lr1e4_i40000	r3m_bn_bi	LITE_COMPLETE
2026-08-07T11:33:20+12:00	hpsA_r3m_bn_bi_rho0p25_eps0p05_lr1e4_i40000	r3m_bn_bi	LITE_RUNNING
2026-08-07T11:33:29+12:00	hpsA_r3m_bn_bi_rho0p25_eps0p05_lr1e4_i40000	r3m_bn_bi	LITE_COMPLETE
2026-08-07T11:33:29+12:00	hpsA_r3m_bn_bi_rho0p25_eps0p05_lr1e4_i40000	r3m_bn_bi	LITE_RUNNING
2026-08-07T11:33:38+12:00	hpsA_r3m_bn_bi_rho0p25_eps0p05_lr1e4_i40000	r3m_bn_bi	LITE_COMPLETE
2026-08-07T11:33:38+12:00	hpsA_r3m_bn_bi_rho0p25_eps0p05_lr1e4_i40000	r3m_bn_bi	LITE_RUNNING
2026-08-07T11:33:47+12:00	hpsA_r3m_bn_bi_rho0p25_eps0p05_lr1e4_i40000	r3m_bn_bi	LITE_COMPLETE
2026-08-07T11:33:47+12:00	hpsA_r3m_bn_bi_rho0p25_eps0p05_lr1e4_i40000	r3m_bn_bi	LITE_RUNNING
2026-08-07T11:33:56+12:00	hpsA_r3m_bn_bi_rho0p25_eps0p05_lr1e4_i40000	r3m_bn_bi	LITE_COMPLETE
2026-08-07T11:33:56+12:00	hpsA_r3m_bn_bi_rho0p25_eps0p05_lr1e4_i40000	r3m_bn_bi	LITE_RUNNING
2026-08-07T11:34:05+12:00	hpsA_r3m_bn_bi_rho0p25_eps0p05_lr1e4_i40000	r3m_bn_bi	LITE_COMPLETE
2026-08-07T11:34:05+12:00	hpsA_r3m_bn_bi_rho0p25_eps0p05_lr1e4_i40000	r3m_bn_bi	LITE_RUNNING
2026-08-07T11:34:14+12:00	hpsA_r3m_bn_bi_rho0p25_eps0p05_lr1e4_i40000	r3m_bn_bi	LITE_COMPLETE
2026-08-07T11:34:14+12:00	hpsA_r3m_bn_bi_rho0p25_eps0p05_lr1e4_i40000	r3m_bn_bi	LITE_RUNNING
2026-08-07T11:34:23+12:00	hpsA_r3m_bn_bi_rho0p25_eps0p05_lr1e4_i40000	r3m_bn_bi	LITE_COMPLETE
2026-08-07T11:34:23+12:00	hpsA_r3m_bn_bi_rho0p25_eps0p05_lr1e4_i40000	r3m_bn_bi	LITE_RUNNING
2026-08-07T11:34:31+12:00	hpsA_r3m_bn_bi_rho0p25_eps0p05_lr1e4_i40000	r3m_bn_bi	LITE_COMPLETE
2026-08-07T11:34:31+12:00	hpsA_r3m_bn_bi_rho0p25_eps0p05_lr1e4_i40000	r3m_bn_bi	LITE_RUNNING
2026-08-07T11:34:40+12:00	hpsA_r3m_bn_bi_rho0p25_eps0p05_lr1e4_i40000	r3m_bn_bi	LITE_COMPLETE
2026-08-07T11:34:40+12:00	hpsA_r3m_bn_bi_rho0p25_eps0p05_lr1e4_i40000	r3m_bn_bi	LITE_RUNNING
2026-08-07T11:34:49+12:00	hpsA_r3m_bn_bi_rho0p25_eps0p05_lr1e4_i40000	r3m_bn_bi	LITE_COMPLETE
2026-08-07T11:34:49+12:00	hpsA_r3m_bn_bi_rho0p25_eps0p05_lr1e4_i40000	r3m_bn_bi	LITE_RUNNING
2026-08-07T11:34:58+12:00	hpsA_r3m_bn_bi_rho0p25_eps0p05_lr1e4_i40000	r3m_bn_bi	LITE_COMPLETE
2026-08-07T11:34:58+12:00	hpsA_r3m_bn_bi_rho0p25_eps0p05_lr1e4_i40000	r3m_bn_bi	LITE_RUNNING
2026-08-07T11:35:07+12:00	hpsA_r3m_bn_bi_rho0p25_eps0p05_lr1e4_i40000	r3m_bn_bi	LITE_COMPLETE
2026-08-07T11:35:07+12:00	hpsA_r3m_bn_bi_rho0p25_eps0p05_lr1e4_i40000	r3m_bn_bi	LITE_RUNNING
2026-08-07T11:35:16+12:00	hpsA_r3m_bn_bi_rho0p25_eps0p05_lr1e4_i40000	r3m_bn_bi	LITE_COMPLETE
2026-08-07T11:35:16+12:00	hpsA_r3m_bn_bi_rho0p25_eps0p05_lr1e4_i40000	r3m_bn_bi	LITE_RUNNING
2026-08-07T11:35:25+12:00	hpsA_r3m_bn_bi_rho0p25_eps0p05_lr1e4_i40000	r3m_bn_bi	LITE_COMPLETE
2026-08-07T11:35:25+12:00	hpsA_r3m_bn_bi_rho0p25_eps0p05_lr1e4_i40000	r3m_bn_bi	LITE_RUNNING
2026-08-07T11:35:34+12:00	hpsA_r3m_bn_bi_rho0p25_eps0p05_lr1e4_i40000	r3m_bn_bi	LITE_COMPLETE
2026-08-07T11:35:34+12:00	hpsA_r3m_bn_bi_rho0p25_eps0p05_lr1e4_i40000	r3m_bn_bi	LITE_RUNNING
2026-08-07T11:35:43+12:00	hpsA_r3m_bn_bi_rho0p25_eps0p05_lr1e4_i40000	r3m_bn_bi	LITE_COMPLETE
2026-08-07T11:35:43+12:00	hpsA_r3m_bn_bi_rho0p25_eps0p05_lr1e4_i40000	r3m_bn_bi	LITE_RUNNING
2026-08-07T11:35:52+12:00	hpsA_r3m_bn_bi_rho0p25_eps0p05_lr1e4_i40000	r3m_bn_bi	LITE_COMPLETE
2026-08-07T11:35:52+12:00	hpsA_r3m_bn_bi_rho0p25_eps0p05_lr1e4_i40000	r3m_bn_bi	LITE_RUNNING
2026-08-07T11:36:01+12:00	hpsA_r3m_bn_bi_rho0p25_eps0p05_lr1e4_i40000	r3m_bn_bi	LITE_COMPLETE
2026-08-07T11:36:01+12:00	hpsA_r3m_bn_bi_rho0p25_eps0p05_lr1e4_i40000	r3m_bn_bi	LITE_RUNNING
2026-08-07T11:36:09+12:00	hpsA_r3m_bn_bi_rho0p25_eps0p05_lr1e4_i40000	r3m_bn_bi	LITE_COMPLETE
2026-08-07T11:36:09+12:00	hpsA_r3m_bn_bi_rho0p25_eps0p05_lr1e4_i40000	r3m_bn_bi	LITE_RUNNING
2026-08-07T11:36:18+12:00	hpsA_r3m_bn_bi_rho0p25_eps0p05_lr1e4_i40000	r3m_bn_bi	LITE_COMPLETE
2026-08-07T11:36:18+12:00	hpsA_r3m_bn_bi_rho0p25_eps0p05_lr1e4_i40000	r3m_bn_bi	LITE_RUNNING
2026-08-07T11:36:27+12:00	hpsA_r3m_bn_bi_rho0p25_eps0p05_lr1e4_i40000	r3m_bn_bi	LITE_COMPLETE
2026-08-07T11:36:27+12:00	hpsA_r3m_bn_bi_rho0p25_eps0p05_lr1e4_i40000	r3m_bn_bi	LITE_RUNNING
2026-08-07T11:36:36+12:00	hpsA_r3m_bn_bi_rho0p25_eps0p05_lr1e4_i40000	r3m_bn_bi	LITE_COMPLETE
2026-08-07T11:36:36+12:00	hpsA_r3m_bn_bi_rho0p25_eps0p05_lr1e4_i40000	r3m_bn_bi	LITE_RUNNING
2026-08-07T11:36:45+12:00	hpsA_r3m_bn_bi_rho0p25_eps0p05_lr1e4_i40000	r3m_bn_bi	LITE_COMPLETE
2026-08-07T11:36:45+12:00	hpsA_r3m_bn_bi_rho0p25_eps0p05_lr1e4_i40000	r3m_bn_bi	LITE_RUNNING
2026-08-07T11:36:54+12:00	hpsA_r3m_bn_bi_rho0p25_eps0p05_lr1e4_i40000	r3m_bn_bi	LITE_COMPLETE
2026-08-07T11:36:54+12:00	hpsA_r3m_bn_bi_rho0p25_eps0p05_lr1e4_i40000	r3m_bn_bi	LITE_RUNNING
2026-08-07T11:37:03+12:00	hpsA_r3m_bn_bi_rho0p25_eps0p05_lr1e4_i40000	r3m_bn_bi	LITE_COMPLETE
2026-08-07T11:37:03+12:00	hpsA_r3m_bn_bi_rho0p25_eps0p05_lr1e4_i40000	r3m_bn_bi	LITE_RUNNING
2026-08-07T11:37:12+12:00	hpsA_r3m_bn_bi_rho0p25_eps0p05_lr1e4_i40000	r3m_bn_bi	LITE_COMPLETE
2026-08-07T11:37:12+12:00	hpsA_r3m_bn_bi_rho0p25_eps0p05_lr1e4_i40000	r3m_bn_bi	LITE_RUNNING
2026-08-07T11:37:21+12:00	hpsA_r3m_bn_bi_rho0p25_eps0p05_lr1e4_i40000	r3m_bn_bi	LITE_COMPLETE
2026-08-07T11:37:21+12:00	hpsA_r3m_bn_bi_rho0p25_eps0p05_lr1e4_i40000	r3m_bn_bi	LITE_RUNNING
2026-08-07T11:37:30+12:00	hpsA_r3m_bn_bi_rho0p25_eps0p05_lr1e4_i40000	r3m_bn_bi	LITE_COMPLETE
2026-08-07T11:37:30+12:00	hpsA_r3m_bn_bi_rho0p25_eps0p05_lr1e4_i40000	r3m_bn_bi	LITE_RUNNING
2026-08-07T11:37:39+12:00	hpsA_r3m_bn_bi_rho0p25_eps0p05_lr1e4_i40000	r3m_bn_bi	LITE_COMPLETE
2026-08-07T11:37:39+12:00	hpsA_r3m_bn_bi_rho0p25_eps0p05_lr1e4_i40000	r3m_bn_bi	LITE_RUNNING
2026-08-07T11:37:48+12:00	hpsA_r3m_bn_bi_rho0p25_eps0p05_lr1e4_i40000	r3m_bn_bi	LITE_COMPLETE
2026-08-07T11:37:48+12:00	hpsA_r3m_bn_bi_rho0p25_eps0p05_lr1e4_i40000	r3m_bn_bi	LITE_RUNNING
2026-08-07T11:37:56+12:00	hpsA_r3m_bn_bi_rho0p25_eps0p05_lr1e4_i40000	r3m_bn_bi	LITE_COMPLETE
2026-08-07T11:37:56+12:00	hpsA_r3m_bn_bi_rho0p25_eps0p05_lr1e4_i40000	r3m_bn_bi	LITE_RUNNING
2026-08-07T11:38:05+12:00	hpsA_r3m_bn_bi_rho0p25_eps0p05_lr1e4_i40000	r3m_bn_bi	LITE_COMPLETE
2026-08-07T11:38:05+12:00	hpsA_r3m_bn_bi_rho0p25_eps0p05_lr1e4_i40000	r3m_bn_bi	LITE_RUNNING
2026-08-07T11:38:14+12:00	hpsA_r3m_bn_bi_rho0p25_eps0p05_lr1e4_i40000	r3m_bn_bi	LITE_COMPLETE
2026-08-07T11:38:14+12:00	hpsA_r3m_bn_bi_rho0p25_eps0p05_lr1e4_i40000	r3m_bn_bi	LITE_RUNNING
2026-08-07T11:38:23+12:00	hpsA_r3m_bn_bi_rho0p25_eps0p05_lr1e4_i40000	r3m_bn_bi	LITE_COMPLETE
2026-08-07T11:38:23+12:00	hpsA_r3m_bn_bi_rho0p25_eps0p05_lr1e4_i40000	r3m_bn_bi	LITE_RUNNING
2026-08-07T11:38:32+12:00	hpsA_r3m_bn_bi_rho0p25_eps0p05_lr1e4_i40000	r3m_bn_bi	LITE_COMPLETE
2026-08-07T11:38:32+12:00	hpsA_r3m_bn_bi_rho0p25_eps0p05_lr1e4_i40000	r3m_bn_bi	LITE_RUNNING
2026-08-07T11:38:41+12:00	hpsA_r3m_bn_bi_rho0p25_eps0p05_lr1e4_i40000	r3m_bn_bi	LITE_COMPLETE
2026-08-07T11:38:41+12:00	hpsA_r3m_bn_bi_rho0p25_eps0p05_lr1e4_i40000	r3m_bn_bi	LITE_RUNNING
2026-08-07T11:38:50+12:00	hpsA_r3m_bn_bi_rho0p25_eps0p05_lr1e4_i40000	r3m_bn_bi	LITE_COMPLETE
2026-08-07T11:38:50+12:00	hpsA_r3m_bn_bi_rho0p25_eps0p05_lr1e4_i40000	r3m_bn_bi	LITE_RUNNING
2026-08-07T11:38:59+12:00	hpsA_r3m_bn_bi_rho0p25_eps0p05_lr1e4_i40000	r3m_bn_bi	LITE_COMPLETE
2026-08-07T11:38:59+12:00	hpsA_r3m_bn_bi_rho0p25_eps0p05_lr1e4_i40000	r3m_bn_bi	LITE_RUNNING
2026-08-07T11:39:08+12:00	hpsA_r3m_bn_bi_rho0p25_eps0p05_lr1e4_i40000	r3m_bn_bi	LITE_COMPLETE
2026-08-07T11:39:08+12:00	hpsA_r3m_bn_bi_rho0p25_eps0p05_lr1e4_i40000	r3m_bn_bi	LITE_RUNNING
2026-08-07T11:39:17+12:00	hpsA_r3m_bn_bi_rho0p25_eps0p05_lr1e4_i40000	r3m_bn_bi	LITE_COMPLETE
2026-08-07T11:39:17+12:00	hpsA_r3m_bn_bi_rho0p25_eps0p05_lr1e4_i40000	r3m_bn_bi	LITE_RUNNING
2026-08-07T11:39:26+12:00	hpsA_r3m_bn_bi_rho0p25_eps0p05_lr1e4_i40000	r3m_bn_bi	LITE_COMPLETE
2026-08-07T11:39:26+12:00	hpsA_r3m_bn_bi_rho0p25_eps0p05_lr1e4_i40000	r3m_bn_bi	LITE_RUNNING
2026-08-07T11:39:34+12:00	hpsA_r3m_bn_bi_rho0p25_eps0p05_lr1e4_i40000	r3m_bn_bi	LITE_COMPLETE
2026-08-07T11:39:34+12:00	hpsA_r3m_bn_bi_rho0p25_eps0p05_lr1e4_i40000	r3m_bn_bi	LITE_RUNNING
2026-08-07T11:39:43+12:00	hpsA_r3m_bn_bi_rho0p25_eps0p05_lr1e4_i40000	r3m_bn_bi	LITE_COMPLETE
2026-08-07T11:39:43+12:00	hpsA_r3m_bn_bi_rho0p25_eps0p05_lr1e4_i40000	r3m_bn_bi	LITE_RUNNING
2026-08-07T11:39:52+12:00	hpsA_r3m_bn_bi_rho0p25_eps0p05_lr1e4_i40000	r3m_bn_bi	LITE_COMPLETE
2026-08-07T11:39:52+12:00	hpsA_r3m_bn_bi_rho0p25_eps0p05_lr1e4_i40000	r3m_bn_bi	LITE_RUNNING
2026-08-07T11:40:01+12:00	hpsA_r3m_bn_bi_rho0p25_eps0p05_lr1e4_i40000	r3m_bn_bi	LITE_COMPLETE
2026-08-07T11:40:01+12:00	hpsA_r3m_bn_bi_rho0p25_eps0p05_lr1e4_i40000	r3m_bn_bi	LITE_RUNNING
2026-08-07T11:40:10+12:00	hpsA_r3m_bn_bi_rho0p25_eps0p05_lr1e4_i40000	r3m_bn_bi	LITE_COMPLETE
2026-08-07T11:40:10+12:00	hpsA_r3m_bn_bi_rho0p25_eps0p05_lr1e4_i40000	r3m_bn_bi	LITE_RUNNING
2026-08-07T11:40:19+12:00	hpsA_r3m_bn_bi_rho0p25_eps0p05_lr1e4_i40000	r3m_bn_bi	LITE_COMPLETE
2026-08-07T11:40:19+12:00	hpsA_r3m_bn_bi_rho0p25_eps0p05_lr1e4_i40000	r3m_bn_bi	LITE_RUNNING
2026-08-07T11:40:28+12:00	hpsA_r3m_bn_bi_rho0p25_eps0p05_lr1e4_i40000	r3m_bn_bi	LITE_COMPLETE
2026-08-07T11:40:28+12:00	hpsA_r3m_bn_bi_rho0p25_eps0p05_lr1e4_i40000	r3m_bn_bi	LITE_RUNNING
2026-08-07T11:40:37+12:00	hpsA_r3m_bn_bi_rho0p25_eps0p05_lr1e4_i40000	r3m_bn_bi	LITE_COMPLETE
2026-08-07T11:40:37+12:00	hpsA_r3m_bn_bi_rho0p25_eps0p05_lr1e4_i40000	r3m_bn_bi	LITE_RUNNING
2026-08-07T11:40:45+12:00	hpsA_r3m_bn_bi_rho0p25_eps0p05_lr1e4_i40000	r3m_bn_bi	LITE_COMPLETE
2026-08-07T11:40:45+12:00	hpsA_r3m_bn_bi_rho0p25_eps0p05_lr1e4_i40000	r3m_bn_bi	LITE_RUNNING
2026-08-07T11:40:54+12:00	hpsA_r3m_bn_bi_rho0p25_eps0p05_lr1e4_i40000	r3m_bn_bi	LITE_COMPLETE
2026-08-07T11:40:54+12:00	hpsA_r3m_bn_bi_rho0p25_eps0p05_lr1e4_i40000	r3m_bn_bi	LITE_RUNNING
2026-08-07T11:41:03+12:00	hpsA_r3m_bn_bi_rho0p25_eps0p05_lr1e4_i40000	r3m_bn_bi	LITE_COMPLETE
2026-08-07T11:41:03+12:00	hpsA_r3m_bn_bi_rho0p25_eps0p05_lr1e4_i40000	r3m_bn_bi	LITE_RUNNING
2026-08-07T11:41:12+12:00	hpsA_r3m_bn_bi_rho0p25_eps0p05_lr1e4_i40000	r3m_bn_bi	LITE_COMPLETE
2026-08-07T11:41:12+12:00	hpsA_r3m_bn_bi_rho0p25_eps0p05_lr1e4_i40000	r3m_bn_bi	LITE_RUNNING
2026-08-07T11:41:21+12:00	hpsA_r3m_bn_bi_rho0p25_eps0p05_lr1e4_i40000	r3m_bn_bi	LITE_COMPLETE
2026-08-07T11:41:21+12:00	hpsA_r3m_bn_bi_rho0p25_eps0p05_lr1e4_i40000	r3m_bn_bi	LITE_RUNNING
2026-08-07T11:41:30+12:00	hpsA_r3m_bn_bi_rho0p25_eps0p05_lr1e4_i40000	r3m_bn_bi	LITE_COMPLETE
2026-08-07T11:41:30+12:00	hpsA_r3m_bn_bi_rho0p25_eps0p05_lr1e4_i40000	r3m_bn_bi	LITE_RUNNING
2026-08-07T11:41:39+12:00	hpsA_r3m_bn_bi_rho0p25_eps0p05_lr1e4_i40000	r3m_bn_bi	LITE_COMPLETE
2026-08-07T11:41:39+12:00	hpsA_r3m_bn_bi_rho0p25_eps0p05_lr1e4_i40000	r3m_bn_bi	LITE_RUNNING
2026-08-07T11:41:48+12:00	hpsA_r3m_bn_bi_rho0p25_eps0p05_lr1e4_i40000	r3m_bn_bi	LITE_COMPLETE
2026-08-07T11:41:48+12:00	hpsA_r3m_bn_bi_rho0p25_eps0p05_lr1e4_i40000	r3m_bn_bi	LITE_RUNNING
2026-08-07T11:41:57+12:00	hpsA_r3m_bn_bi_rho0p25_eps0p05_lr1e4_i40000	r3m_bn_bi	LITE_COMPLETE
2026-08-07T11:41:57+12:00	hpsA_r3m_bn_bi_rho0p25_eps0p05_lr1e4_i40000	r3m_bn_bi	LITE_RUNNING
2026-08-07T11:42:06+12:00	hpsA_r3m_bn_bi_rho0p25_eps0p05_lr1e4_i40000	r3m_bn_bi	LITE_COMPLETE
2026-08-07T11:42:06+12:00	hpsA_r3m_bn_bi_rho0p25_eps0p05_lr1e4_i40000	r3m_bn_bi	LITE_RUNNING
2026-08-07T11:42:15+12:00	hpsA_r3m_bn_bi_rho0p25_eps0p05_lr1e4_i40000	r3m_bn_bi	LITE_COMPLETE
2026-08-07T11:42:15+12:00	hpsA_r3m_bn_bi_rho0p25_eps0p05_lr1e4_i40000	r3m_bn_bi	LITE_RUNNING
2026-08-07T11:42:23+12:00	hpsA_r3m_bn_bi_rho0p25_eps0p05_lr1e4_i40000	r3m_bn_bi	LITE_COMPLETE
2026-08-07T11:42:23+12:00	hpsA_r3m_bn_bi_rho0p25_eps0p05_lr1e4_i40000	r3m_bn_bi	LITE_RUNNING
2026-08-07T11:42:32+12:00	hpsA_r3m_bn_bi_rho0p25_eps0p05_lr1e4_i40000	r3m_bn_bi	LITE_COMPLETE
2026-08-07T11:42:32+12:00	hpsA_r3m_bn_bi_rho0p25_eps0p05_lr1e4_i40000	r3m_bn_bi	LITE_RUNNING
2026-08-07T11:42:41+12:00	hpsA_r3m_bn_bi_rho0p25_eps0p05_lr1e4_i40000	r3m_bn_bi	LITE_COMPLETE
2026-08-07T11:42:41+12:00	hpsA_r3m_bn_bi_rho0p25_eps0p05_lr1e4_i40000	r3m_bn_bi	LITE_RUNNING
2026-08-07T11:42:50+12:00	hpsA_r3m_bn_bi_rho0p25_eps0p05_lr1e4_i40000	r3m_bn_bi	LITE_COMPLETE
2026-08-07T11:42:50+12:00	hpsA_r3m_bn_bi_rho0p25_eps0p05_lr1e4_i40000	r3m_bn_bi	LITE_RUNNING
2026-08-07T11:42:59+12:00	hpsA_r3m_bn_bi_rho0p25_eps0p05_lr1e4_i40000	r3m_bn_bi	LITE_COMPLETE
2026-08-07T11:42:59+12:00	hpsA_r3m_bn_bi_rho0p25_eps0p05_lr1e4_i40000	r3m_bn_bi	LITE_RUNNING
2026-08-07T11:43:08+12:00	hpsA_r3m_bn_bi_rho0p25_eps0p05_lr1e4_i40000	r3m_bn_bi	LITE_COMPLETE
2026-08-07T11:43:08+12:00	hpsA_r3m_bn_bi_rho0p25_eps0p05_lr1e4_i40000	r3m_bn_bi	LITE_RUNNING
2026-08-07T11:43:17+12:00	hpsA_r3m_bn_bi_rho0p25_eps0p05_lr1e4_i40000	r3m_bn_bi	LITE_COMPLETE
2026-08-07T11:43:17+12:00	hpsA_r3m_bn_bi_rho0p25_eps0p05_lr1e4_i40000	r3m_bn_bi	LITE_RUNNING
2026-08-07T11:43:26+12:00	hpsA_r3m_bn_bi_rho0p25_eps0p05_lr1e4_i40000	r3m_bn_bi	LITE_COMPLETE
2026-08-07T11:43:26+12:00	hpsA_r3m_bn_bi_rho0p25_eps0p05_lr1e4_i40000	r3m_bn_bi	LITE_RUNNING
2026-08-07T11:43:34+12:00	hpsA_r3m_bn_bi_rho0p25_eps0p05_lr1e4_i40000	r3m_bn_bi	LITE_COMPLETE
2026-08-07T11:43:34+12:00	hpsA_r3m_bn_bi_rho0p25_eps0p05_lr1e4_i40000	r3m_bn_bi	LITE_RUNNING
2026-08-07T11:43:43+12:00	hpsA_r3m_bn_bi_rho0p25_eps0p05_lr1e4_i40000	r3m_bn_bi	LITE_COMPLETE
2026-08-07T11:43:43+12:00	hpsA_r3m_bn_bi_rho0p25_eps0p05_lr1e4_i40000	r3m_bn_bi	LITE_RUNNING
2026-08-07T11:43:52+12:00	hpsA_r3m_bn_bi_rho0p25_eps0p05_lr1e4_i40000	r3m_bn_bi	LITE_COMPLETE
2026-08-07T11:43:52+12:00	hpsA_r3m_bn_bi_rho0p25_eps0p05_lr1e4_i40000	r3m_bn_bi	LITE_RUNNING
2026-08-07T11:44:01+12:00	hpsA_r3m_bn_bi_rho0p25_eps0p05_lr1e4_i40000	r3m_bn_bi	LITE_COMPLETE
2026-08-07T11:44:01+12:00	hpsA_r3m_bn_bi_rho0p25_eps0p05_lr1e4_i40000	r3m_bn_bi	LITE_RUNNING
2026-08-07T11:44:10+12:00	hpsA_r3m_bn_bi_rho0p25_eps0p05_lr1e4_i40000	r3m_bn_bi	LITE_COMPLETE
2026-08-07T11:44:10+12:00	hpsA_r3m_bn_bi_rho0p25_eps0p05_lr1e4_i40000	r3m_bn_bi	LITE_RUNNING
2026-08-07T11:44:19+12:00	hpsA_r3m_bn_bi_rho0p25_eps0p05_lr1e4_i40000	r3m_bn_bi	LITE_COMPLETE
2026-08-07T11:44:19+12:00	hpsA_r3m_bn_bi_rho0p25_eps0p05_lr1e4_i40000	r3m_bn_bi	LITE_RUNNING
2026-08-07T11:44:28+12:00	hpsA_r3m_bn_bi_rho0p25_eps0p05_lr1e4_i40000	r3m_bn_bi	LITE_COMPLETE
2026-08-07T11:44:28+12:00	hpsA_r3m_bn_bi_rho0p25_eps0p05_lr1e4_i40000	r3m_bn_bi	LITE_RUNNING
2026-08-07T11:44:37+12:00	hpsA_r3m_bn_bi_rho0p25_eps0p05_lr1e4_i40000	r3m_bn_bi	LITE_COMPLETE
2026-08-07T11:44:37+12:00	hpsA_r3m_bn_bi_rho0p25_eps0p05_lr1e4_i40000	r3m_bn_bi	LITE_RUNNING
2026-08-07T11:44:46+12:00	hpsA_r3m_bn_bi_rho0p25_eps0p05_lr1e4_i40000	r3m_bn_bi	LITE_COMPLETE
2026-08-07T11:44:46+12:00	hpsA_r3m_bn_bi_rho0p25_eps0p05_lr1e4_i40000	r3m_bn_bi	LITE_RUNNING
2026-08-07T11:44:55+12:00	hpsA_r3m_bn_bi_rho0p25_eps0p05_lr1e4_i40000	r3m_bn_bi	LITE_COMPLETE
2026-08-07T11:44:55+12:00	hpsA_r3m_bn_bi_rho0p25_eps0p05_lr1e4_i40000	r3m_bn_bi	LITE_RUNNING
2026-08-07T11:45:04+12:00	hpsA_r3m_bn_bi_rho0p25_eps0p05_lr1e4_i40000	r3m_bn_bi	LITE_COMPLETE
2026-08-07T11:45:04+12:00	hpsA_r3m_bn_bi_rho0p25_eps0p05_lr1e4_i40000	r3m_bn_bi	LITE_RUNNING
2026-08-07T11:45:13+12:00	hpsA_r3m_bn_bi_rho0p25_eps0p05_lr1e4_i40000	r3m_bn_bi	LITE_COMPLETE
2026-08-07T11:45:13+12:00	hpsA_r3m_bn_bi_rho0p25_eps0p05_lr1e4_i40000	r3m_bn_bi	LITE_RUNNING
2026-08-07T11:45:21+12:00	hpsA_r3m_bn_bi_rho0p25_eps0p05_lr1e4_i40000	r3m_bn_bi	LITE_COMPLETE
2026-08-07T11:45:21+12:00	hpsA_r3m_bn_bi_rho0p25_eps0p05_lr1e4_i40000	r3m_bn_bi	LITE_RUNNING
2026-08-07T11:45:30+12:00	hpsA_r3m_bn_bi_rho0p25_eps0p05_lr1e4_i40000	r3m_bn_bi	LITE_COMPLETE
2026-08-07T11:45:30+12:00	hpsA_r3m_bn_bi_rho0p25_eps0p05_lr1e4_i40000	r3m_bn_bi	LITE_RUNNING
2026-08-07T11:45:39+12:00	hpsA_r3m_bn_bi_rho0p25_eps0p05_lr1e4_i40000	r3m_bn_bi	LITE_COMPLETE
2026-08-07T11:45:39+12:00	hpsA_r3m_bn_bi_rho0p25_eps0p05_lr1e4_i40000	r3m_bn_bi	LITE_RUNNING
2026-08-07T11:45:48+12:00	hpsA_r3m_bn_bi_rho0p25_eps0p05_lr1e4_i40000	r3m_bn_bi	LITE_COMPLETE
2026-08-07T11:45:48+12:00	hpsA_r3m_bn_bi_rho0p25_eps0p05_lr1e4_i40000	r3m_bn_bi	LITE_RUNNING
2026-08-07T11:45:57+12:00	hpsA_r3m_bn_bi_rho0p25_eps0p05_lr1e4_i40000	r3m_bn_bi	LITE_COMPLETE
2026-08-07T11:45:57+12:00	hpsA_r3m_bn_bi_rho0p25_eps0p05_lr1e4_i40000	r3m_bn_bi	LITE_RUNNING
2026-08-07T11:46:06+12:00	hpsA_r3m_bn_bi_rho0p25_eps0p05_lr1e4_i40000	r3m_bn_bi	LITE_COMPLETE
2026-08-07T11:46:06+12:00	hpsA_r3m_bn_bi_rho0p25_eps0p05_lr1e4_i40000	r3m_bn_bi	LITE_RUNNING
2026-08-07T11:46:15+12:00	hpsA_r3m_bn_bi_rho0p25_eps0p05_lr1e4_i40000	r3m_bn_bi	LITE_COMPLETE
2026-08-07T11:46:15+12:00	hpsA_r3m_bn_bi_rho0p25_eps0p05_lr1e4_i40000	r3m_bn_bi	LITE_RUNNING
2026-08-07T11:46:24+12:00	hpsA_r3m_bn_bi_rho0p25_eps0p05_lr1e4_i40000	r3m_bn_bi	LITE_COMPLETE
2026-08-07T11:46:24+12:00	hpsA_r3m_bn_bi_rho0p25_eps0p05_lr1e4_i40000	r3m_bn_bi	LITE_RUNNING
2026-08-07T11:46:33+12:00	hpsA_r3m_bn_bi_rho0p25_eps0p05_lr1e4_i40000	r3m_bn_bi	LITE_COMPLETE
2026-08-07T11:46:33+12:00	hpsA_r3m_bn_bi_rho0p25_eps0p05_lr1e4_i40000	r3m_bn_bi	LITE_RUNNING
2026-08-07T11:46:42+12:00	hpsA_r3m_bn_bi_rho0p25_eps0p05_lr1e4_i40000	r3m_bn_bi	LITE_COMPLETE
2026-08-07T11:46:42+12:00	hpsA_r3m_bn_bi_rho0p25_eps0p05_lr1e4_i40000	r3m_bn_bi	LITE_RUNNING
2026-08-07T11:46:51+12:00	hpsA_r3m_bn_bi_rho0p25_eps0p05_lr1e4_i40000	r3m_bn_bi	LITE_COMPLETE
2026-08-07T11:46:51+12:00	hpsA_r3m_bn_bi_rho0p25_eps0p05_lr1e4_i40000	r3m_bn_bi	LITE_RUNNING
2026-08-07T11:46:59+12:00	hpsA_r3m_bn_bi_rho0p25_eps0p05_lr1e4_i40000	r3m_bn_bi	LITE_COMPLETE
2026-08-07T11:46:59+12:00	hpsA_r3m_bn_bi_rho0p25_eps0p05_lr1e4_i40000	r3m_bn_bi	LITE_RUNNING
2026-08-07T11:47:08+12:00	hpsA_r3m_bn_bi_rho0p25_eps0p05_lr1e4_i40000	r3m_bn_bi	LITE_COMPLETE
2026-08-07T11:47:08+12:00	hpsA_r3m_bn_bi_rho0p25_eps0p05_lr1e4_i40000	r3m_bn_bi	LITE_RUNNING
2026-08-07T11:47:17+12:00	hpsA_r3m_bn_bi_rho0p25_eps0p05_lr1e4_i40000	r3m_bn_bi	LITE_COMPLETE
2026-08-07T11:47:17+12:00	hpsA_r3m_bn_bi_rho0p25_eps0p05_lr1e4_i40000	r3m_bn_bi	LITE_RUNNING
2026-08-07T11:47:26+12:00	hpsA_r3m_bn_bi_rho0p25_eps0p05_lr1e4_i40000	r3m_bn_bi	LITE_COMPLETE
2026-08-07T11:47:26+12:00	hpsA_r3m_bn_bi_rho0p25_eps0p05_lr1e4_i40000	r3m_bn_bi	LITE_RUNNING
2026-08-07T11:47:35+12:00	hpsA_r3m_bn_bi_rho0p25_eps0p05_lr1e4_i40000	r3m_bn_bi	LITE_COMPLETE
2026-08-07T11:47:35+12:00	hpsA_r3m_bn_bi_rho0p25_eps0p05_lr1e4_i40000	r3m_bn_bi	LITE_RUNNING
2026-08-07T11:47:44+12:00	hpsA_r3m_bn_bi_rho0p25_eps0p05_lr1e4_i40000	r3m_bn_bi	LITE_COMPLETE
2026-08-07T11:47:44+12:00	hpsA_r3m_bn_bi_rho0p25_eps0p05_lr1e4_i40000	r3m_bn_bi	LITE_RUNNING
2026-08-07T11:47:53+12:00	hpsA_r3m_bn_bi_rho0p25_eps0p05_lr1e4_i40000	r3m_bn_bi	LITE_COMPLETE
2026-08-07T11:47:53+12:00	hpsA_r3m_bn_bi_rho0p25_eps0p05_lr1e4_i40000	r3m_bn_bi	LITE_RUNNING
2026-08-07T11:48:02+12:00	hpsA_r3m_bn_bi_rho0p25_eps0p05_lr1e4_i40000	r3m_bn_bi	LITE_COMPLETE
2026-08-07T11:48:02+12:00	hpsA_r3m_bn_bi_rho0p25_eps0p05_lr1e4_i40000	r3m_bn_bi	LITE_RUNNING
2026-08-07T11:48:11+12:00	hpsA_r3m_bn_bi_rho0p25_eps0p05_lr1e4_i40000	r3m_bn_bi	LITE_COMPLETE
2026-08-07T11:48:11+12:00	hpsA_r3m_bn_bi_rho0p25_eps0p05_lr1e4_i40000	r3m_bn_bi	LITE_RUNNING
2026-08-07T11:48:19+12:00	hpsA_r3m_bn_bi_rho0p25_eps0p05_lr1e4_i40000	r3m_bn_bi	LITE_COMPLETE
2026-08-07T11:48:19+12:00	hpsA_r3m_bn_bi_rho0p25_eps0p05_lr1e4_i40000	r3m_bn_bi	LITE_RUNNING
2026-08-07T11:48:28+12:00	hpsA_r3m_bn_bi_rho0p25_eps0p05_lr1e4_i40000	r3m_bn_bi	LITE_COMPLETE
2026-08-07T11:48:28+12:00	hpsA_r3m_bn_bi_rho0p25_eps0p05_lr1e4_i40000	r3m_bn_bi	LITE_RUNNING
2026-08-07T11:48:37+12:00	hpsA_r3m_bn_bi_rho0p25_eps0p05_lr1e4_i40000	r3m_bn_bi	LITE_COMPLETE
2026-08-07T11:48:37+12:00	hpsA_r3m_bn_bi_rho0p25_eps0p05_lr1e4_i40000	r3m_bn_bi	LITE_RUNNING
2026-08-07T11:48:46+12:00	hpsA_r3m_bn_bi_rho0p25_eps0p05_lr1e4_i40000	r3m_bn_bi	LITE_COMPLETE
2026-08-07T11:48:46+12:00	hpsA_r3m_bn_bi_rho0p25_eps0p05_lr1e4_i40000	r3m_bn_bi	LITE_RUNNING
2026-08-07T11:48:55+12:00	hpsA_r3m_bn_bi_rho0p25_eps0p05_lr1e4_i40000	r3m_bn_bi	LITE_COMPLETE
2026-08-07T11:48:55+12:00	hpsA_r3m_bn_bi_rho0p25_eps0p05_lr1e4_i40000	r3m_bn_bi	LITE_RUNNING
2026-08-07T11:49:04+12:00	hpsA_r3m_bn_bi_rho0p25_eps0p05_lr1e4_i40000	r3m_bn_bi	LITE_COMPLETE
2026-08-07T11:49:04+12:00	hpsA_r3m_bn_bi_rho0p25_eps0p05_lr1e4_i40000	r3m_bn_bi	LITE_RUNNING
2026-08-07T11:49:13+12:00	hpsA_r3m_bn_bi_rho0p25_eps0p05_lr1e4_i40000	r3m_bn_bi	LITE_COMPLETE
2026-08-07T11:49:13+12:00	hpsA_r3m_bn_bi_rho0p25_eps0p05_lr1e4_i40000	r3m_bn_bi	LITE_RUNNING
2026-08-07T11:49:22+12:00	hpsA_r3m_bn_bi_rho0p25_eps0p05_lr1e4_i40000	r3m_bn_bi	LITE_COMPLETE
2026-08-07T11:49:22+12:00	hpsA_r3m_bn_bi_rho0p25_eps0p05_lr1e4_i40000	r3m_bn_bi	LITE_RUNNING
2026-08-07T11:49:31+12:00	hpsA_r3m_bn_bi_rho0p25_eps0p05_lr1e4_i40000	r3m_bn_bi	LITE_COMPLETE
2026-08-07T11:49:31+12:00	hpsA_r3m_bn_bi_rho0p25_eps0p05_lr1e4_i40000	r3m_bn_bi	LITE_RUNNING
2026-08-07T11:49:40+12:00	hpsA_r3m_bn_bi_rho0p25_eps0p05_lr1e4_i40000	r3m_bn_bi	LITE_COMPLETE
2026-08-07T11:49:40+12:00	hpsA_r3m_bn_bi_rho0p25_eps0p05_lr1e4_i40000	r3m_bn_bi	LITE_RUNNING
2026-08-07T11:49:49+12:00	hpsA_r3m_bn_bi_rho0p25_eps0p05_lr1e4_i40000	r3m_bn_bi	LITE_COMPLETE
2026-08-07T11:49:49+12:00	hpsA_r3m_bn_bi_rho0p25_eps0p05_lr1e4_i40000	r3m_bn_bi	LITE_RUNNING
2026-08-07T11:49:57+12:00	hpsA_r3m_bn_bi_rho0p25_eps0p05_lr1e4_i40000	r3m_bn_bi	LITE_COMPLETE
2026-08-07T11:49:57+12:00	hpsA_r3m_bn_bi_rho0p25_eps0p05_lr1e4_i40000	r3m_bn_bi	LITE_RUNNING
2026-08-07T11:50:06+12:00	hpsA_r3m_bn_bi_rho0p25_eps0p05_lr1e4_i40000	r3m_bn_bi	LITE_COMPLETE
2026-08-07T11:50:06+12:00	hpsA_r3m_bn_bi_rho0p25_eps0p05_lr1e4_i40000	r3m_bn_bi	LITE_RUNNING
2026-08-07T11:50:15+12:00	hpsA_r3m_bn_bi_rho0p25_eps0p05_lr1e4_i40000	r3m_bn_bi	LITE_COMPLETE
2026-08-07T11:50:15+12:00	hpsA_r3m_bn_bi_rho0p25_eps0p05_lr1e4_i40000	r3m_bn_bi	LITE_RUNNING
2026-08-07T11:50:24+12:00	hpsA_r3m_bn_bi_rho0p25_eps0p05_lr1e4_i40000	r3m_bn_bi	LITE_COMPLETE
2026-08-07T11:50:24+12:00	hpsA_r3m_bn_bi_rho0p25_eps0p05_lr1e4_i40000	r3m_bn_bi	LITE_RUNNING
2026-08-07T11:50:33+12:00	hpsA_r3m_bn_bi_rho0p25_eps0p05_lr1e4_i40000	r3m_bn_bi	LITE_COMPLETE
2026-08-07T11:50:33+12:00	hpsA_r3m_bn_bi_rho0p25_eps0p05_lr1e4_i40000	r3m_bn_bi	LITE_RUNNING
2026-08-07T11:50:42+12:00	hpsA_r3m_bn_bi_rho0p25_eps0p05_lr1e4_i40000	r3m_bn_bi	LITE_COMPLETE
2026-08-07T11:50:42+12:00	hpsA_r3m_bn_bi_rho0p25_eps0p05_lr1e4_i40000	r3m_bn_bi	LITE_RUNNING
2026-08-07T11:50:51+12:00	hpsA_r3m_bn_bi_rho0p25_eps0p05_lr1e4_i40000	r3m_bn_bi	LITE_COMPLETE
2026-08-07T11:50:51+12:00	hpsA_r3m_bn_bi_rho0p25_eps0p05_lr1e4_i40000	r3m_bn_bi	LITE_RUNNING
2026-08-07T11:51:00+12:00	hpsA_r3m_bn_bi_rho0p25_eps0p05_lr1e4_i40000	r3m_bn_bi	LITE_COMPLETE
2026-08-07T11:51:00+12:00	hpsA_r3m_bn_bi_rho0p25_eps0p05_lr1e4_i40000	r3m_bn_bi	LITE_RUNNING
2026-08-07T11:51:09+12:00	hpsA_r3m_bn_bi_rho0p25_eps0p05_lr1e4_i40000	r3m_bn_bi	LITE_COMPLETE
2026-08-07T11:51:09+12:00	hpsA_r3m_bn_bi_rho0p25_eps0p05_lr1e4_i40000	r3m_bn_bi	LITE_RUNNING
2026-08-07T11:51:18+12:00	hpsA_r3m_bn_bi_rho0p25_eps0p05_lr1e4_i40000	r3m_bn_bi	LITE_COMPLETE
2026-08-07T11:51:18+12:00	hpsA_r3m_bn_bi_rho0p25_eps0p05_lr1e4_i40000	r3m_bn_bi	LITE_RUNNING
2026-08-07T11:51:26+12:00	hpsA_r3m_bn_bi_rho0p25_eps0p05_lr1e4_i40000	r3m_bn_bi	LITE_COMPLETE
2026-08-07T11:51:26+12:00	hpsA_r3m_bn_bi_rho0p25_eps0p05_lr1e4_i40000	r3m_bn_bi	LITE_RUNNING
2026-08-07T11:51:35+12:00	hpsA_r3m_bn_bi_rho0p25_eps0p05_lr1e4_i40000	r3m_bn_bi	LITE_COMPLETE
2026-08-07T11:51:35+12:00	hpsA_r3m_bn_bi_rho0p25_eps0p05_lr1e4_i40000	r3m_bn_bi	LITE_RUNNING
2026-08-07T11:51:44+12:00	hpsA_r3m_bn_bi_rho0p25_eps0p05_lr1e4_i40000	r3m_bn_bi	LITE_COMPLETE
2026-08-07T11:51:44+12:00	hpsA_r3m_bn_bi_rho0p25_eps0p05_lr1e4_i40000	r3m_bn_bi	LITE_RUNNING
2026-08-07T11:51:53+12:00	hpsA_r3m_bn_bi_rho0p25_eps0p05_lr1e4_i40000	r3m_bn_bi	LITE_COMPLETE
2026-08-07T11:51:53+12:00	hpsA_r3m_bn_bi_rho0p25_eps0p05_lr1e4_i40000	r3m_bn_bi	LITE_RUNNING
2026-08-07T11:52:02+12:00	hpsA_r3m_bn_bi_rho0p25_eps0p05_lr1e4_i40000	r3m_bn_bi	LITE_COMPLETE
2026-08-07T11:52:02+12:00	hpsA_r3m_bn_bi_rho0p25_eps0p05_lr1e4_i40000	r3m_bn_bi	LITE_RUNNING
2026-08-07T11:52:11+12:00	hpsA_r3m_bn_bi_rho0p25_eps0p05_lr1e4_i40000	r3m_bn_bi	LITE_COMPLETE
2026-08-07T11:52:11+12:00	hpsA_r3m_bn_bi_rho0p25_eps0p05_lr1e4_i40000	r3m_bn_bi	LITE_RUNNING
2026-08-07T11:52:20+12:00	hpsA_r3m_bn_bi_rho0p25_eps0p05_lr1e4_i40000	r3m_bn_bi	LITE_COMPLETE
2026-08-07T11:52:20+12:00	hpsA_r3m_bn_bi_rho0p25_eps0p05_lr1e4_i40000	r3m_bn_bi	LITE_RUNNING
2026-08-07T11:52:29+12:00	hpsA_r3m_bn_bi_rho0p25_eps0p05_lr1e4_i40000	r3m_bn_bi	LITE_COMPLETE
2026-08-07T11:52:29+12:00	hpsA_r3m_bn_bi_rho0p25_eps0p05_lr1e4_i40000	r3m_bn_bi	LITE_RUNNING
2026-08-07T11:52:38+12:00	hpsA_r3m_bn_bi_rho0p25_eps0p05_lr1e4_i40000	r3m_bn_bi	LITE_COMPLETE
2026-08-07T11:52:38+12:00	hpsA_r3m_bn_bi_rho0p25_eps0p05_lr1e4_i40000	r3m_bn_bi	LITE_RUNNING
2026-08-07T11:52:46+12:00	hpsA_r3m_bn_bi_rho0p25_eps0p05_lr1e4_i40000	r3m_bn_bi	LITE_COMPLETE
2026-08-07T11:52:46+12:00	hpsA_r3m_bn_bi_rho0p25_eps0p05_lr1e4_i40000	r3m_bn_bi	LITE_RUNNING
2026-08-07T11:52:55+12:00	hpsA_r3m_bn_bi_rho0p25_eps0p05_lr1e4_i40000	r3m_bn_bi	LITE_COMPLETE
2026-08-07T11:52:55+12:00	hpsA_r3m_bn_bi_rho0p25_eps0p05_lr1e4_i40000	r3m_bn_bi	LITE_RUNNING
2026-08-07T11:53:04+12:00	hpsA_r3m_bn_bi_rho0p25_eps0p05_lr1e4_i40000	r3m_bn_bi	LITE_COMPLETE
2026-08-07T11:53:04+12:00	hpsA_r3m_bn_bi_rho0p25_eps0p05_lr1e4_i40000	r3m_bn_bi	LITE_RUNNING
2026-08-07T11:53:13+12:00	hpsA_r3m_bn_bi_rho0p25_eps0p05_lr1e4_i40000	r3m_bn_bi	LITE_COMPLETE
2026-08-07T11:53:13+12:00	hpsA_r3m_bn_bi_rho0p25_eps0p05_lr1e4_i40000	r3m_bn_bi	LITE_RUNNING
2026-08-07T11:53:22+12:00	hpsA_r3m_bn_bi_rho0p25_eps0p05_lr1e4_i40000	r3m_bn_bi	LITE_COMPLETE
2026-08-07T11:53:22+12:00	hpsA_r3m_bn_bi_rho0p25_eps0p05_lr1e4_i40000	r3m_bn_bi	LITE_RUNNING
2026-08-07T11:53:31+12:00	hpsA_r3m_bn_bi_rho0p25_eps0p05_lr1e4_i40000	r3m_bn_bi	LITE_COMPLETE
2026-08-07T11:53:31+12:00	hpsA_r3m_bn_bi_rho0p25_eps0p05_lr1e4_i40000	r3m_bn_bi	LITE_RUNNING
2026-08-07T11:53:40+12:00	hpsA_r3m_bn_bi_rho0p25_eps0p05_lr1e4_i40000	r3m_bn_bi	LITE_COMPLETE
2026-08-07T11:53:40+12:00	hpsA_r3m_bn_bi_rho0p25_eps0p05_lr1e4_i40000	r3m_bn_bi	LITE_RUNNING
2026-08-07T11:53:49+12:00	hpsA_r3m_bn_bi_rho0p25_eps0p05_lr1e4_i40000	r3m_bn_bi	LITE_COMPLETE
2026-08-07T11:53:49+12:00	hpsA_r3m_bn_bi_rho0p25_eps0p05_lr1e4_i40000	r3m_bn_bi	LITE_RUNNING
2026-08-07T11:53:58+12:00	hpsA_r3m_bn_bi_rho0p25_eps0p05_lr1e4_i40000	r3m_bn_bi	LITE_COMPLETE
2026-08-07T11:53:58+12:00	hpsA_r3m_bn_bi_rho0p25_eps0p05_lr1e4_i40000	r3m_bn_bi	LITE_RUNNING
2026-08-07T11:54:07+12:00	hpsA_r3m_bn_bi_rho0p25_eps0p05_lr1e4_i40000	r3m_bn_bi	LITE_COMPLETE
2026-08-07T11:54:07+12:00	hpsA_r3m_bn_bi_rho0p25_eps0p05_lr1e4_i40000	r3m_bn_bi	LITE_RUNNING
2026-08-07T11:54:16+12:00	hpsA_r3m_bn_bi_rho0p25_eps0p05_lr1e4_i40000	r3m_bn_bi	LITE_COMPLETE
2026-08-07T11:54:16+12:00	hpsA_r3m_bn_bi_rho0p25_eps0p05_lr1e4_i40000	r3m_bn_bi	LITE_RUNNING
2026-08-07T11:54:25+12:00	hpsA_r3m_bn_bi_rho0p25_eps0p05_lr1e4_i40000	r3m_bn_bi	LITE_COMPLETE
2026-08-07T11:54:25+12:00	hpsA_r3m_bn_bi_rho0p25_eps0p05_lr1e4_i40000	r3m_bn_bi	LITE_RUNNING
2026-08-07T11:54:34+12:00	hpsA_r3m_bn_bi_rho0p25_eps0p05_lr1e4_i40000	r3m_bn_bi	LITE_COMPLETE
2026-08-07T11:54:34+12:00	hpsA_r3m_bn_bi_rho0p25_eps0p05_lr1e4_i40000	r3m_bn_bi	LITE_RUNNING
2026-08-07T11:54:43+12:00	hpsA_r3m_bn_bi_rho0p25_eps0p05_lr1e4_i40000	r3m_bn_bi	LITE_COMPLETE
2026-08-07T11:54:43+12:00	hpsA_r3m_bn_bi_rho0p25_eps0p05_lr1e4_i40000	r3m_bn_bi	LITE_RUNNING
2026-08-07T11:54:52+12:00	hpsA_r3m_bn_bi_rho0p25_eps0p05_lr1e4_i40000	r3m_bn_bi	LITE_COMPLETE
2026-08-07T11:54:52+12:00	hpsA_r3m_bn_bi_rho0p25_eps0p05_lr1e4_i40000	r3m_bn_bi	LITE_RUNNING
2026-08-07T11:55:00+12:00	hpsA_r3m_bn_bi_rho0p25_eps0p05_lr1e4_i40000	r3m_bn_bi	LITE_COMPLETE
2026-08-07T11:55:00+12:00	hpsA_r3m_bn_bi_rho0p25_eps0p05_lr1e4_i40000	r3m_bn_bi	LITE_RUNNING
2026-08-07T11:55:09+12:00	hpsA_r3m_bn_bi_rho0p25_eps0p05_lr1e4_i40000	r3m_bn_bi	LITE_COMPLETE
2026-08-07T11:55:09+12:00	hpsA_r3m_bn_bi_rho0p25_eps0p05_lr1e4_i40000	r3m_bn_bi	LITE_RUNNING
2026-08-07T11:55:18+12:00	hpsA_r3m_bn_bi_rho0p25_eps0p05_lr1e4_i40000	r3m_bn_bi	LITE_COMPLETE
2026-08-07T11:55:18+12:00	hpsA_r3m_bn_bi_rho0p25_eps0p05_lr1e4_i40000	r3m_bn_bi	LITE_RUNNING
2026-08-07T11:55:27+12:00	hpsA_r3m_bn_bi_rho0p25_eps0p05_lr1e4_i40000	r3m_bn_bi	LITE_COMPLETE
2026-08-07T11:55:27+12:00	hpsA_r3m_bn_bi_rho0p25_eps0p05_lr1e4_i40000	r3m_bn_bi	LITE_RUNNING
2026-08-07T11:55:36+12:00	hpsA_r3m_bn_bi_rho0p25_eps0p05_lr1e4_i40000	r3m_bn_bi	LITE_COMPLETE
2026-08-07T11:55:36+12:00	hpsA_r3m_bn_bi_rho0p25_eps0p05_lr1e4_i40000	r3m_bn_bi	LITE_RUNNING
2026-08-07T11:55:45+12:00	hpsA_r3m_bn_bi_rho0p25_eps0p05_lr1e4_i40000	r3m_bn_bi	LITE_COMPLETE
2026-08-07T11:55:45+12:00	hpsA_r3m_bn_bi_rho0p25_eps0p05_lr1e4_i40000	r3m_bn_bi	LITE_RUNNING
2026-08-07T11:55:54+12:00	hpsA_r3m_bn_bi_rho0p25_eps0p05_lr1e4_i40000	r3m_bn_bi	LITE_COMPLETE
2026-08-07T11:55:54+12:00	hpsA_r3m_bn_bi_rho0p25_eps0p05_lr1e4_i40000	r3m_bn_bi	LITE_RUNNING
2026-08-07T11:56:03+12:00	hpsA_r3m_bn_bi_rho0p25_eps0p05_lr1e4_i40000	r3m_bn_bi	LITE_COMPLETE
2026-08-07T11:56:03+12:00	hpsA_r3m_bn_bi_rho0p25_eps0p05_lr1e4_i40000	r3m_bn_bi	LITE_RUNNING
2026-08-07T11:56:12+12:00	hpsA_r3m_bn_bi_rho0p25_eps0p05_lr1e4_i40000	r3m_bn_bi	LITE_COMPLETE
2026-08-07T11:56:12+12:00	hpsA_r3m_bn_bi_rho0p25_eps0p05_lr1e4_i40000	r3m_bn_bi	LITE_RUNNING
2026-08-07T11:56:21+12:00	hpsA_r3m_bn_bi_rho0p25_eps0p05_lr1e4_i40000	r3m_bn_bi	LITE_COMPLETE
2026-08-07T11:56:21+12:00	hpsA_r3m_bn_bi_rho0p25_eps0p05_lr1e4_i40000	r3m_bn_bi	LITE_RUNNING
2026-08-07T11:56:30+12:00	hpsA_r3m_bn_bi_rho0p25_eps0p05_lr1e4_i40000	r3m_bn_bi	LITE_COMPLETE
2026-08-07T11:56:30+12:00	hpsA_r3m_bn_bi_rho0p25_eps0p05_lr1e4_i40000	r3m_bn_bi	LITE_RUNNING
2026-08-07T11:56:39+12:00	hpsA_r3m_bn_bi_rho0p25_eps0p05_lr1e4_i40000	r3m_bn_bi	LITE_COMPLETE
2026-08-07T11:56:39+12:00	hpsA_r3m_bn_bi_rho0p25_eps0p05_lr1e4_i40000	r3m_bn_bi	LITE_RUNNING
2026-08-07T11:56:47+12:00	hpsA_r3m_bn_bi_rho0p25_eps0p05_lr1e4_i40000	r3m_bn_bi	LITE_COMPLETE
2026-08-07T11:56:47+12:00	hpsA_r3m_bn_bi_rho0p25_eps0p05_lr1e4_i40000	r3m_bn_bi	LITE_RUNNING
2026-08-07T11:56:56+12:00	hpsA_r3m_bn_bi_rho0p25_eps0p05_lr1e4_i40000	r3m_bn_bi	LITE_COMPLETE
2026-08-07T11:56:56+12:00	hpsA_r3m_bn_bi_rho0p25_eps0p05_lr1e4_i40000	r3m_bn_bi	LITE_RUNNING
2026-08-07T11:57:05+12:00	hpsA_r3m_bn_bi_rho0p25_eps0p05_lr1e4_i40000	r3m_bn_bi	LITE_COMPLETE
2026-08-07T11:57:05+12:00	hpsA_r3m_bn_bi_rho0p25_eps0p05_lr1e4_i40000	r3m_bn_bi	LITE_RUNNING
2026-08-07T11:57:14+12:00	hpsA_r3m_bn_bi_rho0p25_eps0p05_lr1e4_i40000	r3m_bn_bi	LITE_COMPLETE
2026-08-07T11:57:14+12:00	hpsA_r3m_bn_bi_rho0p25_eps0p05_lr1e4_i40000	r3m_bn_bi	LITE_RUNNING
2026-08-07T11:57:23+12:00	hpsA_r3m_bn_bi_rho0p25_eps0p05_lr1e4_i40000	r3m_bn_bi	LITE_COMPLETE
2026-08-07T11:57:23+12:00	hpsA_r3m_bn_bi_rho0p25_eps0p05_lr1e4_i40000	r3m_bn_bi	LITE_RUNNING
2026-08-07T11:57:32+12:00	hpsA_r3m_bn_bi_rho0p25_eps0p05_lr1e4_i40000	r3m_bn_bi	LITE_COMPLETE
2026-08-07T11:57:32+12:00	hpsA_r3m_bn_bi_rho0p25_eps0p05_lr1e4_i40000	r3m_bn_bi	LITE_RUNNING
2026-08-07T11:57:41+12:00	hpsA_r3m_bn_bi_rho0p25_eps0p05_lr1e4_i40000	r3m_bn_bi	LITE_COMPLETE
2026-08-07T11:57:41+12:00	hpsA_r3m_bn_bi_rho0p25_eps0p05_lr1e4_i40000	r3m_bn_bi	LITE_RUNNING
2026-08-07T11:57:50+12:00	hpsA_r3m_bn_bi_rho0p25_eps0p05_lr1e4_i40000	r3m_bn_bi	LITE_COMPLETE
2026-08-07T11:57:50+12:00	hpsA_r3m_bn_bi_rho0p25_eps0p05_lr1e4_i40000	r3m_bn_bi	LITE_RUNNING
2026-08-07T11:57:59+12:00	hpsA_r3m_bn_bi_rho0p25_eps0p05_lr1e4_i40000	r3m_bn_bi	LITE_COMPLETE
2026-08-07T11:57:59+12:00	hpsA_r3m_bn_bi_rho0p25_eps0p05_lr1e4_i40000	r3m_bn_bi	LITE_RUNNING
2026-08-07T11:58:08+12:00	hpsA_r3m_bn_bi_rho0p25_eps0p05_lr1e4_i40000	r3m_bn_bi	LITE_COMPLETE
2026-08-07T11:58:08+12:00	hpsA_r3m_bn_bi_rho0p25_eps0p05_lr1e4_i40000	r3m_bn_bi	LITE_RUNNING
2026-08-07T11:58:16+12:00	hpsA_r3m_bn_bi_rho0p25_eps0p05_lr1e4_i40000	r3m_bn_bi	LITE_COMPLETE
2026-08-07T11:58:16+12:00	hpsA_r3m_bn_bi_rho0p25_eps0p05_lr1e4_i40000	r3m_bn_bi	LITE_RUNNING
2026-08-07T11:58:25+12:00	hpsA_r3m_bn_bi_rho0p25_eps0p05_lr1e4_i40000	r3m_bn_bi	LITE_COMPLETE
2026-08-07T11:58:25+12:00	hpsA_r3m_bn_bi_rho0p25_eps0p05_lr1e4_i40000	r3m_bn_bi	LITE_RUNNING
2026-08-07T11:58:34+12:00	hpsA_r3m_bn_bi_rho0p25_eps0p05_lr1e4_i40000	r3m_bn_bi	LITE_COMPLETE
2026-08-07T11:58:34+12:00	hpsA_r3m_bn_bi_rho0p25_eps0p05_lr1e4_i40000	r3m_bn_bi	LITE_RUNNING
2026-08-07T11:58:43+12:00	hpsA_r3m_bn_bi_rho0p25_eps0p05_lr1e4_i40000	r3m_bn_bi	LITE_COMPLETE
2026-08-07T11:58:43+12:00	hpsA_r3m_bn_bi_rho0p25_eps0p05_lr1e4_i40000	r3m_bn_bi	LITE_RUNNING
2026-08-07T11:58:52+12:00	hpsA_r3m_bn_bi_rho0p25_eps0p05_lr1e4_i40000	r3m_bn_bi	LITE_COMPLETE
2026-08-07T11:58:52+12:00	hpsA_r3m_bn_bi_rho0p25_eps0p05_lr1e4_i40000	r3m_bn_bi	LITE_RUNNING
2026-08-07T11:59:01+12:00	hpsA_r3m_bn_bi_rho0p25_eps0p05_lr1e4_i40000	r3m_bn_bi	LITE_COMPLETE
2026-08-07T11:59:01+12:00	hpsA_r3m_bn_bi_rho0p25_eps0p05_lr1e4_i40000	r3m_bn_bi	LITE_RUNNING
2026-08-07T11:59:10+12:00	hpsA_r3m_bn_bi_rho0p25_eps0p05_lr1e4_i40000	r3m_bn_bi	LITE_COMPLETE
2026-08-07T11:59:10+12:00	hpsA_r3m_bn_bi_rho0p25_eps0p05_lr1e4_i40000	r3m_bn_bi	LITE_RUNNING
2026-08-07T11:59:19+12:00	hpsA_r3m_bn_bi_rho0p25_eps0p05_lr1e4_i40000	r3m_bn_bi	LITE_COMPLETE
2026-08-07T11:59:19+12:00	hpsA_r3m_bn_bi_rho0p25_eps0p05_lr1e4_i40000	r3m_bn_bi	LITE_RUNNING
2026-08-07T11:59:28+12:00	hpsA_r3m_bn_bi_rho0p25_eps0p05_lr1e4_i40000	r3m_bn_bi	LITE_COMPLETE
2026-08-07T11:59:28+12:00	hpsA_r3m_bn_bi_rho0p25_eps0p05_lr1e4_i40000	r3m_bn_bi	LITE_RUNNING
2026-08-07T11:59:37+12:00	hpsA_r3m_bn_bi_rho0p25_eps0p05_lr1e4_i40000	r3m_bn_bi	LITE_COMPLETE
2026-08-07T11:59:37+12:00	hpsA_r3m_bn_bi_rho0p25_eps0p05_lr1e4_i40000	r3m_bn_bi	LITE_RUNNING
2026-08-07T11:59:45+12:00	hpsA_r3m_bn_bi_rho0p25_eps0p05_lr1e4_i40000	r3m_bn_bi	LITE_COMPLETE
2026-08-07T11:59:45+12:00	hpsA_r3m_bn_bi_rho0p25_eps0p05_lr1e4_i40000	r3m_bn_bi	LITE_RUNNING
2026-08-07T11:59:54+12:00	hpsA_r3m_bn_bi_rho0p25_eps0p05_lr1e4_i40000	r3m_bn_bi	LITE_COMPLETE
2026-08-07T11:59:54+12:00	hpsA_r3m_bn_bi_rho0p25_eps0p05_lr1e4_i40000	r3m_bn_bi	LITE_RUNNING
2026-08-07T12:00:03+12:00	hpsA_r3m_bn_bi_rho0p25_eps0p05_lr1e4_i40000	r3m_bn_bi	LITE_COMPLETE
2026-08-07T12:00:03+12:00	hpsA_r3m_bn_bi_rho0p25_eps0p05_lr1e4_i40000	r3m_bn_bi	LITE_RUNNING
2026-08-07T12:00:12+12:00	hpsA_r3m_bn_bi_rho0p25_eps0p05_lr1e4_i40000	r3m_bn_bi	LITE_COMPLETE
2026-08-07T12:00:12+12:00	hpsA_r3m_bn_bi_rho0p25_eps0p05_lr1e4_i40000	r3m_bn_bi	LITE_RUNNING
2026-08-07T12:00:21+12:00	hpsA_r3m_bn_bi_rho0p25_eps0p05_lr1e4_i40000	r3m_bn_bi	LITE_COMPLETE
2026-08-07T12:00:21+12:00	hpsA_r3m_bn_bi_rho0p25_eps0p05_lr1e4_i40000	r3m_bn_bi	LITE_RUNNING
2026-08-07T12:00:30+12:00	hpsA_r3m_bn_bi_rho0p25_eps0p05_lr1e4_i40000	r3m_bn_bi	LITE_COMPLETE
2026-08-07T12:00:30+12:00	hpsA_r3m_bn_bi_rho0p25_eps0p05_lr1e4_i40000	r3m_bn_bi	LITE_RUNNING
2026-08-07T12:00:39+12:00	hpsA_r3m_bn_bi_rho0p25_eps0p05_lr1e4_i40000	r3m_bn_bi	LITE_COMPLETE
2026-08-07T12:00:39+12:00	hpsA_r3m_bn_bi_rho0p25_eps0p05_lr1e4_i40000	r3m_bn_bi	LITE_RUNNING
2026-08-07T12:00:48+12:00	hpsA_r3m_bn_bi_rho0p25_eps0p05_lr1e4_i40000	r3m_bn_bi	LITE_COMPLETE
2026-08-07T12:00:48+12:00	hpsA_r3m_bn_bi_rho0p25_eps0p05_lr1e4_i40000	r3m_bn_bi	LITE_RUNNING
2026-08-07T12:00:57+12:00	hpsA_r3m_bn_bi_rho0p25_eps0p05_lr1e4_i40000	r3m_bn_bi	LITE_COMPLETE
2026-08-07T12:00:57+12:00	hpsA_r3m_bn_bi_rho0p25_eps0p05_lr1e4_i40000	r3m_bn_bi	LITE_RUNNING
2026-08-07T12:01:06+12:00	hpsA_r3m_bn_bi_rho0p25_eps0p05_lr1e4_i40000	r3m_bn_bi	LITE_COMPLETE
2026-08-07T12:01:06+12:00	hpsA_r3m_bn_bi_rho0p25_eps0p05_lr1e4_i40000	r3m_bn_bi	LITE_RUNNING
2026-08-07T12:01:14+12:00	hpsA_r3m_bn_bi_rho0p25_eps0p05_lr1e4_i40000	r3m_bn_bi	LITE_COMPLETE
2026-08-07T12:01:14+12:00	hpsA_r3m_bn_bi_rho0p25_eps0p05_lr1e4_i40000	r3m_bn_bi	LITE_RUNNING
2026-08-07T12:01:23+12:00	hpsA_r3m_bn_bi_rho0p25_eps0p05_lr1e4_i40000	r3m_bn_bi	LITE_COMPLETE
2026-08-07T12:01:23+12:00	hpsA_r3m_bn_bi_rho0p25_eps0p05_lr1e4_i40000	r3m_bn_bi	LITE_RUNNING
2026-08-07T12:01:32+12:00	hpsA_r3m_bn_bi_rho0p25_eps0p05_lr1e4_i40000	r3m_bn_bi	LITE_COMPLETE
2026-08-07T12:01:32+12:00	hpsA_r3m_bn_bi_rho0p25_eps0p05_lr1e4_i40000	r3m_bn_bi	LITE_RUNNING
2026-08-07T12:01:41+12:00	hpsA_r3m_bn_bi_rho0p25_eps0p05_lr1e4_i40000	r3m_bn_bi	LITE_COMPLETE
2026-08-07T12:01:41+12:00	hpsA_r3m_bn_bi_rho0p25_eps0p05_lr1e4_i40000	r3m_bn_bi	LITE_RUNNING
2026-08-07T12:01:50+12:00	hpsA_r3m_bn_bi_rho0p25_eps0p05_lr1e4_i40000	r3m_bn_bi	LITE_COMPLETE
2026-08-07T12:01:50+12:00	hpsA_r3m_bn_bi_rho0p25_eps0p05_lr1e4_i40000	r3m_bn_bi	LITE_RUNNING
2026-08-07T12:01:59+12:00	hpsA_r3m_bn_bi_rho0p25_eps0p05_lr1e4_i40000	r3m_bn_bi	LITE_COMPLETE
2026-08-07T12:01:59+12:00	hpsA_r3m_bn_bi_rho0p25_eps0p05_lr1e4_i40000	r3m_bn_bi	LITE_RUNNING
2026-08-07T12:02:08+12:00	hpsA_r3m_bn_bi_rho0p25_eps0p05_lr1e4_i40000	r3m_bn_bi	LITE_COMPLETE
2026-08-07T12:02:08+12:00	hpsA_r3m_bn_bi_rho0p25_eps0p05_lr1e4_i40000	r3m_bn_bi	LITE_RUNNING
2026-08-07T12:02:17+12:00	hpsA_r3m_bn_bi_rho0p25_eps0p05_lr1e4_i40000	r3m_bn_bi	LITE_COMPLETE
2026-08-07T12:02:17+12:00	hpsA_r3m_bn_bi_rho0p25_eps0p05_lr1e4_i40000	r3m_bn_bi	LITE_RUNNING
2026-08-07T12:02:25+12:00	hpsA_r3m_bn_bi_rho0p25_eps0p05_lr1e4_i40000	r3m_bn_bi	LITE_COMPLETE
2026-08-07T12:02:25+12:00	hpsA_r3m_bn_bi_rho0p25_eps0p05_lr1e4_i40000	r3m_bn_bi	LITE_RUNNING
2026-08-07T12:02:34+12:00	hpsA_r3m_bn_bi_rho0p25_eps0p05_lr1e4_i40000	r3m_bn_bi	LITE_COMPLETE
2026-08-07T12:02:34+12:00	hpsA_r3m_bn_bi_rho0p25_eps0p05_lr1e4_i40000	r3m_bn_bi	LITE_RUNNING
2026-08-07T12:02:43+12:00	hpsA_r3m_bn_bi_rho0p25_eps0p05_lr1e4_i40000	r3m_bn_bi	LITE_COMPLETE
2026-08-07T12:02:43+12:00	hpsA_r3m_bn_bi_rho0p25_eps0p05_lr1e4_i40000	r3m_bn_bi	LITE_RUNNING
2026-08-07T12:02:52+12:00	hpsA_r3m_bn_bi_rho0p25_eps0p05_lr1e4_i40000	r3m_bn_bi	LITE_COMPLETE
2026-08-07T12:02:52+12:00	hpsA_r3m_bn_bi_rho0p25_eps0p05_lr1e4_i40000	r3m_bn_bi	LITE_RUNNING
2026-08-07T12:03:01+12:00	hpsA_r3m_bn_bi_rho0p25_eps0p05_lr1e4_i40000	r3m_bn_bi	LITE_COMPLETE
2026-08-07T12:03:01+12:00	hpsA_r3m_bn_bi_rho0p25_eps0p05_lr1e4_i40000	r3m_bn_bi	LITE_RUNNING
2026-08-07T12:03:10+12:00	hpsA_r3m_bn_bi_rho0p25_eps0p05_lr1e4_i40000	r3m_bn_bi	LITE_COMPLETE
2026-08-07T12:03:10+12:00	hpsA_r3m_bn_bi_rho0p25_eps0p05_lr1e4_i40000	r3m_bn_bi	LITE_RUNNING
2026-08-07T12:03:19+12:00	hpsA_r3m_bn_bi_rho0p25_eps0p05_lr1e4_i40000	r3m_bn_bi	LITE_COMPLETE
2026-08-07T12:03:19+12:00	hpsA_r3m_bn_bi_rho0p25_eps0p05_lr1e4_i40000	r3m_bn_bi	LITE_RUNNING
2026-08-07T12:03:28+12:00	hpsA_r3m_bn_bi_rho0p25_eps0p05_lr1e4_i40000	r3m_bn_bi	LITE_COMPLETE
2026-08-07T12:03:28+12:00	hpsA_r3m_bn_bi_rho0p25_eps0p05_lr1e4_i40000	r3m_bn_bi	LITE_RUNNING
2026-08-07T12:03:37+12:00	hpsA_r3m_bn_bi_rho0p25_eps0p05_lr1e4_i40000	r3m_bn_bi	LITE_COMPLETE
2026-08-07T12:03:37+12:00	hpsA_r3m_bn_bi_rho0p25_eps0p05_lr1e4_i40000	r3m_bn_bi	LITE_RUNNING
2026-08-07T12:03:46+12:00	hpsA_r3m_bn_bi_rho0p25_eps0p05_lr1e4_i40000	r3m_bn_bi	LITE_COMPLETE
2026-08-07T12:03:46+12:00	hpsA_r3m_bn_bi_rho0p25_eps0p05_lr1e4_i40000	r3m_bn_bi	LITE_RUNNING
2026-08-07T12:03:54+12:00	hpsA_r3m_bn_bi_rho0p25_eps0p05_lr1e4_i40000	r3m_bn_bi	LITE_COMPLETE
2026-08-07T12:03:54+12:00	hpsA_r3m_bn_bi_rho0p25_eps0p05_lr1e4_i40000	r3m_bn_bi	LITE_RUNNING
2026-08-07T12:04:03+12:00	hpsA_r3m_bn_bi_rho0p25_eps0p05_lr1e4_i40000	r3m_bn_bi	LITE_COMPLETE
2026-08-07T12:04:03+12:00	hpsA_r3m_bn_bi_rho0p25_eps0p05_lr1e4_i40000	r3m_bn_bi	LITE_RUNNING
2026-08-07T12:04:12+12:00	hpsA_r3m_bn_bi_rho0p25_eps0p05_lr1e4_i40000	r3m_bn_bi	LITE_COMPLETE
2026-08-07T12:04:12+12:00	hpsA_r3m_bn_bi_rho0p25_eps0p05_lr1e4_i40000	r3m_bn_bi	LITE_RUNNING
2026-08-07T12:04:21+12:00	hpsA_r3m_bn_bi_rho0p25_eps0p05_lr1e4_i40000	r3m_bn_bi	LITE_COMPLETE
2026-08-07T12:04:21+12:00	hpsA_r3m_bn_bi_rho0p25_eps0p05_lr1e4_i40000	r3m_bn_bi	LITE_RUNNING
2026-08-07T12:04:30+12:00	hpsA_r3m_bn_bi_rho0p25_eps0p05_lr1e4_i40000	r3m_bn_bi	LITE_COMPLETE
2026-08-07T12:04:30+12:00	hpsA_r3m_bn_bi_rho0p25_eps0p05_lr1e4_i40000	r3m_bn_bi	LITE_RUNNING
2026-08-07T12:04:39+12:00	hpsA_r3m_bn_bi_rho0p25_eps0p05_lr1e4_i40000	r3m_bn_bi	LITE_COMPLETE
2026-08-07T12:04:39+12:00	hpsA_r3m_bn_bi_rho0p25_eps0p05_lr1e4_i40000	r3m_bn_bi	LITE_RUNNING
2026-08-07T12:04:48+12:00	hpsA_r3m_bn_bi_rho0p25_eps0p05_lr1e4_i40000	r3m_bn_bi	LITE_COMPLETE
2026-08-07T12:04:48+12:00	hpsA_r3m_bn_bi_rho0p25_eps0p05_lr1e4_i40000	r3m_bn_bi	LITE_RUNNING
2026-08-07T12:04:57+12:00	hpsA_r3m_bn_bi_rho0p25_eps0p05_lr1e4_i40000	r3m_bn_bi	LITE_COMPLETE
2026-08-07T12:04:57+12:00	hpsA_r3m_bn_bi_rho0p25_eps0p05_lr1e4_i40000	r3m_bn_bi	LITE_RUNNING
2026-08-07T12:05:06+12:00	hpsA_r3m_bn_bi_rho0p25_eps0p05_lr1e4_i40000	r3m_bn_bi	LITE_COMPLETE
2026-08-07T12:05:06+12:00	hpsA_r3m_bn_bi_rho0p25_eps0p05_lr1e4_i40000	r3m_bn_bi	LITE_RUNNING
2026-08-07T12:05:14+12:00	hpsA_r3m_bn_bi_rho0p25_eps0p05_lr1e4_i40000	r3m_bn_bi	LITE_COMPLETE
2026-08-07T12:05:14+12:00	hpsA_r3m_bn_bi_rho0p25_eps0p05_lr1e4_i40000	r3m_bn_bi	LITE_RUNNING
2026-08-07T12:05:23+12:00	hpsA_r3m_bn_bi_rho0p25_eps0p05_lr1e4_i40000	r3m_bn_bi	LITE_COMPLETE
2026-08-07T12:05:23+12:00	hpsA_r3m_bn_bi_rho0p25_eps0p05_lr1e4_i40000	r3m_bn_bi	LITE_RUNNING
2026-08-07T12:05:32+12:00	hpsA_r3m_bn_bi_rho0p25_eps0p05_lr1e4_i40000	r3m_bn_bi	LITE_COMPLETE
2026-08-07T12:05:32+12:00	hpsA_r3m_bn_bi_rho0p25_eps0p05_lr1e4_i40000	r3m_bn_bi	LITE_RUNNING
2026-08-07T12:05:41+12:00	hpsA_r3m_bn_bi_rho0p25_eps0p05_lr1e4_i40000	r3m_bn_bi	LITE_COMPLETE
2026-08-07T12:05:41+12:00	hpsA_r3m_bn_bi_rho0p25_eps0p05_lr1e4_i40000	r3m_bn_bi	LITE_RUNNING
2026-08-07T12:05:50+12:00	hpsA_r3m_bn_bi_rho0p25_eps0p05_lr1e4_i40000	r3m_bn_bi	LITE_COMPLETE
2026-08-07T12:05:50+12:00	hpsA_r3m_bn_bi_rho0p25_eps0p05_lr1e4_i40000	r3m_bn_bi	LITE_RUNNING
2026-08-07T12:05:59+12:00	hpsA_r3m_bn_bi_rho0p25_eps0p05_lr1e4_i40000	r3m_bn_bi	LITE_COMPLETE
2026-08-07T12:05:59+12:00	hpsA_r3m_bn_bi_rho0p25_eps0p05_lr1e4_i40000	r3m_bn_bi	LITE_RUNNING
2026-08-07T12:06:08+12:00	hpsA_r3m_bn_bi_rho0p25_eps0p05_lr1e4_i40000	r3m_bn_bi	LITE_COMPLETE
2026-08-07T12:06:08+12:00	hpsA_r3m_bn_bi_rho0p25_eps0p05_lr1e4_i40000	r3m_bn_bi	LITE_RUNNING
2026-08-07T12:06:17+12:00	hpsA_r3m_bn_bi_rho0p25_eps0p05_lr1e4_i40000	r3m_bn_bi	LITE_COMPLETE
2026-08-07T12:06:17+12:00	hpsA_r3m_bn_bi_rho0p25_eps0p05_lr1e4_i40000	r3m_bn_bi	LITE_RUNNING
2026-08-07T12:06:26+12:00	hpsA_r3m_bn_bi_rho0p25_eps0p05_lr1e4_i40000	r3m_bn_bi	LITE_COMPLETE
2026-08-07T12:06:26+12:00	hpsA_r3m_bn_bi_rho0p25_eps0p05_lr1e4_i40000	r3m_bn_bi	LITE_RUNNING
2026-08-07T12:06:35+12:00	hpsA_r3m_bn_bi_rho0p25_eps0p05_lr1e4_i40000	r3m_bn_bi	LITE_COMPLETE
2026-08-07T12:06:35+12:00	hpsA_r3m_bn_bi_rho0p25_eps0p05_lr1e4_i40000	r3m_bn_bi	LITE_RUNNING
2026-08-07T12:06:43+12:00	hpsA_r3m_bn_bi_rho0p25_eps0p05_lr1e4_i40000	r3m_bn_bi	LITE_COMPLETE
2026-08-07T12:06:43+12:00	hpsA_r3m_bn_bi_rho0p25_eps0p05_lr1e4_i40000	r3m_bn_bi	LITE_RUNNING
2026-08-07T12:06:52+12:00	hpsA_r3m_bn_bi_rho0p25_eps0p05_lr1e4_i40000	r3m_bn_bi	LITE_COMPLETE
2026-08-07T12:06:52+12:00	hpsA_r3m_bn_bi_rho0p25_eps0p05_lr1e4_i40000	r3m_bn_bi	LITE_RUNNING
2026-08-07T12:07:01+12:00	hpsA_r3m_bn_bi_rho0p25_eps0p05_lr1e4_i40000	r3m_bn_bi	LITE_COMPLETE
2026-08-07T12:07:01+12:00	hpsA_r3m_bn_bi_rho0p25_eps0p05_lr1e4_i40000	r3m_bn_bi	LITE_RUNNING
2026-08-07T12:07:10+12:00	hpsA_r3m_bn_bi_rho0p25_eps0p05_lr1e4_i40000	r3m_bn_bi	LITE_COMPLETE
2026-08-07T12:07:10+12:00	hpsA_r3m_bn_bi_rho0p25_eps0p05_lr1e4_i40000	r3m_bn_bi	LITE_RUNNING
2026-08-07T12:07:19+12:00	hpsA_r3m_bn_bi_rho0p25_eps0p05_lr1e4_i40000	r3m_bn_bi	LITE_COMPLETE
2026-08-07T12:07:19+12:00	hpsA_r3m_bn_bi_rho0p25_eps0p05_lr1e4_i40000	r3m_bn_bi	LITE_RUNNING
2026-08-07T12:07:28+12:00	hpsA_r3m_bn_bi_rho0p25_eps0p05_lr1e4_i40000	r3m_bn_bi	LITE_COMPLETE
2026-08-07T12:07:28+12:00	hpsA_r3m_bn_bi_rho0p25_eps0p05_lr1e4_i40000	r3m_bn_bi	LITE_RUNNING
2026-08-07T12:07:37+12:00	hpsA_r3m_bn_bi_rho0p25_eps0p05_lr1e4_i40000	r3m_bn_bi	LITE_COMPLETE
2026-08-07T12:07:37+12:00	hpsA_r3m_bn_bi_rho0p25_eps0p05_lr1e4_i40000	r3m_bn_bi	LITE_RUNNING
2026-08-07T12:07:46+12:00	hpsA_r3m_bn_bi_rho0p25_eps0p05_lr1e4_i40000	r3m_bn_bi	LITE_COMPLETE
2026-08-07T12:07:46+12:00	hpsA_r3m_bn_bi_rho0p25_eps0p05_lr1e4_i40000	r3m_bn_bi	LITE_RUNNING
2026-08-07T12:07:55+12:00	hpsA_r3m_bn_bi_rho0p25_eps0p05_lr1e4_i40000	r3m_bn_bi	LITE_COMPLETE
2026-08-07T12:07:55+12:00	hpsA_r3m_bn_bi_rho0p25_eps0p05_lr1e4_i40000	r3m_bn_bi	LITE_RUNNING
2026-08-07T12:08:03+12:00	hpsA_r3m_bn_bi_rho0p25_eps0p05_lr1e4_i40000	r3m_bn_bi	LITE_COMPLETE
2026-08-07T12:08:03+12:00	hpsA_r3m_bn_bi_rho0p25_eps0p05_lr1e4_i40000	r3m_bn_bi	LITE_RUNNING
2026-08-07T12:08:12+12:00	hpsA_r3m_bn_bi_rho0p25_eps0p05_lr1e4_i40000	r3m_bn_bi	LITE_COMPLETE
2026-08-07T12:08:12+12:00	hpsA_r3m_bn_bi_rho0p25_eps0p05_lr1e4_i40000	r3m_bn_bi	LITE_RUNNING
2026-08-07T12:08:21+12:00	hpsA_r3m_bn_bi_rho0p25_eps0p05_lr1e4_i40000	r3m_bn_bi	LITE_COMPLETE
2026-08-07T12:08:21+12:00	hpsA_r3m_bn_bi_rho0p25_eps0p05_lr1e4_i40000	r3m_bn_bi	LITE_RUNNING
2026-08-07T12:08:30+12:00	hpsA_r3m_bn_bi_rho0p25_eps0p05_lr1e4_i40000	r3m_bn_bi	LITE_COMPLETE
2026-08-07T12:08:30+12:00	hpsA_r3m_bn_bi_rho0p25_eps0p05_lr1e4_i40000	r3m_bn_bi	LITE_RUNNING
2026-08-07T12:08:39+12:00	hpsA_r3m_bn_bi_rho0p25_eps0p05_lr1e4_i40000	r3m_bn_bi	LITE_COMPLETE
2026-08-07T12:08:39+12:00	hpsA_r3m_bn_bi_rho0p25_eps0p05_lr1e4_i40000	r3m_bn_bi	LITE_RUNNING
2026-08-07T12:08:48+12:00	hpsA_r3m_bn_bi_rho0p25_eps0p05_lr1e4_i40000	r3m_bn_bi	LITE_COMPLETE
2026-08-07T12:08:48+12:00	hpsA_r3m_bn_bi_rho0p25_eps0p05_lr1e4_i40000	r3m_bn_bi	LITE_RUNNING
2026-08-07T12:08:57+12:00	hpsA_r3m_bn_bi_rho0p25_eps0p05_lr1e4_i40000	r3m_bn_bi	LITE_COMPLETE
2026-08-07T12:08:57+12:00	hpsA_r3m_bn_bi_rho0p25_eps0p05_lr1e4_i40000	r3m_bn_bi	LITE_RUNNING
2026-08-07T12:09:06+12:00	hpsA_r3m_bn_bi_rho0p25_eps0p05_lr1e4_i40000	r3m_bn_bi	LITE_COMPLETE
2026-08-07T12:09:06+12:00	hpsA_r3m_bn_bi_rho0p25_eps0p05_lr1e4_i40000	r3m_bn_bi	LITE_RUNNING
2026-08-07T12:09:15+12:00	hpsA_r3m_bn_bi_rho0p25_eps0p05_lr1e4_i40000	r3m_bn_bi	LITE_COMPLETE
2026-08-07T12:09:15+12:00	hpsA_r3m_bn_bi_rho0p25_eps0p05_lr1e4_i40000	r3m_bn_bi	LITE_RUNNING
2026-08-07T12:09:24+12:00	hpsA_r3m_bn_bi_rho0p25_eps0p05_lr1e4_i40000	r3m_bn_bi	LITE_COMPLETE
2026-08-07T12:09:24+12:00	hpsA_r3m_bn_bi_rho0p25_eps0p05_lr1e4_i40000	r3m_bn_bi	LITE_RUNNING
2026-08-07T12:09:33+12:00	hpsA_r3m_bn_bi_rho0p25_eps0p05_lr1e4_i40000	r3m_bn_bi	LITE_COMPLETE
2026-08-07T12:09:33+12:00	hpsA_r3m_bn_bi_rho0p25_eps0p05_lr1e4_i40000	r3m_bn_bi	LITE_RUNNING
2026-08-07T12:09:41+12:00	hpsA_r3m_bn_bi_rho0p25_eps0p05_lr1e4_i40000	r3m_bn_bi	LITE_COMPLETE
2026-08-07T12:09:41+12:00	hpsA_r3m_bn_bi_rho0p25_eps0p05_lr1e4_i40000	r3m_bn_bi	LITE_RUNNING
2026-08-07T12:09:50+12:00	hpsA_r3m_bn_bi_rho0p25_eps0p05_lr1e4_i40000	r3m_bn_bi	LITE_COMPLETE
2026-08-07T12:09:50+12:00	hpsA_r3m_bn_bi_rho0p25_eps0p05_lr1e4_i40000	r3m_bn_bi	LITE_RUNNING
2026-08-07T12:09:59+12:00	hpsA_r3m_bn_bi_rho0p25_eps0p05_lr1e4_i40000	r3m_bn_bi	LITE_COMPLETE
2026-08-07T12:09:59+12:00	hpsA_r3m_bn_bi_rho0p25_eps0p05_lr1e4_i40000	r3m_bn_bi	LITE_RUNNING
2026-08-07T12:10:08+12:00	hpsA_r3m_bn_bi_rho0p25_eps0p05_lr1e4_i40000	r3m_bn_bi	LITE_COMPLETE
2026-08-07T12:10:08+12:00	hpsA_r3m_bn_bi_rho0p25_eps0p05_lr1e4_i40000	r3m_bn_bi	LITE_RUNNING
2026-08-07T12:10:17+12:00	hpsA_r3m_bn_bi_rho0p25_eps0p05_lr1e4_i40000	r3m_bn_bi	LITE_COMPLETE
2026-08-07T12:10:17+12:00	hpsA_r3m_bn_bi_rho0p25_eps0p05_lr1e4_i40000	r3m_bn_bi	LITE_RUNNING
2026-08-07T12:10:26+12:00	hpsA_r3m_bn_bi_rho0p25_eps0p05_lr1e4_i40000	r3m_bn_bi	LITE_COMPLETE
2026-08-07T12:10:26+12:00	hpsA_r3m_bn_bi_rho0p25_eps0p05_lr1e4_i40000	r3m_bn_bi	LITE_RUNNING
2026-08-07T12:10:35+12:00	hpsA_r3m_bn_bi_rho0p25_eps0p05_lr1e4_i40000	r3m_bn_bi	LITE_COMPLETE
2026-08-07T12:10:35+12:00	hpsA_r3m_bn_bi_rho0p25_eps0p05_lr1e4_i40000	r3m_bn_bi	LITE_RUNNING
2026-08-07T12:10:44+12:00	hpsA_r3m_bn_bi_rho0p25_eps0p05_lr1e4_i40000	r3m_bn_bi	LITE_COMPLETE
2026-08-07T12:10:44+12:00	hpsA_r3m_bn_bi_rho0p25_eps0p05_lr1e4_i40000	r3m_bn_bi	LITE_RUNNING
2026-08-07T12:10:53+12:00	hpsA_r3m_bn_bi_rho0p25_eps0p05_lr1e4_i40000	r3m_bn_bi	LITE_COMPLETE
2026-08-07T12:10:53+12:00	hpsA_r3m_bn_bi_rho0p25_eps0p05_lr1e4_i40000	r3m_bn_bi	LITE_RUNNING
2026-08-07T12:11:02+12:00	hpsA_r3m_bn_bi_rho0p25_eps0p05_lr1e4_i40000	r3m_bn_bi	LITE_COMPLETE
2026-08-07T12:11:02+12:00	hpsA_r3m_bn_bi_rho0p25_eps0p05_lr1e4_i40000	r3m_bn_bi	LITE_RUNNING
2026-08-07T12:11:10+12:00	hpsA_r3m_bn_bi_rho0p25_eps0p05_lr1e4_i40000	r3m_bn_bi	LITE_COMPLETE
2026-08-07T12:11:10+12:00	hpsA_r3m_bn_bi_rho0p25_eps0p05_lr1e4_i40000	r3m_bn_bi	LITE_RUNNING
2026-08-07T12:11:19+12:00	hpsA_r3m_bn_bi_rho0p25_eps0p05_lr1e4_i40000	r3m_bn_bi	LITE_COMPLETE
2026-08-07T12:11:19+12:00	hpsA_r3m_bn_bi_rho0p25_eps0p05_lr1e4_i40000	r3m_bn_bi	LITE_RUNNING
2026-08-07T12:11:28+12:00	hpsA_r3m_bn_bi_rho0p25_eps0p05_lr1e4_i40000	r3m_bn_bi	LITE_COMPLETE
2026-08-07T12:11:28+12:00	hpsA_r3m_bn_bi_rho0p25_eps0p05_lr1e4_i40000	r3m_bn_bi	LITE_RUNNING
2026-08-07T12:11:37+12:00	hpsA_r3m_bn_bi_rho0p25_eps0p05_lr1e4_i40000	r3m_bn_bi	LITE_COMPLETE
2026-08-07T12:11:37+12:00	hpsA_r3m_bn_bi_rho0p25_eps0p05_lr1e4_i40000	r3m_bn_bi	LITE_RUNNING
2026-08-07T12:11:46+12:00	hpsA_r3m_bn_bi_rho0p25_eps0p05_lr1e4_i40000	r3m_bn_bi	LITE_COMPLETE
2026-08-07T12:11:46+12:00	hpsA_r3m_bn_bi_rho0p25_eps0p05_lr1e4_i40000	r3m_bn_bi	LITE_RUNNING
2026-08-07T12:11:55+12:00	hpsA_r3m_bn_bi_rho0p25_eps0p05_lr1e4_i40000	r3m_bn_bi	LITE_COMPLETE
2026-08-07T12:11:55+12:00	hpsA_r3m_bn_bi_rho0p25_eps0p05_lr1e4_i40000	r3m_bn_bi	LITE_RUNNING
2026-08-07T12:12:04+12:00	hpsA_r3m_bn_bi_rho0p25_eps0p05_lr1e4_i40000	r3m_bn_bi	LITE_COMPLETE
2026-08-07T12:12:04+12:00	hpsA_r3m_bn_bi_rho0p25_eps0p05_lr1e4_i40000	r3m_bn_bi	LITE_RUNNING
2026-08-07T12:12:13+12:00	hpsA_r3m_bn_bi_rho0p25_eps0p05_lr1e4_i40000	r3m_bn_bi	LITE_COMPLETE
2026-08-07T12:12:13+12:00	hpsA_r3m_bn_bi_rho0p25_eps0p05_lr1e4_i40000	r3m_bn_bi	LITE_RUNNING
2026-08-07T12:12:22+12:00	hpsA_r3m_bn_bi_rho0p25_eps0p05_lr1e4_i40000	r3m_bn_bi	LITE_COMPLETE
2026-08-07T12:12:22+12:00	hpsA_r3m_bn_bi_rho0p25_eps0p05_lr1e4_i40000	r3m_bn_bi	LITE_RUNNING
2026-08-07T12:12:30+12:00	hpsA_r3m_bn_bi_rho0p25_eps0p05_lr1e4_i40000	r3m_bn_bi	LITE_COMPLETE
2026-08-07T12:12:30+12:00	hpsA_r3m_bn_bi_rho0p25_eps0p05_lr1e4_i40000	r3m_bn_bi	LITE_RUNNING
2026-08-07T12:12:39+12:00	hpsA_r3m_bn_bi_rho0p25_eps0p05_lr1e4_i40000	r3m_bn_bi	LITE_COMPLETE
2026-08-07T12:12:39+12:00	hpsA_r3m_bn_bi_rho0p25_eps0p05_lr1e4_i40000	r3m_bn_bi	LITE_RUNNING
2026-08-07T12:12:48+12:00	hpsA_r3m_bn_bi_rho0p25_eps0p05_lr1e4_i40000	r3m_bn_bi	LITE_COMPLETE
2026-08-07T12:12:48+12:00	hpsA_r3m_bn_bi_rho0p25_eps0p05_lr1e4_i40000	r3m_bn_bi	LITE_RUNNING
2026-08-07T12:12:57+12:00	hpsA_r3m_bn_bi_rho0p25_eps0p05_lr1e4_i40000	r3m_bn_bi	LITE_COMPLETE
2026-08-07T12:12:57+12:00	hpsA_r3m_bn_bi_rho0p25_eps0p05_lr1e4_i40000	r3m_bn_bi	LITE_RUNNING
2026-08-07T12:13:06+12:00	hpsA_r3m_bn_bi_rho0p25_eps0p05_lr1e4_i40000	r3m_bn_bi	LITE_COMPLETE
2026-08-07T12:13:06+12:00	hpsA_r3m_bn_bi_rho0p25_eps0p05_lr1e4_i40000	r3m_bn_bi	LITE_RUNNING
2026-08-07T12:13:15+12:00	hpsA_r3m_bn_bi_rho0p25_eps0p05_lr1e4_i40000	r3m_bn_bi	LITE_COMPLETE
2026-08-07T12:13:15+12:00	hpsA_r3m_bn_bi_rho0p25_eps0p05_lr1e4_i40000	r3m_bn_bi	LITE_RUNNING
2026-08-07T12:13:24+12:00	hpsA_r3m_bn_bi_rho0p25_eps0p05_lr1e4_i40000	r3m_bn_bi	LITE_COMPLETE
2026-08-07T12:13:24+12:00	hpsA_r3m_bn_bi_rho0p25_eps0p05_lr1e4_i40000	r3m_bn_bi	LITE_RUNNING
2026-08-07T12:13:33+12:00	hpsA_r3m_bn_bi_rho0p25_eps0p05_lr1e4_i40000	r3m_bn_bi	LITE_COMPLETE
2026-08-07T12:13:33+12:00	hpsA_r3m_bn_bi_rho0p25_eps0p05_lr1e4_i40000	r3m_bn_bi	LITE_RUNNING
2026-08-07T12:13:42+12:00	hpsA_r3m_bn_bi_rho0p25_eps0p05_lr1e4_i40000	r3m_bn_bi	LITE_COMPLETE
2026-08-07T12:13:42+12:00	hpsA_r3m_bn_bi_rho0p25_eps0p05_lr1e4_i40000	r3m_bn_bi	LITE_RUNNING
2026-08-07T12:13:50+12:00	hpsA_r3m_bn_bi_rho0p25_eps0p05_lr1e4_i40000	r3m_bn_bi	LITE_COMPLETE
2026-08-07T12:13:50+12:00	hpsA_r3m_bn_bi_rho0p25_eps0p05_lr1e4_i40000	r3m_bn_bi	LITE_RUNNING
2026-08-07T12:13:59+12:00	hpsA_r3m_bn_bi_rho0p25_eps0p05_lr1e4_i40000	r3m_bn_bi	LITE_COMPLETE
2026-08-07T12:13:59+12:00	hpsA_r3m_bn_bi_rho0p25_eps0p05_lr1e4_i40000	r3m_bn_bi	LITE_RUNNING
2026-08-07T12:14:08+12:00	hpsA_r3m_bn_bi_rho0p25_eps0p05_lr1e4_i40000	r3m_bn_bi	LITE_COMPLETE
2026-08-07T12:14:08+12:00	hpsA_r3m_bn_bi_rho0p25_eps0p05_lr1e4_i40000	r3m_bn_bi	LITE_RUNNING
2026-08-07T12:14:17+12:00	hpsA_r3m_bn_bi_rho0p25_eps0p05_lr1e4_i40000	r3m_bn_bi	LITE_COMPLETE
2026-08-07T12:14:17+12:00	hpsA_r3m_bn_bi_rho0p25_eps0p05_lr1e4_i40000	r3m_bn_bi	LITE_RUNNING
2026-08-07T12:14:26+12:00	hpsA_r3m_bn_bi_rho0p25_eps0p05_lr1e4_i40000	r3m_bn_bi	LITE_COMPLETE
2026-08-07T12:14:26+12:00	hpsA_r3m_bn_bi_rho0p25_eps0p05_lr1e4_i40000	r3m_bn_bi	LITE_RUNNING
2026-08-07T12:14:35+12:00	hpsA_r3m_bn_bi_rho0p25_eps0p05_lr1e4_i40000	r3m_bn_bi	LITE_COMPLETE
2026-08-07T12:14:35+12:00	hpsA_r3m_bn_bi_rho0p25_eps0p05_lr1e4_i40000	r3m_bn_bi	LITE_RUNNING
2026-08-07T12:14:44+12:00	hpsA_r3m_bn_bi_rho0p25_eps0p05_lr1e4_i40000	r3m_bn_bi	LITE_COMPLETE
2026-08-07T12:14:44+12:00	hpsA_r3m_bn_bi_rho0p25_eps0p05_lr1e4_i40000	r3m_bn_bi	LITE_RUNNING
2026-08-07T12:14:53+12:00	hpsA_r3m_bn_bi_rho0p25_eps0p05_lr1e4_i40000	r3m_bn_bi	LITE_COMPLETE
2026-08-07T12:14:53+12:00	hpsA_r3m_bn_bi_rho0p25_eps0p05_lr1e4_i40000	r3m_bn_bi	LITE_RUNNING
2026-08-07T12:15:01+12:00	hpsA_r3m_bn_bi_rho0p25_eps0p05_lr1e4_i40000	r3m_bn_bi	LITE_COMPLETE
2026-08-07T12:15:01+12:00	hpsA_r3m_bn_bi_rho0p25_eps0p05_lr1e4_i40000	r3m_bn_bi	LITE_RUNNING
2026-08-07T12:15:10+12:00	hpsA_r3m_bn_bi_rho0p25_eps0p05_lr1e4_i40000	r3m_bn_bi	LITE_COMPLETE
2026-08-07T12:15:10+12:00	hpsA_r3m_bn_bi_rho0p25_eps0p05_lr1e4_i40000	r3m_bn_bi	LITE_RUNNING
2026-08-07T12:15:19+12:00	hpsA_r3m_bn_bi_rho0p25_eps0p05_lr1e4_i40000	r3m_bn_bi	LITE_COMPLETE
2026-08-07T12:15:19+12:00	hpsA_r3m_bn_bi_rho0p25_eps0p05_lr1e4_i40000	r3m_bn_bi	LITE_RUNNING
2026-08-07T12:15:28+12:00	hpsA_r3m_bn_bi_rho0p25_eps0p05_lr1e4_i40000	r3m_bn_bi	LITE_COMPLETE
2026-08-07T12:15:28+12:00	hpsA_r3m_bn_bi_rho0p25_eps0p05_lr1e4_i40000	r3m_bn_bi	LITE_RUNNING
2026-08-07T12:15:37+12:00	hpsA_r3m_bn_bi_rho0p25_eps0p05_lr1e4_i40000	r3m_bn_bi	LITE_COMPLETE
2026-08-07T12:15:37+12:00	hpsA_r3m_bn_bi_rho0p25_eps0p05_lr1e4_i40000	r3m_bn_bi	LITE_RUNNING
2026-08-07T12:15:46+12:00	hpsA_r3m_bn_bi_rho0p25_eps0p05_lr1e4_i40000	r3m_bn_bi	LITE_COMPLETE
2026-08-07T12:15:46+12:00	hpsA_r3m_bn_bi_rho0p25_eps0p05_lr1e4_i40000	r3m_bn_bi	LITE_RUNNING
2026-08-07T12:15:55+12:00	hpsA_r3m_bn_bi_rho0p25_eps0p05_lr1e4_i40000	r3m_bn_bi	LITE_COMPLETE
2026-08-07T12:15:55+12:00	hpsA_r3m_bn_bi_rho0p25_eps0p05_lr1e4_i40000	r3m_bn_bi	LITE_RUNNING
2026-08-07T12:16:04+12:00	hpsA_r3m_bn_bi_rho0p25_eps0p05_lr1e4_i40000	r3m_bn_bi	LITE_COMPLETE
2026-08-07T12:16:04+12:00	hpsA_r3m_bn_bi_rho0p25_eps0p05_lr1e4_i40000	r3m_bn_bi	LITE_RUNNING
2026-08-07T12:16:13+12:00	hpsA_r3m_bn_bi_rho0p25_eps0p05_lr1e4_i40000	r3m_bn_bi	LITE_COMPLETE
2026-08-07T12:16:13+12:00	hpsA_r3m_bn_bi_rho0p25_eps0p05_lr1e4_i40000	r3m_bn_bi	LITE_RUNNING
2026-08-07T12:16:21+12:00	hpsA_r3m_bn_bi_rho0p25_eps0p05_lr1e4_i40000	r3m_bn_bi	LITE_COMPLETE
2026-08-07T12:16:21+12:00	hpsA_r3m_bn_bi_rho0p25_eps0p05_lr1e4_i40000	r3m_bn_bi	LITE_RUNNING
2026-08-07T12:16:30+12:00	hpsA_r3m_bn_bi_rho0p25_eps0p05_lr1e4_i40000	r3m_bn_bi	LITE_COMPLETE
2026-08-07T12:16:30+12:00	hpsA_r3m_bn_bi_rho0p25_eps0p05_lr1e4_i40000	r3m_bn_bi	LITE_RUNNING
2026-08-07T12:16:39+12:00	hpsA_r3m_bn_bi_rho0p25_eps0p05_lr1e4_i40000	r3m_bn_bi	LITE_COMPLETE
2026-08-07T12:16:39+12:00	hpsA_r3m_bn_bi_rho0p25_eps0p05_lr1e4_i40000	r3m_bn_bi	LITE_RUNNING
2026-08-07T12:16:48+12:00	hpsA_r3m_bn_bi_rho0p25_eps0p05_lr1e4_i40000	r3m_bn_bi	LITE_COMPLETE
2026-08-07T12:16:48+12:00	hpsA_r3m_bn_bi_rho0p25_eps0p05_lr1e4_i40000	r3m_bn_bi	LITE_RUNNING
2026-08-07T12:16:57+12:00	hpsA_r3m_bn_bi_rho0p25_eps0p05_lr1e4_i40000	r3m_bn_bi	LITE_COMPLETE
2026-08-07T12:16:57+12:00	hpsA_r3m_bn_bi_rho0p25_eps0p05_lr1e4_i40000	r3m_bn_bi	LITE_RUNNING
2026-08-07T12:17:06+12:00	hpsA_r3m_bn_bi_rho0p25_eps0p05_lr1e4_i40000	r3m_bn_bi	LITE_COMPLETE
2026-08-07T12:17:06+12:00	hpsA_r3m_bn_bi_rho0p25_eps0p05_lr1e4_i40000	r3m_bn_bi	LITE_RUNNING
2026-08-07T12:17:15+12:00	hpsA_r3m_bn_bi_rho0p25_eps0p05_lr1e4_i40000	r3m_bn_bi	LITE_COMPLETE
2026-08-07T12:17:15+12:00	hpsA_r3m_bn_bi_rho0p25_eps0p05_lr1e4_i40000	r3m_bn_bi	LITE_RUNNING
2026-08-07T12:17:24+12:00	hpsA_r3m_bn_bi_rho0p25_eps0p05_lr1e4_i40000	r3m_bn_bi	LITE_COMPLETE
2026-08-07T12:17:24+12:00	hpsA_r3m_bn_bi_rho0p25_eps0p05_lr1e4_i40000	r3m_bn_bi	LITE_RUNNING
2026-08-07T12:17:33+12:00	hpsA_r3m_bn_bi_rho0p25_eps0p05_lr1e4_i40000	r3m_bn_bi	LITE_COMPLETE
2026-08-07T12:17:33+12:00	hpsA_r3m_bn_bi_rho0p25_eps0p05_lr1e4_i40000	r3m_bn_bi	LITE_RUNNING
2026-08-07T12:17:42+12:00	hpsA_r3m_bn_bi_rho0p25_eps0p05_lr1e4_i40000	r3m_bn_bi	LITE_COMPLETE
2026-08-07T12:17:42+12:00	hpsA_r3m_bn_bi_rho0p25_eps0p05_lr1e4_i40000	r3m_bn_bi	LITE_RUNNING
2026-08-07T12:17:51+12:00	hpsA_r3m_bn_bi_rho0p25_eps0p05_lr1e4_i40000	r3m_bn_bi	LITE_COMPLETE
2026-08-07T12:17:51+12:00	hpsA_r3m_bn_bi_rho0p25_eps0p05_lr1e4_i40000	r3m_bn_bi	LITE_RUNNING
2026-08-07T12:17:59+12:00	hpsA_r3m_bn_bi_rho0p25_eps0p05_lr1e4_i40000	r3m_bn_bi	LITE_COMPLETE
2026-08-07T12:17:59+12:00	hpsA_r3m_bn_bi_rho0p25_eps0p05_lr1e4_i40000	r3m_bn_bi	LITE_RUNNING
2026-08-07T12:18:08+12:00	hpsA_r3m_bn_bi_rho0p25_eps0p05_lr1e4_i40000	r3m_bn_bi	LITE_COMPLETE
2026-08-07T12:18:08+12:00	hpsA_r3m_bn_bi_rho0p25_eps0p05_lr1e4_i40000	r3m_bn_bi	LITE_RUNNING
2026-08-07T12:18:17+12:00	hpsA_r3m_bn_bi_rho0p25_eps0p05_lr1e4_i40000	r3m_bn_bi	LITE_COMPLETE
2026-08-07T12:18:17+12:00	hpsA_r3m_bn_bi_rho0p25_eps0p05_lr1e4_i40000	r3m_bn_bi	LITE_RUNNING
2026-08-07T12:18:26+12:00	hpsA_r3m_bn_bi_rho0p25_eps0p05_lr1e4_i40000	r3m_bn_bi	LITE_COMPLETE
2026-08-07T12:18:26+12:00	hpsA_r3m_bn_bi_rho0p25_eps0p05_lr1e4_i40000	r3m_bn_bi	LITE_RUNNING
2026-08-07T12:18:35+12:00	hpsA_r3m_bn_bi_rho0p25_eps0p05_lr1e4_i40000	r3m_bn_bi	LITE_COMPLETE
2026-08-07T12:18:35+12:00	hpsA_r3m_bn_bi_rho0p25_eps0p05_lr1e4_i40000	r3m_bn_bi	LITE_RUNNING
2026-08-07T12:18:44+12:00	hpsA_r3m_bn_bi_rho0p25_eps0p05_lr1e4_i40000	r3m_bn_bi	LITE_COMPLETE
2026-08-07T12:18:44+12:00	hpsA_r3m_bn_bi_rho0p25_eps0p05_lr1e4_i40000	r3m_bn_bi	LITE_RUNNING
2026-08-07T12:18:53+12:00	hpsA_r3m_bn_bi_rho0p25_eps0p05_lr1e4_i40000	r3m_bn_bi	LITE_COMPLETE
2026-08-07T12:18:53+12:00	hpsA_r3m_bn_bi_rho0p25_eps0p05_lr1e4_i40000	r3m_bn_bi	LITE_RUNNING
2026-08-07T12:19:02+12:00	hpsA_r3m_bn_bi_rho0p25_eps0p05_lr1e4_i40000	r3m_bn_bi	LITE_COMPLETE
2026-08-07T12:19:02+12:00	hpsA_r3m_bn_bi_rho0p25_eps0p05_lr1e4_i40000	r3m_bn_bi	LITE_RUNNING
2026-08-07T12:19:11+12:00	hpsA_r3m_bn_bi_rho0p25_eps0p05_lr1e4_i40000	r3m_bn_bi	LITE_COMPLETE
2026-08-07T12:19:11+12:00	hpsA_r3m_bn_bi_rho0p25_eps0p05_lr1e4_i40000	r3m_bn_bi	LITE_RUNNING
2026-08-07T12:19:20+12:00	hpsA_r3m_bn_bi_rho0p25_eps0p05_lr1e4_i40000	r3m_bn_bi	LITE_COMPLETE
2026-08-07T12:19:20+12:00	hpsA_r3m_bn_bi_rho0p25_eps0p05_lr1e4_i40000	r3m_bn_bi	LITE_RUNNING
2026-08-07T12:19:29+12:00	hpsA_r3m_bn_bi_rho0p25_eps0p05_lr1e4_i40000	r3m_bn_bi	LITE_COMPLETE
2026-08-07T12:19:29+12:00	hpsA_r3m_bn_bi_rho0p25_eps0p05_lr1e4_i40000	r3m_bn_bi	LITE_RUNNING
2026-08-07T12:19:38+12:00	hpsA_r3m_bn_bi_rho0p25_eps0p05_lr1e4_i40000	r3m_bn_bi	LITE_COMPLETE
2026-08-07T12:19:38+12:00	hpsA_r3m_bn_bi_rho0p25_eps0p05_lr1e4_i40000	r3m_bn_bi	LITE_RUNNING
2026-08-07T12:19:47+12:00	hpsA_r3m_bn_bi_rho0p25_eps0p05_lr1e4_i40000	r3m_bn_bi	LITE_COMPLETE
2026-08-07T12:19:47+12:00	hpsA_r3m_bn_bi_rho0p25_eps0p05_lr1e4_i40000	r3m_bn_bi	LITE_RUNNING
2026-08-07T12:19:55+12:00	hpsA_r3m_bn_bi_rho0p25_eps0p05_lr1e4_i40000	r3m_bn_bi	LITE_COMPLETE
2026-08-07T12:19:55+12:00	hpsA_r3m_bn_bi_rho0p25_eps0p05_lr1e4_i40000	r3m_bn_bi	LITE_RUNNING
2026-08-07T12:20:04+12:00	hpsA_r3m_bn_bi_rho0p25_eps0p05_lr1e4_i40000	r3m_bn_bi	LITE_COMPLETE
2026-08-07T12:20:04+12:00	hpsA_r3m_bn_bi_rho0p25_eps0p05_lr1e4_i40000	r3m_bn_bi	LITE_RUNNING
2026-08-07T12:20:13+12:00	hpsA_r3m_bn_bi_rho0p25_eps0p05_lr1e4_i40000	r3m_bn_bi	LITE_COMPLETE
2026-08-07T12:20:13+12:00	hpsA_r3m_bn_bi_rho0p25_eps0p05_lr1e4_i40000	r3m_bn_bi	LITE_RUNNING
2026-08-07T12:20:22+12:00	hpsA_r3m_bn_bi_rho0p25_eps0p05_lr1e4_i40000	r3m_bn_bi	LITE_COMPLETE
2026-08-07T12:20:22+12:00	hpsA_r3m_bn_bi_rho0p25_eps0p05_lr1e4_i40000	r3m_bn_bi	LITE_RUNNING
2026-08-07T12:20:31+12:00	hpsA_r3m_bn_bi_rho0p25_eps0p05_lr1e4_i40000	r3m_bn_bi	LITE_COMPLETE
2026-08-07T12:20:31+12:00	hpsA_r3m_bn_bi_rho0p25_eps0p05_lr1e4_i40000	r3m_bn_bi	LITE_RUNNING
2026-08-07T12:20:40+12:00	hpsA_r3m_bn_bi_rho0p25_eps0p05_lr1e4_i40000	r3m_bn_bi	LITE_COMPLETE
2026-08-07T12:20:40+12:00	hpsA_r3m_bn_bi_rho0p25_eps0p05_lr1e4_i40000	r3m_bn_bi	LITE_RUNNING
2026-08-07T12:20:49+12:00	hpsA_r3m_bn_bi_rho0p25_eps0p05_lr1e4_i40000	r3m_bn_bi	LITE_COMPLETE
2026-08-07T12:20:49+12:00	hpsA_r3m_bn_bi_rho0p25_eps0p05_lr1e4_i40000	r3m_bn_bi	LITE_RUNNING
2026-08-07T12:20:58+12:00	hpsA_r3m_bn_bi_rho0p25_eps0p05_lr1e4_i40000	r3m_bn_bi	LITE_COMPLETE
2026-08-07T12:20:58+12:00	hpsA_r3m_bn_bi_rho0p25_eps0p05_lr1e4_i40000	r3m_bn_bi	LITE_RUNNING
2026-08-07T12:21:07+12:00	hpsA_r3m_bn_bi_rho0p25_eps0p05_lr1e4_i40000	r3m_bn_bi	LITE_COMPLETE
2026-08-07T12:21:07+12:00	hpsA_r3m_bn_bi_rho0p25_eps0p05_lr1e4_i40000	r3m_bn_bi	LITE_RUNNING
2026-08-07T12:21:16+12:00	hpsA_r3m_bn_bi_rho0p25_eps0p05_lr1e4_i40000	r3m_bn_bi	LITE_COMPLETE
2026-08-07T12:21:16+12:00	hpsA_r3m_bn_bi_rho0p25_eps0p05_lr1e4_i40000	r3m_bn_bi	LITE_RUNNING
2026-08-07T12:21:24+12:00	hpsA_r3m_bn_bi_rho0p25_eps0p05_lr1e4_i40000	r3m_bn_bi	LITE_COMPLETE
2026-08-07T12:21:24+12:00	hpsA_r3m_bn_bi_rho0p25_eps0p05_lr1e4_i40000	r3m_bn_bi	LITE_RUNNING
2026-08-07T12:21:33+12:00	hpsA_r3m_bn_bi_rho0p25_eps0p05_lr1e4_i40000	r3m_bn_bi	LITE_COMPLETE
2026-08-07T12:21:33+12:00	hpsA_r3m_bn_bi_rho0p25_eps0p05_lr1e4_i40000	r3m_bn_bi	LITE_RUNNING
2026-08-07T12:21:42+12:00	hpsA_r3m_bn_bi_rho0p25_eps0p05_lr1e4_i40000	r3m_bn_bi	LITE_COMPLETE
2026-08-07T12:21:42+12:00	hpsA_r3m_bn_bi_rho0p25_eps0p05_lr1e4_i40000	r3m_bn_bi	LITE_RUNNING
2026-08-07T12:21:51+12:00	hpsA_r3m_bn_bi_rho0p25_eps0p05_lr1e4_i40000	r3m_bn_bi	LITE_COMPLETE
2026-08-07T12:21:51+12:00	hpsA_r3m_bn_bi_rho0p25_eps0p05_lr1e4_i40000	r3m_bn_bi	LITE_RUNNING
2026-08-07T12:22:00+12:00	hpsA_r3m_bn_bi_rho0p25_eps0p05_lr1e4_i40000	r3m_bn_bi	LITE_COMPLETE
2026-08-07T12:22:00+12:00	hpsA_r3m_bn_bi_rho0p25_eps0p05_lr1e4_i40000	r3m_bn_bi	LITE_RUNNING
2026-08-07T12:22:09+12:00	hpsA_r3m_bn_bi_rho0p25_eps0p05_lr1e4_i40000	r3m_bn_bi	LITE_COMPLETE
2026-08-07T12:22:09+12:00	hpsA_r3m_bn_bi_rho0p25_eps0p05_lr1e4_i40000	r3m_bn_bi	LITE_RUNNING
2026-08-07T12:22:18+12:00	hpsA_r3m_bn_bi_rho0p25_eps0p05_lr1e4_i40000	r3m_bn_bi	LITE_COMPLETE
2026-08-07T12:22:18+12:00	hpsA_r3m_bn_bi_rho0p25_eps0p05_lr1e4_i40000	r3m_bn_bi	LITE_RUNNING
2026-08-07T12:22:27+12:00	hpsA_r3m_bn_bi_rho0p25_eps0p05_lr1e4_i40000	r3m_bn_bi	LITE_COMPLETE
2026-08-07T12:22:27+12:00	hpsA_r3m_bn_bi_rho0p25_eps0p05_lr1e4_i40000	r3m_bn_bi	LITE_RUNNING
2026-08-07T12:22:36+12:00	hpsA_r3m_bn_bi_rho0p25_eps0p05_lr1e4_i40000	r3m_bn_bi	LITE_COMPLETE
2026-08-07T12:22:36+12:00	hpsA_r3m_bn_bi_rho0p25_eps0p05_lr1e4_i40000	r3m_bn_bi	LITE_RUNNING
2026-08-07T12:22:45+12:00	hpsA_r3m_bn_bi_rho0p25_eps0p05_lr1e4_i40000	r3m_bn_bi	LITE_COMPLETE
2026-08-07T12:22:45+12:00	hpsA_r3m_bn_bi_rho0p25_eps0p05_lr1e4_i40000	r3m_bn_bi	LITE_RUNNING
2026-08-07T12:22:53+12:00	hpsA_r3m_bn_bi_rho0p25_eps0p05_lr1e4_i40000	r3m_bn_bi	LITE_COMPLETE
2026-08-07T12:22:53+12:00	hpsA_r3m_bn_bi_rho0p25_eps0p05_lr1e4_i40000	r3m_bn_bi	LITE_RUNNING
2026-08-07T12:23:02+12:00	hpsA_r3m_bn_bi_rho0p25_eps0p05_lr1e4_i40000	r3m_bn_bi	LITE_COMPLETE
2026-08-07T12:23:02+12:00	hpsA_r3m_bn_bi_rho0p25_eps0p05_lr1e4_i40000	r3m_bn_bi	LITE_RUNNING
2026-08-07T12:23:11+12:00	hpsA_r3m_bn_bi_rho0p25_eps0p05_lr1e4_i40000	r3m_bn_bi	LITE_COMPLETE
2026-08-07T12:23:11+12:00	hpsA_r3m_bn_bi_rho0p25_eps0p05_lr1e4_i40000	r3m_bn_bi	LITE_RUNNING
2026-08-07T12:23:20+12:00	hpsA_r3m_bn_bi_rho0p25_eps0p05_lr1e4_i40000	r3m_bn_bi	LITE_COMPLETE
2026-08-07T12:23:20+12:00	hpsA_r3m_bn_bi_rho0p25_eps0p05_lr1e4_i40000	r3m_bn_bi	LITE_RUNNING
2026-08-07T12:23:29+12:00	hpsA_r3m_bn_bi_rho0p25_eps0p05_lr1e4_i40000	r3m_bn_bi	LITE_COMPLETE
2026-08-07T12:23:29+12:00	hpsA_r3m_bn_bi_rho0p25_eps0p05_lr1e4_i40000	r3m_bn_bi	LITE_RUNNING
2026-08-07T12:23:38+12:00	hpsA_r3m_bn_bi_rho0p25_eps0p05_lr1e4_i40000	r3m_bn_bi	LITE_COMPLETE
2026-08-07T12:23:38+12:00	hpsA_r3m_bn_bi_rho0p25_eps0p05_lr1e4_i40000	r3m_bn_bi	LITE_RUNNING
2026-08-07T12:23:47+12:00	hpsA_r3m_bn_bi_rho0p25_eps0p05_lr1e4_i40000	r3m_bn_bi	LITE_COMPLETE
2026-08-07T12:23:47+12:00	hpsA_r3m_bn_bi_rho0p25_eps0p05_lr1e4_i40000	r3m_bn_bi	LITE_RUNNING
2026-08-07T12:23:56+12:00	hpsA_r3m_bn_bi_rho0p25_eps0p05_lr1e4_i40000	r3m_bn_bi	LITE_COMPLETE
2026-08-07T12:23:56+12:00	hpsA_r3m_bn_bi_rho0p25_eps0p05_lr1e4_i40000	r3m_bn_bi	LITE_RUNNING
2026-08-07T12:24:05+12:00	hpsA_r3m_bn_bi_rho0p25_eps0p05_lr1e4_i40000	r3m_bn_bi	LITE_COMPLETE
2026-08-07T12:24:05+12:00	hpsA_r3m_bn_bi_rho0p25_eps0p05_lr1e4_i40000	r3m_bn_bi	LITE_RUNNING
2026-08-07T12:24:14+12:00	hpsA_r3m_bn_bi_rho0p25_eps0p05_lr1e4_i40000	r3m_bn_bi	LITE_COMPLETE
2026-08-07T12:24:14+12:00	hpsA_r3m_bn_bi_rho0p25_eps0p05_lr1e4_i40000	r3m_bn_bi	LITE_RUNNING
2026-08-07T12:24:23+12:00	hpsA_r3m_bn_bi_rho0p25_eps0p05_lr1e4_i40000	r3m_bn_bi	LITE_COMPLETE
2026-08-07T12:24:23+12:00	hpsA_r3m_bn_bi_rho0p25_eps0p05_lr1e4_i40000	r3m_bn_bi	LITE_RUNNING
2026-08-07T12:24:31+12:00	hpsA_r3m_bn_bi_rho0p25_eps0p05_lr1e4_i40000	r3m_bn_bi	LITE_COMPLETE
2026-08-07T12:24:31+12:00	hpsA_r3m_bn_bi_rho0p25_eps0p05_lr1e4_i40000	r3m_bn_bi	LITE_RUNNING
2026-08-07T12:24:40+12:00	hpsA_r3m_bn_bi_rho0p25_eps0p05_lr1e4_i40000	r3m_bn_bi	LITE_COMPLETE
2026-08-07T12:24:40+12:00	hpsA_r3m_bn_bi_rho0p25_eps0p05_lr1e4_i40000	r3m_bn_bi	LITE_RUNNING
2026-08-07T12:24:49+12:00	hpsA_r3m_bn_bi_rho0p25_eps0p05_lr1e4_i40000	r3m_bn_bi	LITE_COMPLETE
2026-08-07T12:24:49+12:00	hpsA_r3m_bn_bi_rho0p25_eps0p05_lr1e4_i40000	r3m_bn_bi	LITE_RUNNING
2026-08-07T12:24:58+12:00	hpsA_r3m_bn_bi_rho0p25_eps0p05_lr1e4_i40000	r3m_bn_bi	LITE_COMPLETE
2026-08-07T12:24:58+12:00	hpsA_r3m_bn_bi_rho0p25_eps0p05_lr1e4_i40000	r3m_bn_bi	LITE_RUNNING
2026-08-07T12:25:07+12:00	hpsA_r3m_bn_bi_rho0p25_eps0p05_lr1e4_i40000	r3m_bn_bi	LITE_COMPLETE
2026-08-07T12:25:07+12:00	hpsA_r3m_bn_bi_rho0p25_eps0p05_lr1e4_i40000	r3m_bn_bi	LITE_RUNNING
2026-08-07T12:25:16+12:00	hpsA_r3m_bn_bi_rho0p25_eps0p05_lr1e4_i40000	r3m_bn_bi	LITE_COMPLETE
2026-08-07T12:25:16+12:00	hpsA_r3m_bn_bi_rho0p25_eps0p05_lr1e4_i40000	r3m_bn_bi	LITE_RUNNING
2026-08-07T12:25:25+12:00	hpsA_r3m_bn_bi_rho0p25_eps0p05_lr1e4_i40000	r3m_bn_bi	LITE_COMPLETE
2026-08-07T12:25:25+12:00	hpsA_r3m_bn_bi_rho0p25_eps0p05_lr1e4_i40000	r3m_bn_bi	LITE_RUNNING
2026-08-07T12:25:34+12:00	hpsA_r3m_bn_bi_rho0p25_eps0p05_lr1e4_i40000	r3m_bn_bi	LITE_COMPLETE
2026-08-07T12:25:34+12:00	hpsA_r3m_bn_bi_rho0p25_eps0p05_lr1e4_i40000	r3m_bn_bi	LITE_RUNNING
2026-08-07T12:25:43+12:00	hpsA_r3m_bn_bi_rho0p25_eps0p05_lr1e4_i40000	r3m_bn_bi	LITE_COMPLETE
2026-08-07T12:25:43+12:00	hpsA_r3m_bn_bi_rho0p25_eps0p05_lr1e4_i40000	r3m_bn_bi	LITE_RUNNING
2026-08-07T12:25:52+12:00	hpsA_r3m_bn_bi_rho0p25_eps0p05_lr1e4_i40000	r3m_bn_bi	LITE_COMPLETE
2026-08-07T12:25:52+12:00	hpsA_r3m_bn_bi_rho0p25_eps0p05_lr1e4_i40000	r3m_bn_bi	LITE_RUNNING
2026-08-07T12:26:01+12:00	hpsA_r3m_bn_bi_rho0p25_eps0p05_lr1e4_i40000	r3m_bn_bi	LITE_COMPLETE
2026-08-07T12:26:01+12:00	hpsA_r3m_bn_bi_rho0p25_eps0p05_lr1e4_i40000	r3m_bn_bi	LITE_RUNNING
2026-08-07T12:26:09+12:00	hpsA_r3m_bn_bi_rho0p25_eps0p05_lr1e4_i40000	r3m_bn_bi	LITE_COMPLETE
2026-08-07T12:26:09+12:00	hpsA_r3m_bn_bi_rho0p25_eps0p05_lr1e4_i40000	r3m_bn_bi	LITE_RUNNING
2026-08-07T12:26:18+12:00	hpsA_r3m_bn_bi_rho0p25_eps0p05_lr1e4_i40000	r3m_bn_bi	LITE_COMPLETE
2026-08-07T12:26:18+12:00	hpsA_r3m_bn_bi_rho0p25_eps0p05_lr1e4_i40000	r3m_bn_bi	LITE_RUNNING
2026-08-07T12:26:27+12:00	hpsA_r3m_bn_bi_rho0p25_eps0p05_lr1e4_i40000	r3m_bn_bi	LITE_COMPLETE
2026-08-07T12:26:27+12:00	hpsA_r3m_bn_bi_rho0p25_eps0p05_lr1e4_i40000	r3m_bn_bi	LITE_RUNNING
2026-08-07T12:26:36+12:00	hpsA_r3m_bn_bi_rho0p25_eps0p05_lr1e4_i40000	r3m_bn_bi	LITE_COMPLETE
2026-08-07T12:26:36+12:00	hpsA_r3m_bn_bi_rho0p25_eps0p05_lr1e4_i40000	r3m_bn_bi	LITE_RUNNING
2026-08-07T12:26:45+12:00	hpsA_r3m_bn_bi_rho0p25_eps0p05_lr1e4_i40000	r3m_bn_bi	LITE_COMPLETE
2026-08-07T12:26:45+12:00	hpsA_r3m_bn_bi_rho0p25_eps0p05_lr1e4_i40000	r3m_bn_bi	LITE_RUNNING
2026-08-07T12:26:54+12:00	hpsA_r3m_bn_bi_rho0p25_eps0p05_lr1e4_i40000	r3m_bn_bi	LITE_COMPLETE
2026-08-07T12:26:54+12:00	hpsA_r3m_bn_bi_rho0p25_eps0p05_lr1e4_i40000	r3m_bn_bi	LITE_RUNNING
2026-08-07T12:27:03+12:00	hpsA_r3m_bn_bi_rho0p25_eps0p05_lr1e4_i40000	r3m_bn_bi	LITE_COMPLETE
2026-08-07T12:27:03+12:00	hpsA_r3m_bn_bi_rho0p25_eps0p05_lr1e4_i40000	r3m_bn_bi	LITE_RUNNING
2026-08-07T12:27:12+12:00	hpsA_r3m_bn_bi_rho0p25_eps0p05_lr1e4_i40000	r3m_bn_bi	LITE_COMPLETE
2026-08-07T12:27:12+12:00	hpsA_r3m_bn_bi_rho0p25_eps0p05_lr1e4_i40000	r3m_bn_bi	LITE_RUNNING
2026-08-07T12:27:21+12:00	hpsA_r3m_bn_bi_rho0p25_eps0p05_lr1e4_i40000	r3m_bn_bi	LITE_COMPLETE
2026-08-07T12:27:21+12:00	hpsA_r3m_bn_bi_rho0p25_eps0p05_lr1e4_i40000	r3m_bn_bi	LITE_RUNNING
2026-08-07T12:27:30+12:00	hpsA_r3m_bn_bi_rho0p25_eps0p05_lr1e4_i40000	r3m_bn_bi	LITE_COMPLETE
2026-08-07T12:27:30+12:00	hpsA_r3m_bn_bi_rho0p25_eps0p05_lr1e4_i40000	r3m_bn_bi	LITE_RUNNING
2026-08-07T12:27:38+12:00	hpsA_r3m_bn_bi_rho0p25_eps0p05_lr1e4_i40000	r3m_bn_bi	LITE_COMPLETE
2026-08-07T12:27:38+12:00	hpsA_r3m_bn_bi_rho0p25_eps0p05_lr1e4_i40000	r3m_bn_bi	LITE_RUNNING
2026-08-07T12:27:47+12:00	hpsA_r3m_bn_bi_rho0p25_eps0p05_lr1e4_i40000	r3m_bn_bi	LITE_COMPLETE
2026-08-07T12:27:47+12:00	hpsA_r3m_bn_bi_rho0p25_eps0p05_lr1e4_i40000	r3m_bn_bi	LITE_RUNNING
2026-08-07T12:27:56+12:00	hpsA_r3m_bn_bi_rho0p25_eps0p05_lr1e4_i40000	r3m_bn_bi	LITE_COMPLETE
2026-08-07T12:27:56+12:00	hpsA_r3m_bn_bi_rho0p25_eps0p05_lr1e4_i40000	r3m_bn_bi	LITE_RUNNING
2026-08-07T12:28:05+12:00	hpsA_r3m_bn_bi_rho0p25_eps0p05_lr1e4_i40000	r3m_bn_bi	LITE_COMPLETE
2026-08-07T12:28:05+12:00	hpsA_r3m_bn_bi_rho0p25_eps0p05_lr1e4_i40000	r3m_bn_bi	LITE_RUNNING
2026-08-07T12:28:14+12:00	hpsA_r3m_bn_bi_rho0p25_eps0p05_lr1e4_i40000	r3m_bn_bi	LITE_COMPLETE
2026-08-07T12:28:14+12:00	hpsA_r3m_bn_bi_rho0p25_eps0p05_lr1e4_i40000	r3m_bn_bi	LITE_RUNNING
2026-08-07T12:28:23+12:00	hpsA_r3m_bn_bi_rho0p25_eps0p05_lr1e4_i40000	r3m_bn_bi	LITE_COMPLETE
2026-08-07T12:28:23+12:00	hpsA_r3m_bn_bi_rho0p25_eps0p05_lr1e4_i40000	r3m_bn_bi	LITE_RUNNING
2026-08-07T12:28:32+12:00	hpsA_r3m_bn_bi_rho0p25_eps0p05_lr1e4_i40000	r3m_bn_bi	LITE_COMPLETE
2026-08-07T12:28:32+12:00	hpsA_r3m_bn_bi_rho0p25_eps0p05_lr1e4_i40000	r3m_bn_bi	LITE_RUNNING
2026-08-07T12:28:41+12:00	hpsA_r3m_bn_bi_rho0p25_eps0p05_lr1e4_i40000	r3m_bn_bi	LITE_COMPLETE
2026-08-07T12:28:41+12:00	hpsA_r3m_bn_bi_rho0p25_eps0p05_lr1e4_i40000	r3m_bn_bi	LITE_RUNNING
2026-08-07T12:28:50+12:00	hpsA_r3m_bn_bi_rho0p25_eps0p05_lr1e4_i40000	r3m_bn_bi	LITE_COMPLETE
2026-08-07T12:28:50+12:00	hpsA_r3m_bn_bi_rho0p25_eps0p05_lr1e4_i40000	r3m_bn_bi	LITE_RUNNING
2026-08-07T12:28:59+12:00	hpsA_r3m_bn_bi_rho0p25_eps0p05_lr1e4_i40000	r3m_bn_bi	LITE_COMPLETE
2026-08-07T12:28:59+12:00	hpsA_r3m_bn_bi_rho0p25_eps0p05_lr1e4_i40000	r3m_bn_bi	LITE_RUNNING
2026-08-07T12:29:07+12:00	hpsA_r3m_bn_bi_rho0p25_eps0p05_lr1e4_i40000	r3m_bn_bi	LITE_COMPLETE
2026-08-07T12:29:07+12:00	hpsA_r3m_bn_bi_rho0p25_eps0p05_lr1e4_i40000	r3m_bn_bi	LITE_RUNNING
2026-08-07T12:29:16+12:00	hpsA_r3m_bn_bi_rho0p25_eps0p05_lr1e4_i40000	r3m_bn_bi	LITE_COMPLETE
2026-08-07T12:29:16+12:00	hpsA_r3m_bn_bi_rho0p25_eps0p05_lr1e4_i40000	r3m_bn_bi	LITE_RUNNING
2026-08-07T12:29:25+12:00	hpsA_r3m_bn_bi_rho0p25_eps0p05_lr1e4_i40000	r3m_bn_bi	LITE_COMPLETE
2026-08-07T12:29:25+12:00	hpsA_r3m_bn_bi_rho0p25_eps0p05_lr1e4_i40000	r3m_bn_bi	LITE_RUNNING
2026-08-07T12:29:34+12:00	hpsA_r3m_bn_bi_rho0p25_eps0p05_lr1e4_i40000	r3m_bn_bi	LITE_COMPLETE
2026-08-07T12:29:34+12:00	hpsA_r3m_bn_bi_rho0p25_eps0p05_lr1e4_i40000	r3m_bn_bi	LITE_RUNNING
2026-08-07T12:29:43+12:00	hpsA_r3m_bn_bi_rho0p25_eps0p05_lr1e4_i40000	r3m_bn_bi	LITE_COMPLETE
2026-08-07T12:29:43+12:00	hpsA_r3m_bn_bi_rho0p25_eps0p05_lr1e4_i40000	r3m_bn_bi	LITE_RUNNING
2026-08-07T12:29:52+12:00	hpsA_r3m_bn_bi_rho0p25_eps0p05_lr1e4_i40000	r3m_bn_bi	LITE_COMPLETE
2026-08-07T12:29:52+12:00	hpsA_r3m_bn_bi_rho0p25_eps0p05_lr1e4_i40000	r3m_bn_bi	LITE_RUNNING
2026-08-07T12:30:01+12:00	hpsA_r3m_bn_bi_rho0p25_eps0p05_lr1e4_i40000	r3m_bn_bi	LITE_COMPLETE
2026-08-07T12:30:01+12:00	hpsA_r3m_bn_bi_rho0p25_eps0p05_lr1e4_i40000	r3m_bn_bi	LITE_RUNNING
2026-08-07T12:30:10+12:00	hpsA_r3m_bn_bi_rho0p25_eps0p05_lr1e4_i40000	r3m_bn_bi	LITE_COMPLETE
2026-08-07T12:30:10+12:00	hpsA_r3m_bn_bi_rho0p25_eps0p05_lr1e4_i40000	r3m_bn_bi	LITE_RUNNING
2026-08-07T12:30:19+12:00	hpsA_r3m_bn_bi_rho0p25_eps0p05_lr1e4_i40000	r3m_bn_bi	LITE_COMPLETE
2026-08-07T12:30:19+12:00	hpsA_r3m_bn_bi_rho0p25_eps0p05_lr1e4_i40000	r3m_bn_bi	LITE_RUNNING
2026-08-07T12:30:28+12:00	hpsA_r3m_bn_bi_rho0p25_eps0p05_lr1e4_i40000	r3m_bn_bi	LITE_COMPLETE
2026-08-07T12:30:28+12:00	hpsA_r3m_bn_bi_rho0p25_eps0p05_lr1e4_i40000	r3m_bn_bi	LITE_RUNNING
2026-08-07T12:30:36+12:00	hpsA_r3m_bn_bi_rho0p25_eps0p05_lr1e4_i40000	r3m_bn_bi	LITE_COMPLETE
2026-08-07T12:30:36+12:00	hpsA_r3m_bn_bi_rho0p25_eps0p05_lr1e4_i40000	r3m_bn_bi	LITE_RUNNING
2026-08-07T12:30:45+12:00	hpsA_r3m_bn_bi_rho0p25_eps0p05_lr1e4_i40000	r3m_bn_bi	LITE_COMPLETE
2026-08-07T12:30:45+12:00	hpsA_r3m_bn_bi_rho0p25_eps0p05_lr1e4_i40000	r3m_bn_bi	LITE_RUNNING
2026-08-07T12:30:54+12:00	hpsA_r3m_bn_bi_rho0p25_eps0p05_lr1e4_i40000	r3m_bn_bi	LITE_COMPLETE
2026-08-07T12:30:54+12:00	hpsA_r3m_bn_bi_rho0p25_eps0p05_lr1e4_i40000	r3m_bn_bi	LITE_RUNNING
2026-08-07T12:31:03+12:00	hpsA_r3m_bn_bi_rho0p25_eps0p05_lr1e4_i40000	r3m_bn_bi	LITE_COMPLETE
2026-08-07T12:31:03+12:00	hpsA_r3m_bn_bi_rho0p25_eps0p05_lr1e4_i40000	r3m_bn_bi	LITE_RUNNING
2026-08-07T12:31:12+12:00	hpsA_r3m_bn_bi_rho0p25_eps0p05_lr1e4_i40000	r3m_bn_bi	LITE_COMPLETE
2026-08-07T12:31:12+12:00	hpsA_r3m_bn_bi_rho0p25_eps0p05_lr1e4_i40000	r3m_bn_bi	LITE_RUNNING
2026-08-07T12:31:21+12:00	hpsA_r3m_bn_bi_rho0p25_eps0p05_lr1e4_i40000	r3m_bn_bi	LITE_COMPLETE
2026-08-07T12:31:21+12:00	hpsA_r3m_bn_bi_rho0p25_eps0p05_lr1e4_i40000	r3m_bn_bi	LITE_RUNNING
2026-08-07T12:31:30+12:00	hpsA_r3m_bn_bi_rho0p25_eps0p05_lr1e4_i40000	r3m_bn_bi	LITE_COMPLETE
2026-08-07T12:31:30+12:00	hpsA_r3m_bn_bi_rho0p25_eps0p05_lr1e4_i40000	r3m_bn_bi	LITE_RUNNING
2026-08-07T12:31:39+12:00	hpsA_r3m_bn_bi_rho0p25_eps0p05_lr1e4_i40000	r3m_bn_bi	LITE_COMPLETE
2026-08-07T12:31:39+12:00	hpsA_r3m_bn_bi_rho0p25_eps0p05_lr1e4_i40000	r3m_bn_bi	LITE_RUNNING
2026-08-07T12:31:47+12:00	hpsA_r3m_bn_bi_rho0p25_eps0p05_lr1e4_i40000	r3m_bn_bi	LITE_COMPLETE
2026-08-07T12:31:47+12:00	hpsA_r3m_bn_bi_rho0p25_eps0p05_lr1e4_i40000	r3m_bn_bi	LITE_RUNNING
2026-08-07T12:31:56+12:00	hpsA_r3m_bn_bi_rho0p25_eps0p05_lr1e4_i40000	r3m_bn_bi	LITE_COMPLETE
2026-08-07T12:31:56+12:00	hpsA_r3m_bn_bi_rho0p25_eps0p05_lr1e4_i40000	r3m_bn_bi	LITE_RUNNING
2026-08-07T12:32:05+12:00	hpsA_r3m_bn_bi_rho0p25_eps0p05_lr1e4_i40000	r3m_bn_bi	LITE_COMPLETE
2026-08-07T12:32:05+12:00	hpsA_r3m_bn_bi_rho0p25_eps0p05_lr1e4_i40000	r3m_bn_bi	LITE_RUNNING
2026-08-07T12:32:14+12:00	hpsA_r3m_bn_bi_rho0p25_eps0p05_lr1e4_i40000	r3m_bn_bi	LITE_COMPLETE
2026-08-07T12:32:14+12:00	hpsA_r3m_bn_bi_rho0p25_eps0p05_lr1e4_i40000	r3m_bn_bi	LITE_RUNNING
2026-08-07T12:32:23+12:00	hpsA_r3m_bn_bi_rho0p25_eps0p05_lr1e4_i40000	r3m_bn_bi	LITE_COMPLETE
2026-08-07T12:32:23+12:00	hpsA_r3m_bn_bi_rho0p25_eps0p05_lr1e4_i40000	r3m_bn_bi	LITE_RUNNING
2026-08-07T12:32:32+12:00	hpsA_r3m_bn_bi_rho0p25_eps0p05_lr1e4_i40000	r3m_bn_bi	LITE_COMPLETE
2026-08-07T12:32:32+12:00	hpsA_r3m_bn_bi_rho0p25_eps0p05_lr1e4_i40000	r3m_bn_bi	LITE_RUNNING
2026-08-07T12:32:41+12:00	hpsA_r3m_bn_bi_rho0p25_eps0p05_lr1e4_i40000	r3m_bn_bi	LITE_COMPLETE
2026-08-07T12:32:41+12:00	hpsA_r3m_bn_bi_rho0p25_eps0p05_lr1e4_i40000	r3m_bn_bi	LITE_RUNNING
2026-08-07T12:32:50+12:00	hpsA_r3m_bn_bi_rho0p25_eps0p05_lr1e4_i40000	r3m_bn_bi	LITE_COMPLETE
2026-08-07T12:32:50+12:00	hpsA_r3m_bn_bi_rho0p25_eps0p05_lr1e4_i40000	r3m_bn_bi	LITE_RUNNING
2026-08-07T12:32:59+12:00	hpsA_r3m_bn_bi_rho0p25_eps0p05_lr1e4_i40000	r3m_bn_bi	LITE_COMPLETE
2026-08-07T12:32:59+12:00	hpsA_r3m_bn_bi_rho0p25_eps0p05_lr1e4_i40000	r3m_bn_bi	LITE_RUNNING
2026-08-07T12:33:08+12:00	hpsA_r3m_bn_bi_rho0p25_eps0p05_lr1e4_i40000	r3m_bn_bi	LITE_COMPLETE
2026-08-07T12:33:08+12:00	hpsA_r3m_bn_bi_rho0p25_eps0p05_lr1e4_i40000	r3m_bn_bi	LITE_RUNNING
2026-08-07T12:33:17+12:00	hpsA_r3m_bn_bi_rho0p25_eps0p05_lr1e4_i40000	r3m_bn_bi	LITE_COMPLETE
2026-08-07T12:33:17+12:00	hpsA_r3m_bn_bi_rho0p25_eps0p05_lr1e4_i40000	r3m_bn_bi	LITE_RUNNING
2026-08-07T12:33:25+12:00	hpsA_r3m_bn_bi_rho0p25_eps0p05_lr1e4_i40000	r3m_bn_bi	LITE_COMPLETE
2026-08-07T12:33:25+12:00	hpsA_r3m_bn_bi_rho0p25_eps0p05_lr1e4_i40000	r3m_bn_bi	LITE_RUNNING
2026-08-07T12:33:34+12:00	hpsA_r3m_bn_bi_rho0p25_eps0p05_lr1e4_i40000	r3m_bn_bi	LITE_COMPLETE
2026-08-07T12:33:34+12:00	hpsA_r3m_bn_bi_rho0p25_eps0p05_lr1e4_i40000	r3m_bn_bi	LITE_RUNNING
2026-08-07T12:33:43+12:00	hpsA_r3m_bn_bi_rho0p25_eps0p05_lr1e4_i40000	r3m_bn_bi	LITE_COMPLETE
2026-08-07T12:33:43+12:00	hpsA_r3m_bn_bi_rho0p25_eps0p05_lr1e4_i40000	r3m_bn_bi	LITE_RUNNING
2026-08-07T12:33:52+12:00	hpsA_r3m_bn_bi_rho0p25_eps0p05_lr1e4_i40000	r3m_bn_bi	LITE_COMPLETE
2026-08-07T12:33:52+12:00	hpsA_r3m_bn_bi_rho0p25_eps0p05_lr1e4_i40000	r3m_bn_bi	LITE_RUNNING
2026-08-07T12:34:01+12:00	hpsA_r3m_bn_bi_rho0p25_eps0p05_lr1e4_i40000	r3m_bn_bi	LITE_COMPLETE
2026-08-07T12:34:01+12:00	hpsA_r3m_bn_bi_rho0p25_eps0p05_lr1e4_i40000	r3m_bn_bi	LITE_RUNNING
2026-08-07T12:34:10+12:00	hpsA_r3m_bn_bi_rho0p25_eps0p05_lr1e4_i40000	r3m_bn_bi	LITE_COMPLETE
2026-08-07T12:34:10+12:00	hpsA_r3m_bn_bi_rho0p25_eps0p05_lr1e4_i40000	r3m_bn_bi	LITE_RUNNING
2026-08-07T12:34:19+12:00	hpsA_r3m_bn_bi_rho0p25_eps0p05_lr1e4_i40000	r3m_bn_bi	LITE_COMPLETE
2026-08-07T12:34:19+12:00	hpsA_r3m_bn_bi_rho0p25_eps0p05_lr1e4_i40000	r3m_bn_bi	LITE_RUNNING
2026-08-07T12:34:28+12:00	hpsA_r3m_bn_bi_rho0p25_eps0p05_lr1e4_i40000	r3m_bn_bi	LITE_COMPLETE
2026-08-07T12:34:28+12:00	hpsA_r3m_bn_bi_rho0p25_eps0p05_lr1e4_i40000	r3m_bn_bi	LITE_RUNNING
2026-08-07T12:34:37+12:00	hpsA_r3m_bn_bi_rho0p25_eps0p05_lr1e4_i40000	r3m_bn_bi	LITE_COMPLETE
2026-08-07T12:34:37+12:00	hpsA_r3m_bn_bi_rho0p25_eps0p05_lr1e4_i40000	r3m_bn_bi	LITE_RUNNING
2026-08-07T12:34:46+12:00	hpsA_r3m_bn_bi_rho0p25_eps0p05_lr1e4_i40000	r3m_bn_bi	LITE_COMPLETE
2026-08-07T12:34:46+12:00	hpsA_r3m_bn_bi_rho0p25_eps0p05_lr1e4_i40000	r3m_bn_bi	LITE_RUNNING
2026-08-07T12:34:54+12:00	hpsA_r3m_bn_bi_rho0p25_eps0p05_lr1e4_i40000	r3m_bn_bi	LITE_COMPLETE
2026-08-07T12:34:54+12:00	hpsA_r3m_bn_bi_rho0p25_eps0p05_lr1e4_i40000	r3m_bn_bi	LITE_RUNNING
2026-08-07T12:35:03+12:00	hpsA_r3m_bn_bi_rho0p25_eps0p05_lr1e4_i40000	r3m_bn_bi	LITE_COMPLETE
2026-08-07T12:35:03+12:00	hpsA_r3m_bn_bi_rho0p25_eps0p05_lr1e4_i40000	r3m_bn_bi	LITE_RUNNING
2026-08-07T12:35:12+12:00	hpsA_r3m_bn_bi_rho0p25_eps0p05_lr1e4_i40000	r3m_bn_bi	LITE_COMPLETE
2026-08-07T12:35:12+12:00	hpsA_r3m_bn_bi_rho0p25_eps0p05_lr1e4_i40000	r3m_bn_bi	LITE_RUNNING
2026-08-07T12:35:21+12:00	hpsA_r3m_bn_bi_rho0p25_eps0p05_lr1e4_i40000	r3m_bn_bi	LITE_COMPLETE
2026-08-07T12:35:21+12:00	hpsA_r3m_bn_bi_rho0p25_eps0p05_lr1e4_i40000	r3m_bn_bi	LITE_RUNNING
2026-08-07T12:35:30+12:00	hpsA_r3m_bn_bi_rho0p25_eps0p05_lr1e4_i40000	r3m_bn_bi	LITE_COMPLETE
2026-08-07T12:35:30+12:00	hpsA_r3m_bn_bi_rho0p25_eps0p05_lr1e4_i40000	r3m_bn_bi	LITE_RUNNING
2026-08-07T12:35:39+12:00	hpsA_r3m_bn_bi_rho0p25_eps0p05_lr1e4_i40000	r3m_bn_bi	LITE_COMPLETE
2026-08-07T12:35:39+12:00	hpsA_r3m_bn_bi_rho0p25_eps0p05_lr1e4_i40000	r3m_bn_bi	LITE_RUNNING
2026-08-07T12:35:48+12:00	hpsA_r3m_bn_bi_rho0p25_eps0p05_lr1e4_i40000	r3m_bn_bi	LITE_COMPLETE
2026-08-07T12:35:48+12:00	hpsA_r3m_bn_bi_rho0p25_eps0p05_lr1e4_i40000	r3m_bn_bi	LITE_RUNNING
2026-08-07T12:35:57+12:00	hpsA_r3m_bn_bi_rho0p25_eps0p05_lr1e4_i40000	r3m_bn_bi	LITE_COMPLETE
2026-08-07T12:35:57+12:00	hpsA_r3m_bn_bi_rho0p25_eps0p05_lr1e4_i40000	r3m_bn_bi	LITE_RUNNING
2026-08-07T12:36:06+12:00	hpsA_r3m_bn_bi_rho0p25_eps0p05_lr1e4_i40000	r3m_bn_bi	LITE_COMPLETE
2026-08-07T12:36:06+12:00	hpsA_r3m_bn_bi_rho0p25_eps0p05_lr1e4_i40000	r3m_bn_bi	LITE_RUNNING
2026-08-07T12:36:15+12:00	hpsA_r3m_bn_bi_rho0p25_eps0p05_lr1e4_i40000	r3m_bn_bi	LITE_COMPLETE
2026-08-07T12:36:15+12:00	hpsA_r3m_bn_bi_rho0p25_eps0p05_lr1e4_i40000	r3m_bn_bi	LITE_RUNNING
2026-08-07T12:36:23+12:00	hpsA_r3m_bn_bi_rho0p25_eps0p05_lr1e4_i40000	r3m_bn_bi	LITE_COMPLETE
2026-08-07T12:36:23+12:00	hpsA_r3m_bn_bi_rho0p25_eps0p05_lr1e4_i40000	r3m_bn_bi	LITE_RUNNING
2026-08-07T12:36:32+12:00	hpsA_r3m_bn_bi_rho0p25_eps0p05_lr1e4_i40000	r3m_bn_bi	LITE_COMPLETE
2026-08-07T12:36:32+12:00	hpsA_r3m_bn_bi_rho0p25_eps0p05_lr1e4_i40000	r3m_bn_bi	LITE_RUNNING
2026-08-07T12:36:41+12:00	hpsA_r3m_bn_bi_rho0p25_eps0p05_lr1e4_i40000	r3m_bn_bi	LITE_COMPLETE
2026-08-07T12:36:41+12:00	hpsA_r3m_bn_bi_rho0p25_eps0p05_lr1e4_i40000	r3m_bn_bi	LITE_RUNNING
2026-08-07T12:36:50+12:00	hpsA_r3m_bn_bi_rho0p25_eps0p05_lr1e4_i40000	r3m_bn_bi	LITE_COMPLETE
2026-08-07T12:36:50+12:00	hpsA_r3m_bn_bi_rho0p25_eps0p05_lr1e4_i40000	r3m_bn_bi	LITE_RUNNING
2026-08-07T12:36:59+12:00	hpsA_r3m_bn_bi_rho0p25_eps0p05_lr1e4_i40000	r3m_bn_bi	LITE_COMPLETE
2026-08-07T12:36:59+12:00	hpsA_r3m_bn_bi_rho0p25_eps0p05_lr1e4_i40000	r3m_bn_bi	LITE_RUNNING
2026-08-07T12:37:08+12:00	hpsA_r3m_bn_bi_rho0p25_eps0p05_lr1e4_i40000	r3m_bn_bi	LITE_COMPLETE
2026-08-07T12:37:08+12:00	hpsA_r3m_bn_bi_rho0p25_eps0p05_lr1e4_i40000	r3m_bn_bi	LITE_RUNNING
2026-08-07T12:37:17+12:00	hpsA_r3m_bn_bi_rho0p25_eps0p05_lr1e4_i40000	r3m_bn_bi	LITE_COMPLETE
2026-08-07T12:37:17+12:00	hpsA_r3m_bn_bi_rho0p25_eps0p05_lr1e4_i40000	r3m_bn_bi	LITE_RUNNING
2026-08-07T12:37:26+12:00	hpsA_r3m_bn_bi_rho0p25_eps0p05_lr1e4_i40000	r3m_bn_bi	LITE_COMPLETE
2026-08-07T12:37:26+12:00	hpsA_r3m_bn_bi_rho0p25_eps0p05_lr1e4_i40000	r3m_bn_bi	LITE_RUNNING
2026-08-07T12:37:35+12:00	hpsA_r3m_bn_bi_rho0p25_eps0p05_lr1e4_i40000	r3m_bn_bi	LITE_COMPLETE
2026-08-07T12:37:35+12:00	hpsA_r3m_bn_bi_rho0p25_eps0p05_lr1e4_i40000	r3m_bn_bi	LITE_RUNNING
2026-08-07T12:37:44+12:00	hpsA_r3m_bn_bi_rho0p25_eps0p05_lr1e4_i40000	r3m_bn_bi	LITE_COMPLETE
2026-08-07T12:37:44+12:00	hpsA_r3m_bn_bi_rho0p25_eps0p05_lr1e4_i40000	r3m_bn_bi	LITE_RUNNING
2026-08-07T12:37:53+12:00	hpsA_r3m_bn_bi_rho0p25_eps0p05_lr1e4_i40000	r3m_bn_bi	LITE_COMPLETE
2026-08-07T12:37:53+12:00	hpsA_r3m_bn_bi_rho0p25_eps0p05_lr1e4_i40000	r3m_bn_bi	LITE_RUNNING
2026-08-07T12:38:01+12:00	hpsA_r3m_bn_bi_rho0p25_eps0p05_lr1e4_i40000	r3m_bn_bi	LITE_COMPLETE
2026-08-07T12:38:02+12:00	hpsA_r3m_bn_bi_rho0p25_eps0p05_lr1e4_i40000	r3m_bn_bi	LITE_RUNNING
2026-08-07T12:38:10+12:00	hpsA_r3m_bn_bi_rho0p25_eps0p05_lr1e4_i40000	r3m_bn_bi	LITE_COMPLETE
2026-08-07T12:38:10+12:00	hpsA_r3m_bn_bi_rho0p25_eps0p05_lr1e4_i40000	r3m_bn_bi	LITE_RUNNING
2026-08-07T12:38:19+12:00	hpsA_r3m_bn_bi_rho0p25_eps0p05_lr1e4_i40000	r3m_bn_bi	LITE_COMPLETE
2026-08-07T12:38:19+12:00	hpsA_r3m_bn_bi_rho0p25_eps0p05_lr1e4_i40000	r3m_bn_bi	LITE_RUNNING
2026-08-07T12:38:28+12:00	hpsA_r3m_bn_bi_rho0p25_eps0p05_lr1e4_i40000	r3m_bn_bi	LITE_COMPLETE
2026-08-07T12:38:28+12:00	hpsA_r3m_bn_bi_rho0p25_eps0p05_lr1e4_i40000	r3m_bn_bi	LITE_RUNNING
2026-08-07T12:38:37+12:00	hpsA_r3m_bn_bi_rho0p25_eps0p05_lr1e4_i40000	r3m_bn_bi	LITE_COMPLETE
2026-08-07T12:38:37+12:00	hpsA_r3m_bn_bi_rho0p25_eps0p05_lr1e4_i40000	r3m_bn_bi	LITE_RUNNING
2026-08-07T12:38:46+12:00	hpsA_r3m_bn_bi_rho0p25_eps0p05_lr1e4_i40000	r3m_bn_bi	LITE_COMPLETE
2026-08-07T12:38:46+12:00	hpsA_r3m_bn_bi_rho0p25_eps0p05_lr1e4_i40000	r3m_bn_bi	LITE_RUNNING
2026-08-07T12:38:55+12:00	hpsA_r3m_bn_bi_rho0p25_eps0p05_lr1e4_i40000	r3m_bn_bi	LITE_COMPLETE
2026-08-07T12:38:55+12:00	hpsA_r3m_bn_bi_rho0p25_eps0p05_lr1e4_i40000	r3m_bn_bi	LITE_RUNNING
2026-08-07T12:39:04+12:00	hpsA_r3m_bn_bi_rho0p25_eps0p05_lr1e4_i40000	r3m_bn_bi	LITE_COMPLETE
2026-08-07T12:39:04+12:00	hpsA_r3m_bn_bi_rho0p25_eps0p05_lr1e4_i40000	r3m_bn_bi	LITE_RUNNING
2026-08-07T12:39:13+12:00	hpsA_r3m_bn_bi_rho0p25_eps0p05_lr1e4_i40000	r3m_bn_bi	LITE_COMPLETE
2026-08-07T12:39:13+12:00	hpsA_r3m_bn_bi_rho0p25_eps0p05_lr1e4_i40000	r3m_bn_bi	LITE_RUNNING
2026-08-07T12:39:22+12:00	hpsA_r3m_bn_bi_rho0p25_eps0p05_lr1e4_i40000	r3m_bn_bi	LITE_COMPLETE
2026-08-07T12:39:22+12:00	hpsA_r3m_bn_bi_rho0p25_eps0p05_lr1e4_i40000	r3m_bn_bi	LITE_RUNNING
2026-08-07T12:39:31+12:00	hpsA_r3m_bn_bi_rho0p25_eps0p05_lr1e4_i40000	r3m_bn_bi	LITE_COMPLETE
2026-08-07T12:39:31+12:00	hpsA_r3m_bn_bi_rho0p25_eps0p05_lr1e4_i40000	r3m_bn_bi	LITE_RUNNING
2026-08-07T12:39:39+12:00	hpsA_r3m_bn_bi_rho0p25_eps0p05_lr1e4_i40000	r3m_bn_bi	LITE_COMPLETE
2026-08-07T12:39:39+12:00	hpsA_r3m_bn_bi_rho0p25_eps0p05_lr1e4_i40000	r3m_bn_bi	LITE_RUNNING
2026-08-07T12:39:48+12:00	hpsA_r3m_bn_bi_rho0p25_eps0p05_lr1e4_i40000	r3m_bn_bi	LITE_COMPLETE
2026-08-07T12:39:48+12:00	hpsA_r3m_bn_bi_rho0p25_eps0p05_lr1e4_i40000	r3m_bn_bi	LITE_RUNNING
2026-08-07T12:39:57+12:00	hpsA_r3m_bn_bi_rho0p25_eps0p05_lr1e4_i40000	r3m_bn_bi	LITE_COMPLETE
2026-08-07T12:39:57+12:00	hpsA_r3m_bn_bi_rho0p25_eps0p05_lr1e4_i40000	r3m_bn_bi	LITE_RUNNING
2026-08-07T12:40:06+12:00	hpsA_r3m_bn_bi_rho0p25_eps0p05_lr1e4_i40000	r3m_bn_bi	LITE_COMPLETE
2026-08-07T12:40:06+12:00	hpsA_r3m_bn_bi_rho0p25_eps0p05_lr1e4_i40000	r3m_bn_bi	LITE_RUNNING
2026-08-07T12:40:15+12:00	hpsA_r3m_bn_bi_rho0p25_eps0p05_lr1e4_i40000	r3m_bn_bi	LITE_COMPLETE
2026-08-07T12:40:15+12:00	hpsA_r3m_bn_bi_rho0p25_eps0p05_lr1e4_i40000	r3m_bn_bi	LITE_RUNNING
2026-08-07T12:40:24+12:00	hpsA_r3m_bn_bi_rho0p25_eps0p05_lr1e4_i40000	r3m_bn_bi	LITE_COMPLETE
2026-08-07T12:40:24+12:00	hpsA_r3m_bn_bi_rho0p25_eps0p05_lr1e4_i40000	r3m_bn_bi	LITE_RUNNING
2026-08-07T12:40:33+12:00	hpsA_r3m_bn_bi_rho0p25_eps0p05_lr1e4_i40000	r3m_bn_bi	LITE_COMPLETE
2026-08-07T12:40:33+12:00	hpsA_r3m_bn_bi_rho0p25_eps0p05_lr1e4_i40000	r3m_bn_bi	LITE_RUNNING
2026-08-07T12:40:42+12:00	hpsA_r3m_bn_bi_rho0p25_eps0p05_lr1e4_i40000	r3m_bn_bi	LITE_COMPLETE
2026-08-07T12:40:42+12:00	hpsA_r3m_bn_bi_rho0p25_eps0p05_lr1e4_i40000	r3m_bn_bi	LITE_RUNNING
2026-08-07T12:40:51+12:00	hpsA_r3m_bn_bi_rho0p25_eps0p05_lr1e4_i40000	r3m_bn_bi	LITE_COMPLETE
2026-08-07T12:40:51+12:00	hpsA_r3m_bn_bi_rho0p25_eps0p05_lr1e4_i40000	r3m_bn_bi	LITE_RUNNING
2026-08-07T12:41:00+12:00	hpsA_r3m_bn_bi_rho0p25_eps0p05_lr1e4_i40000	r3m_bn_bi	LITE_COMPLETE
2026-08-07T12:41:00+12:00	hpsA_r3m_bn_bi_rho0p25_eps0p05_lr1e4_i40000	r3m_bn_bi	LITE_RUNNING
2026-08-07T12:41:09+12:00	hpsA_r3m_bn_bi_rho0p25_eps0p05_lr1e4_i40000	r3m_bn_bi	LITE_COMPLETE
2026-08-07T12:41:09+12:00	hpsA_r3m_bn_bi_rho0p25_eps0p05_lr1e4_i40000	r3m_bn_bi	LITE_RUNNING
2026-08-07T12:41:17+12:00	hpsA_r3m_bn_bi_rho0p25_eps0p05_lr1e4_i40000	r3m_bn_bi	LITE_COMPLETE
2026-08-07T12:41:17+12:00	hpsA_r3m_bn_bi_rho0p25_eps0p05_lr1e4_i40000	r3m_bn_bi	LITE_RUNNING
2026-08-07T12:41:26+12:00	hpsA_r3m_bn_bi_rho0p25_eps0p05_lr1e4_i40000	r3m_bn_bi	LITE_COMPLETE
2026-08-07T12:41:26+12:00	hpsA_r3m_bn_bi_rho0p25_eps0p05_lr1e4_i40000	r3m_bn_bi	LITE_RUNNING
2026-08-07T12:41:35+12:00	hpsA_r3m_bn_bi_rho0p25_eps0p05_lr1e4_i40000	r3m_bn_bi	LITE_COMPLETE
2026-08-07T12:41:35+12:00	hpsA_r3m_bn_bi_rho0p25_eps0p05_lr1e4_i40000	r3m_bn_bi	LITE_RUNNING
2026-08-07T12:41:44+12:00	hpsA_r3m_bn_bi_rho0p25_eps0p05_lr1e4_i40000	r3m_bn_bi	LITE_COMPLETE
2026-08-07T12:41:44+12:00	hpsA_r3m_bn_bi_rho0p25_eps0p05_lr1e4_i40000	r3m_bn_bi	LITE_RUNNING
2026-08-07T12:41:53+12:00	hpsA_r3m_bn_bi_rho0p25_eps0p05_lr1e4_i40000	r3m_bn_bi	LITE_COMPLETE
2026-08-07T12:41:53+12:00	hpsA_r3m_bn_bi_rho0p25_eps0p05_lr1e4_i40000	r3m_bn_bi	LITE_RUNNING
2026-08-07T12:42:02+12:00	hpsA_r3m_bn_bi_rho0p25_eps0p05_lr1e4_i40000	r3m_bn_bi	LITE_COMPLETE
2026-08-07T12:42:02+12:00	hpsA_r3m_bn_bi_rho0p25_eps0p05_lr1e4_i40000	r3m_bn_bi	LITE_RUNNING
2026-08-07T12:42:11+12:00	hpsA_r3m_bn_bi_rho0p25_eps0p05_lr1e4_i40000	r3m_bn_bi	LITE_COMPLETE
2026-08-07T12:42:11+12:00	hpsA_r3m_bn_bi_rho0p25_eps0p05_lr1e4_i40000	r3m_bn_bi	LITE_RUNNING
2026-08-07T12:42:20+12:00	hpsA_r3m_bn_bi_rho0p25_eps0p05_lr1e4_i40000	r3m_bn_bi	LITE_COMPLETE
2026-08-07T12:42:20+12:00	hpsA_r3m_bn_bi_rho0p25_eps0p05_lr1e4_i40000	r3m_bn_bi	LITE_RUNNING
2026-08-07T12:42:29+12:00	hpsA_r3m_bn_bi_rho0p25_eps0p05_lr1e4_i40000	r3m_bn_bi	LITE_COMPLETE
2026-08-07T12:42:29+12:00	hpsA_r3m_bn_bi_rho0p25_eps0p05_lr1e4_i40000	r3m_bn_bi	LITE_RUNNING
2026-08-07T12:42:38+12:00	hpsA_r3m_bn_bi_rho0p25_eps0p05_lr1e4_i40000	r3m_bn_bi	LITE_COMPLETE
2026-08-07T12:42:38+12:00	hpsA_r3m_bn_bi_rho0p25_eps0p05_lr1e4_i40000	r3m_bn_bi	LITE_RUNNING
2026-08-07T12:42:46+12:00	hpsA_r3m_bn_bi_rho0p25_eps0p05_lr1e4_i40000	r3m_bn_bi	LITE_COMPLETE
2026-08-07T12:42:46+12:00	hpsA_r3m_bn_bi_rho0p25_eps0p05_lr1e4_i40000	r3m_bn_bi	LITE_RUNNING
2026-08-07T12:42:55+12:00	hpsA_r3m_bn_bi_rho0p25_eps0p05_lr1e4_i40000	r3m_bn_bi	LITE_COMPLETE
2026-08-07T12:42:55+12:00	hpsA_r3m_bn_bi_rho0p25_eps0p05_lr1e4_i40000	r3m_bn_bi	LITE_RUNNING
2026-08-07T12:43:04+12:00	hpsA_r3m_bn_bi_rho0p25_eps0p05_lr1e4_i40000	r3m_bn_bi	LITE_COMPLETE
2026-08-07T12:43:04+12:00	hpsA_r3m_bn_bi_rho0p25_eps0p05_lr1e4_i40000	r3m_bn_bi	LITE_RUNNING
2026-08-07T12:43:13+12:00	hpsA_r3m_bn_bi_rho0p25_eps0p05_lr1e4_i40000	r3m_bn_bi	LITE_COMPLETE
2026-08-07T12:43:13+12:00	hpsA_r3m_bn_bi_rho0p25_eps0p05_lr1e4_i40000	r3m_bn_bi	LITE_RUNNING
2026-08-07T12:43:22+12:00	hpsA_r3m_bn_bi_rho0p25_eps0p05_lr1e4_i40000	r3m_bn_bi	LITE_COMPLETE
2026-08-07T12:43:22+12:00	hpsA_r3m_bn_bi_rho0p25_eps0p05_lr1e4_i40000	r3m_bn_bi	LITE_RUNNING
2026-08-07T12:43:31+12:00	hpsA_r3m_bn_bi_rho0p25_eps0p05_lr1e4_i40000	r3m_bn_bi	LITE_COMPLETE
2026-08-07T12:43:31+12:00	hpsA_r3m_bn_bi_rho0p25_eps0p05_lr1e4_i40000	r3m_bn_bi	LITE_RUNNING
2026-08-07T12:43:40+12:00	hpsA_r3m_bn_bi_rho0p25_eps0p05_lr1e4_i40000	r3m_bn_bi	LITE_COMPLETE
2026-08-07T12:43:40+12:00	hpsA_r3m_bn_bi_rho0p25_eps0p05_lr1e4_i40000	r3m_bn_bi	LITE_RUNNING
2026-08-07T12:43:49+12:00	hpsA_r3m_bn_bi_rho0p25_eps0p05_lr1e4_i40000	r3m_bn_bi	LITE_COMPLETE
2026-08-07T12:43:49+12:00	hpsA_r3m_bn_bi_rho0p25_eps0p05_lr1e4_i40000	r3m_bn_bi	LITE_RUNNING
2026-08-07T12:43:58+12:00	hpsA_r3m_bn_bi_rho0p25_eps0p05_lr1e4_i40000	r3m_bn_bi	LITE_COMPLETE
2026-08-07T12:43:58+12:00	hpsA_r3m_bn_bi_rho0p25_eps0p05_lr1e4_i40000	r3m_bn_bi	LITE_RUNNING
2026-08-07T12:44:07+12:00	hpsA_r3m_bn_bi_rho0p25_eps0p05_lr1e4_i40000	r3m_bn_bi	LITE_COMPLETE
2026-08-07T12:44:07+12:00	hpsA_r3m_bn_bi_rho0p25_eps0p05_lr1e4_i40000	r3m_bn_bi	LITE_RUNNING
2026-08-07T12:44:16+12:00	hpsA_r3m_bn_bi_rho0p25_eps0p05_lr1e4_i40000	r3m_bn_bi	LITE_COMPLETE
2026-08-07T12:44:16+12:00	hpsA_r3m_bn_bi_rho0p25_eps0p05_lr1e4_i40000	r3m_bn_bi	LITE_RUNNING
2026-08-07T12:44:24+12:00	hpsA_r3m_bn_bi_rho0p25_eps0p05_lr1e4_i40000	r3m_bn_bi	LITE_COMPLETE
2026-08-07T12:44:24+12:00	hpsA_r3m_bn_bi_rho0p25_eps0p05_lr1e4_i40000	r3m_bn_bi	LITE_RUNNING
2026-08-07T12:44:33+12:00	hpsA_r3m_bn_bi_rho0p25_eps0p05_lr1e4_i40000	r3m_bn_bi	LITE_COMPLETE
2026-08-07T12:44:33+12:00	hpsA_r3m_bn_bi_rho0p25_eps0p05_lr1e4_i40000	r3m_bn_bi	LITE_RUNNING
2026-08-07T12:44:42+12:00	hpsA_r3m_bn_bi_rho0p25_eps0p05_lr1e4_i40000	r3m_bn_bi	LITE_COMPLETE
2026-08-07T12:44:42+12:00	hpsA_r3m_bn_bi_rho0p25_eps0p05_lr1e4_i40000	r3m_bn_bi	LITE_RUNNING
2026-08-07T12:44:51+12:00	hpsA_r3m_bn_bi_rho0p25_eps0p05_lr1e4_i40000	r3m_bn_bi	LITE_COMPLETE
2026-08-07T12:44:51+12:00	hpsA_r3m_bn_bi_rho0p25_eps0p05_lr1e4_i40000	r3m_bn_bi	LITE_RUNNING
2026-08-07T12:45:00+12:00	hpsA_r3m_bn_bi_rho0p25_eps0p05_lr1e4_i40000	r3m_bn_bi	LITE_COMPLETE
2026-08-07T12:45:00+12:00	hpsA_r3m_bn_bi_rho0p25_eps0p05_lr1e4_i40000	r3m_bn_bi	LITE_RUNNING
2026-08-07T12:45:09+12:00	hpsA_r3m_bn_bi_rho0p25_eps0p05_lr1e4_i40000	r3m_bn_bi	LITE_COMPLETE
2026-08-07T12:45:09+12:00	hpsA_r3m_bn_bi_rho0p25_eps0p05_lr1e4_i40000	r3m_bn_bi	LITE_RUNNING
2026-08-07T12:45:18+12:00	hpsA_r3m_bn_bi_rho0p25_eps0p05_lr1e4_i40000	r3m_bn_bi	LITE_COMPLETE
2026-08-07T12:45:18+12:00	hpsA_r3m_bn_bi_rho0p25_eps0p05_lr1e4_i40000	r3m_bn_bi	LITE_RUNNING
2026-08-07T12:45:27+12:00	hpsA_r3m_bn_bi_rho0p25_eps0p05_lr1e4_i40000	r3m_bn_bi	LITE_COMPLETE
2026-08-07T12:45:27+12:00	hpsA_r3m_bn_bi_rho0p25_eps0p05_lr1e4_i40000	r3m_bn_bi	LITE_RUNNING
2026-08-07T12:45:36+12:00	hpsA_r3m_bn_bi_rho0p25_eps0p05_lr1e4_i40000	r3m_bn_bi	LITE_COMPLETE
2026-08-07T12:45:36+12:00	hpsA_r3m_bn_bi_rho0p25_eps0p05_lr1e4_i40000	r3m_bn_bi	LITE_RUNNING
2026-08-07T12:45:45+12:00	hpsA_r3m_bn_bi_rho0p25_eps0p05_lr1e4_i40000	r3m_bn_bi	LITE_COMPLETE
2026-08-07T12:45:45+12:00	hpsA_r3m_bn_bi_rho0p25_eps0p05_lr1e4_i40000	r3m_bn_bi	LITE_RUNNING
2026-08-07T12:45:53+12:00	hpsA_r3m_bn_bi_rho0p25_eps0p05_lr1e4_i40000	r3m_bn_bi	LITE_COMPLETE
2026-08-07T12:45:53+12:00	hpsA_r3m_bn_bi_rho0p25_eps0p05_lr1e4_i40000	r3m_bn_bi	LITE_RUNNING
2026-08-07T12:46:02+12:00	hpsA_r3m_bn_bi_rho0p25_eps0p05_lr1e4_i40000	r3m_bn_bi	LITE_COMPLETE
2026-08-07T12:46:02+12:00	hpsA_r3m_bn_bi_rho0p25_eps0p05_lr1e4_i40000	r3m_bn_bi	LITE_RUNNING
2026-08-07T12:46:11+12:00	hpsA_r3m_bn_bi_rho0p25_eps0p05_lr1e4_i40000	r3m_bn_bi	LITE_COMPLETE
2026-08-07T12:46:11+12:00	hpsA_r3m_bn_bi_rho0p25_eps0p05_lr1e4_i40000	r3m_bn_bi	LITE_RUNNING
2026-08-07T12:46:20+12:00	hpsA_r3m_bn_bi_rho0p25_eps0p05_lr1e4_i40000	r3m_bn_bi	LITE_COMPLETE
2026-08-07T12:46:20+12:00	hpsA_r3m_bn_bi_rho0p25_eps0p05_lr1e4_i40000	r3m_bn_bi	LITE_RUNNING
2026-08-07T12:46:29+12:00	hpsA_r3m_bn_bi_rho0p25_eps0p05_lr1e4_i40000	r3m_bn_bi	LITE_COMPLETE
2026-08-07T12:46:29+12:00	hpsA_r3m_bn_bi_rho0p25_eps0p05_lr1e4_i40000	r3m_bn_bi	LITE_RUNNING
2026-08-07T12:46:38+12:00	hpsA_r3m_bn_bi_rho0p25_eps0p05_lr1e4_i40000	r3m_bn_bi	LITE_COMPLETE
2026-08-07T12:46:38+12:00	hpsA_r3m_bn_bi_rho0p25_eps0p05_lr1e4_i40000	r3m_bn_bi	LITE_RUNNING
2026-08-07T12:46:47+12:00	hpsA_r3m_bn_bi_rho0p25_eps0p05_lr1e4_i40000	r3m_bn_bi	LITE_COMPLETE
2026-08-07T12:46:47+12:00	hpsA_r3m_bn_bi_rho0p25_eps0p05_lr1e4_i40000	r3m_bn_bi	LITE_RUNNING
2026-08-07T12:46:56+12:00	hpsA_r3m_bn_bi_rho0p25_eps0p05_lr1e4_i40000	r3m_bn_bi	LITE_COMPLETE
2026-08-07T12:46:56+12:00	hpsA_r3m_bn_bi_rho0p25_eps0p05_lr1e4_i40000	r3m_bn_bi	LITE_RUNNING
2026-08-07T12:47:05+12:00	hpsA_r3m_bn_bi_rho0p25_eps0p05_lr1e4_i40000	r3m_bn_bi	LITE_COMPLETE
2026-08-07T12:47:05+12:00	hpsA_r3m_bn_bi_rho0p25_eps0p05_lr1e4_i40000	r3m_bn_bi	LITE_RUNNING
2026-08-07T12:47:14+12:00	hpsA_r3m_bn_bi_rho0p25_eps0p05_lr1e4_i40000	r3m_bn_bi	LITE_COMPLETE
2026-08-07T12:47:14+12:00	hpsA_r3m_bn_bi_rho0p25_eps0p05_lr1e4_i40000	r3m_bn_bi	LITE_RUNNING
2026-08-07T12:47:22+12:00	hpsA_r3m_bn_bi_rho0p25_eps0p05_lr1e4_i40000	r3m_bn_bi	LITE_COMPLETE
2026-08-07T12:47:22+12:00	hpsA_r3m_bn_bi_rho0p25_eps0p05_lr1e4_i40000	r3m_bn_bi	LITE_RUNNING
2026-08-07T12:47:31+12:00	hpsA_r3m_bn_bi_rho0p25_eps0p05_lr1e4_i40000	r3m_bn_bi	LITE_COMPLETE
2026-08-07T12:47:31+12:00	hpsA_r3m_bn_bi_rho0p25_eps0p05_lr1e4_i40000	r3m_bn_bi	LITE_RUNNING
2026-08-07T12:47:40+12:00	hpsA_r3m_bn_bi_rho0p25_eps0p05_lr1e4_i40000	r3m_bn_bi	LITE_COMPLETE
2026-08-07T12:47:40+12:00	hpsA_r3m_bn_bi_rho0p25_eps0p05_lr1e4_i40000	r3m_bn_bi	LITE_RUNNING
2026-08-07T12:47:49+12:00	hpsA_r3m_bn_bi_rho0p25_eps0p05_lr1e4_i40000	r3m_bn_bi	LITE_COMPLETE
2026-08-07T12:47:49+12:00	hpsA_r3m_bn_bi_rho0p25_eps0p05_lr1e4_i40000	r3m_bn_bi	LITE_RUNNING
2026-08-07T12:47:58+12:00	hpsA_r3m_bn_bi_rho0p25_eps0p05_lr1e4_i40000	r3m_bn_bi	LITE_COMPLETE
2026-08-07T12:47:58+12:00	hpsA_r3m_bn_bi_rho0p25_eps0p05_lr1e4_i40000	r3m_bn_bi	LITE_RUNNING
2026-08-07T12:48:07+12:00	hpsA_r3m_bn_bi_rho0p25_eps0p05_lr1e4_i40000	r3m_bn_bi	LITE_COMPLETE
2026-08-07T12:48:07+12:00	hpsA_r3m_bn_bi_rho0p25_eps0p05_lr1e4_i40000	r3m_bn_bi	LITE_RUNNING
2026-08-07T12:48:16+12:00	hpsA_r3m_bn_bi_rho0p25_eps0p05_lr1e4_i40000	r3m_bn_bi	LITE_COMPLETE
2026-08-07T12:48:16+12:00	hpsA_r3m_bn_bi_rho0p25_eps0p05_lr1e4_i40000	r3m_bn_bi	LITE_RUNNING
2026-08-07T12:48:25+12:00	hpsA_r3m_bn_bi_rho0p25_eps0p05_lr1e4_i40000	r3m_bn_bi	LITE_COMPLETE
2026-08-07T12:48:25+12:00	hpsA_r3m_bn_bi_rho0p25_eps0p05_lr1e4_i40000	r3m_bn_bi	LITE_RUNNING
2026-08-07T12:48:34+12:00	hpsA_r3m_bn_bi_rho0p25_eps0p05_lr1e4_i40000	r3m_bn_bi	LITE_COMPLETE
2026-08-07T12:48:34+12:00	hpsA_r3m_bn_bi_rho0p25_eps0p05_lr1e4_i40000	r3m_bn_bi	LITE_RUNNING
2026-08-07T12:48:43+12:00	hpsA_r3m_bn_bi_rho0p25_eps0p05_lr1e4_i40000	r3m_bn_bi	LITE_COMPLETE
2026-08-07T12:48:43+12:00	hpsA_r3m_bn_bi_rho0p25_eps0p05_lr1e4_i40000	r3m_bn_bi	LITE_RUNNING
2026-08-07T12:48:52+12:00	hpsA_r3m_bn_bi_rho0p25_eps0p05_lr1e4_i40000	r3m_bn_bi	LITE_COMPLETE
2026-08-07T12:48:52+12:00	hpsA_r3m_bn_bi_rho0p25_eps0p05_lr1e4_i40000	r3m_bn_bi	LITE_RUNNING
2026-08-07T12:49:00+12:00	hpsA_r3m_bn_bi_rho0p25_eps0p05_lr1e4_i40000	r3m_bn_bi	LITE_COMPLETE
2026-08-07T12:49:00+12:00	hpsA_r3m_bn_bi_rho0p25_eps0p05_lr1e4_i40000	r3m_bn_bi	LITE_RUNNING
2026-08-07T12:49:09+12:00	hpsA_r3m_bn_bi_rho0p25_eps0p05_lr1e4_i40000	r3m_bn_bi	LITE_COMPLETE
2026-08-07T12:49:09+12:00	hpsA_r3m_bn_bi_rho0p25_eps0p05_lr1e4_i40000	r3m_bn_bi	LITE_RUNNING
2026-08-07T12:49:18+12:00	hpsA_r3m_bn_bi_rho0p25_eps0p05_lr1e4_i40000	r3m_bn_bi	LITE_COMPLETE
2026-08-07T12:49:18+12:00	hpsA_r3m_bn_bi_rho0p25_eps0p05_lr1e4_i40000	r3m_bn_bi	LITE_RUNNING
2026-08-07T12:49:27+12:00	hpsA_r3m_bn_bi_rho0p25_eps0p05_lr1e4_i40000	r3m_bn_bi	LITE_COMPLETE
2026-08-07T12:49:27+12:00	hpsA_r3m_bn_bi_rho0p25_eps0p05_lr1e4_i40000	r3m_bn_bi	LITE_RUNNING
2026-08-07T12:49:36+12:00	hpsA_r3m_bn_bi_rho0p25_eps0p05_lr1e4_i40000	r3m_bn_bi	LITE_COMPLETE
2026-08-07T12:49:36+12:00	hpsA_r3m_bn_bi_rho0p25_eps0p05_lr1e4_i40000	r3m_bn_bi	LITE_RUNNING
2026-08-07T12:49:45+12:00	hpsA_r3m_bn_bi_rho0p25_eps0p05_lr1e4_i40000	r3m_bn_bi	LITE_COMPLETE
2026-08-07T12:49:45+12:00	hpsA_r3m_bn_bi_rho0p25_eps0p05_lr1e4_i40000	r3m_bn_bi	LITE_RUNNING
2026-08-07T12:49:54+12:00	hpsA_r3m_bn_bi_rho0p25_eps0p05_lr1e4_i40000	r3m_bn_bi	LITE_COMPLETE
2026-08-07T12:49:54+12:00	hpsA_r3m_bn_bi_rho0p25_eps0p05_lr1e4_i40000	r3m_bn_bi	LITE_RUNNING
2026-08-07T12:50:03+12:00	hpsA_r3m_bn_bi_rho0p25_eps0p05_lr1e4_i40000	r3m_bn_bi	LITE_COMPLETE
2026-08-07T12:50:03+12:00	hpsA_r3m_bn_bi_rho0p25_eps0p05_lr1e4_i40000	r3m_bn_bi	LITE_RUNNING
2026-08-07T12:50:12+12:00	hpsA_r3m_bn_bi_rho0p25_eps0p05_lr1e4_i40000	r3m_bn_bi	LITE_COMPLETE
2026-08-07T12:50:12+12:00	hpsA_r3m_bn_bi_rho0p25_eps0p05_lr1e4_i40000	r3m_bn_bi	LITE_RUNNING
2026-08-07T12:50:21+12:00	hpsA_r3m_bn_bi_rho0p25_eps0p05_lr1e4_i40000	r3m_bn_bi	LITE_COMPLETE
2026-08-07T12:50:21+12:00	hpsA_r3m_bn_bi_rho0p25_eps0p05_lr1e4_i40000	r3m_bn_bi	LITE_RUNNING
2026-08-07T12:50:30+12:00	hpsA_r3m_bn_bi_rho0p25_eps0p05_lr1e4_i40000	r3m_bn_bi	LITE_COMPLETE
2026-08-07T12:50:30+12:00	hpsA_r3m_bn_bi_rho0p25_eps0p05_lr1e4_i40000	r3m_bn_bi	LITE_RUNNING
2026-08-07T12:50:39+12:00	hpsA_r3m_bn_bi_rho0p25_eps0p05_lr1e4_i40000	r3m_bn_bi	LITE_COMPLETE
2026-08-07T12:50:39+12:00	hpsA_r3m_bn_bi_rho0p25_eps0p05_lr1e4_i40000	r3m_bn_bi	LITE_RUNNING
2026-08-07T12:50:47+12:00	hpsA_r3m_bn_bi_rho0p25_eps0p05_lr1e4_i40000	r3m_bn_bi	LITE_COMPLETE
2026-08-07T12:50:47+12:00	hpsA_r3m_bn_bi_rho0p25_eps0p05_lr1e4_i40000	r3m_bn_bi	LITE_RUNNING
2026-08-07T12:50:56+12:00	hpsA_r3m_bn_bi_rho0p25_eps0p05_lr1e4_i40000	r3m_bn_bi	LITE_COMPLETE
2026-08-07T12:50:56+12:00	hpsA_r3m_bn_bi_rho0p25_eps0p05_lr1e4_i40000	r3m_bn_bi	LITE_RUNNING
2026-08-07T12:51:05+12:00	hpsA_r3m_bn_bi_rho0p25_eps0p05_lr1e4_i40000	r3m_bn_bi	LITE_COMPLETE
2026-08-07T12:51:05+12:00	hpsA_r3m_bn_bi_rho0p25_eps0p05_lr1e4_i40000	r3m_bn_bi	LITE_RUNNING
2026-08-07T12:51:14+12:00	hpsA_r3m_bn_bi_rho0p25_eps0p05_lr1e4_i40000	r3m_bn_bi	LITE_COMPLETE
2026-08-07T12:51:14+12:00	hpsA_r3m_bn_bi_rho0p25_eps0p05_lr1e4_i40000	r3m_bn_bi	LITE_RUNNING
2026-08-07T12:51:23+12:00	hpsA_r3m_bn_bi_rho0p25_eps0p05_lr1e4_i40000	r3m_bn_bi	LITE_COMPLETE
2026-08-07T12:51:23+12:00	hpsA_r3m_bn_bi_rho0p25_eps0p05_lr1e4_i40000	r3m_bn_bi	LITE_RUNNING
2026-08-07T12:51:32+12:00	hpsA_r3m_bn_bi_rho0p25_eps0p05_lr1e4_i40000	r3m_bn_bi	LITE_COMPLETE
2026-08-07T12:51:32+12:00	hpsA_r3m_bn_bi_rho0p25_eps0p05_lr1e4_i40000	r3m_bn_bi	LITE_RUNNING
2026-08-07T12:51:41+12:00	hpsA_r3m_bn_bi_rho0p25_eps0p05_lr1e4_i40000	r3m_bn_bi	LITE_COMPLETE
2026-08-07T12:51:41+12:00	hpsA_r3m_bn_bi_rho0p25_eps0p05_lr1e4_i40000	r3m_bn_bi	LITE_RUNNING
2026-08-07T12:51:50+12:00	hpsA_r3m_bn_bi_rho0p25_eps0p05_lr1e4_i40000	r3m_bn_bi	LITE_COMPLETE
2026-08-07T12:51:50+12:00	hpsA_r3m_bn_bi_rho0p25_eps0p05_lr1e4_i40000	r3m_bn_bi	LITE_RUNNING
2026-08-07T12:51:59+12:00	hpsA_r3m_bn_bi_rho0p25_eps0p05_lr1e4_i40000	r3m_bn_bi	LITE_COMPLETE
2026-08-07T12:51:59+12:00	hpsA_r3m_bn_bi_rho0p25_eps0p05_lr1e4_i40000	r3m_bn_bi	LITE_RUNNING
2026-08-07T12:52:08+12:00	hpsA_r3m_bn_bi_rho0p25_eps0p05_lr1e4_i40000	r3m_bn_bi	LITE_COMPLETE
2026-08-07T12:52:08+12:00	hpsA_r3m_bn_bi_rho0p25_eps0p05_lr1e4_i40000	r3m_bn_bi	LITE_RUNNING
2026-08-07T12:52:17+12:00	hpsA_r3m_bn_bi_rho0p25_eps0p05_lr1e4_i40000	r3m_bn_bi	LITE_COMPLETE
2026-08-07T12:52:17+12:00	hpsA_r3m_bn_bi_rho0p25_eps0p05_lr1e4_i40000	r3m_bn_bi	LITE_RUNNING
2026-08-07T12:52:25+12:00	hpsA_r3m_bn_bi_rho0p25_eps0p05_lr1e4_i40000	r3m_bn_bi	LITE_COMPLETE
2026-08-07T12:52:25+12:00	hpsA_r3m_bn_bi_rho0p25_eps0p05_lr1e4_i40000	r3m_bn_bi	LITE_RUNNING
2026-08-07T12:52:34+12:00	hpsA_r3m_bn_bi_rho0p25_eps0p05_lr1e4_i40000	r3m_bn_bi	LITE_COMPLETE
2026-08-07T12:52:34+12:00	hpsA_r3m_bn_bi_rho0p25_eps0p05_lr1e4_i40000	r3m_bn_bi	LITE_RUNNING
2026-08-07T12:52:43+12:00	hpsA_r3m_bn_bi_rho0p25_eps0p05_lr1e4_i40000	r3m_bn_bi	LITE_COMPLETE
2026-08-07T12:52:43+12:00	hpsA_r3m_bn_bi_rho0p25_eps0p05_lr1e4_i40000	r3m_bn_bi	LITE_RUNNING
2026-08-07T12:52:52+12:00	hpsA_r3m_bn_bi_rho0p25_eps0p05_lr1e4_i40000	r3m_bn_bi	LITE_COMPLETE
2026-08-07T12:52:52+12:00	hpsA_r3m_bn_bi_rho0p25_eps0p05_lr1e4_i40000	r3m_bn_bi	LITE_RUNNING
2026-08-07T12:53:01+12:00	hpsA_r3m_bn_bi_rho0p25_eps0p05_lr1e4_i40000	r3m_bn_bi	LITE_COMPLETE
2026-08-07T12:53:01+12:00	hpsA_r3m_bn_bi_rho0p25_eps0p05_lr1e4_i40000	r3m_bn_bi	LITE_RUNNING
2026-08-07T12:53:10+12:00	hpsA_r3m_bn_bi_rho0p25_eps0p05_lr1e4_i40000	r3m_bn_bi	LITE_COMPLETE
2026-08-07T12:53:10+12:00	hpsA_r3m_bn_bi_rho0p25_eps0p05_lr1e4_i40000	r3m_bn_bi	LITE_RUNNING
2026-08-07T12:53:19+12:00	hpsA_r3m_bn_bi_rho0p25_eps0p05_lr1e4_i40000	r3m_bn_bi	LITE_COMPLETE
2026-08-07T12:53:19+12:00	hpsA_r3m_bn_bi_rho0p25_eps0p05_lr1e4_i40000	r3m_bn_bi	LITE_RUNNING
2026-08-07T12:53:28+12:00	hpsA_r3m_bn_bi_rho0p25_eps0p05_lr1e4_i40000	r3m_bn_bi	LITE_COMPLETE
2026-08-07T12:53:28+12:00	hpsA_r3m_bn_bi_rho0p25_eps0p05_lr1e4_i40000	r3m_bn_bi	LITE_RUNNING
2026-08-07T12:53:37+12:00	hpsA_r3m_bn_bi_rho0p25_eps0p05_lr1e4_i40000	r3m_bn_bi	LITE_COMPLETE
2026-08-07T12:53:37+12:00	hpsA_r3m_bn_bi_rho0p25_eps0p05_lr1e4_i40000	r3m_bn_bi	LITE_RUNNING
2026-08-07T12:53:46+12:00	hpsA_r3m_bn_bi_rho0p25_eps0p05_lr1e4_i40000	r3m_bn_bi	LITE_COMPLETE
2026-08-07T12:53:46+12:00	hpsA_r3m_bn_bi_rho0p25_eps0p05_lr1e4_i40000	r3m_bn_bi	LITE_RUNNING
2026-08-07T12:53:55+12:00	hpsA_r3m_bn_bi_rho0p25_eps0p05_lr1e4_i40000	r3m_bn_bi	LITE_COMPLETE
2026-08-07T12:53:55+12:00	hpsA_r3m_bn_bi_rho0p25_eps0p05_lr1e4_i40000	r3m_bn_bi	LITE_RUNNING
2026-08-07T12:54:04+12:00	hpsA_r3m_bn_bi_rho0p25_eps0p05_lr1e4_i40000	r3m_bn_bi	LITE_COMPLETE
2026-08-07T12:54:04+12:00	hpsA_r3m_bn_bi_rho0p25_eps0p05_lr1e4_i40000	r3m_bn_bi	LITE_RUNNING
2026-08-07T12:54:13+12:00	hpsA_r3m_bn_bi_rho0p25_eps0p05_lr1e4_i40000	r3m_bn_bi	LITE_COMPLETE
2026-08-07T12:54:13+12:00	hpsA_r3m_bn_bi_rho0p25_eps0p05_lr1e4_i40000	r3m_bn_bi	LITE_RUNNING
2026-08-07T12:54:22+12:00	hpsA_r3m_bn_bi_rho0p25_eps0p05_lr1e4_i40000	r3m_bn_bi	LITE_COMPLETE
2026-08-07T12:54:22+12:00	hpsA_r3m_bn_bi_rho0p25_eps0p05_lr1e4_i40000	r3m_bn_bi	LITE_RUNNING
2026-08-07T12:54:31+12:00	hpsA_r3m_bn_bi_rho0p25_eps0p05_lr1e4_i40000	r3m_bn_bi	LITE_COMPLETE
2026-08-07T12:54:31+12:00	hpsA_r3m_bn_bi_rho0p25_eps0p05_lr1e4_i40000	r3m_bn_bi	LITE_RUNNING
2026-08-07T12:54:40+12:00	hpsA_r3m_bn_bi_rho0p25_eps0p05_lr1e4_i40000	r3m_bn_bi	LITE_COMPLETE
2026-08-07T12:54:40+12:00	hpsA_r3m_bn_bi_rho0p25_eps0p05_lr1e4_i40000	r3m_bn_bi	LITE_RUNNING
2026-08-07T12:54:48+12:00	hpsA_r3m_bn_bi_rho0p25_eps0p05_lr1e4_i40000	r3m_bn_bi	LITE_COMPLETE
2026-08-07T12:54:48+12:00	hpsA_r3m_bn_bi_rho0p25_eps0p05_lr1e4_i40000	r3m_bn_bi	LITE_RUNNING
2026-08-07T12:54:57+12:00	hpsA_r3m_bn_bi_rho0p25_eps0p05_lr1e4_i40000	r3m_bn_bi	LITE_COMPLETE
2026-08-07T12:54:57+12:00	hpsA_r3m_bn_bi_rho0p25_eps0p05_lr1e4_i40000	r3m_bn_bi	LITE_RUNNING
2026-08-07T12:55:06+12:00	hpsA_r3m_bn_bi_rho0p25_eps0p05_lr1e4_i40000	r3m_bn_bi	LITE_COMPLETE
2026-08-07T12:55:06+12:00	hpsA_r3m_bn_bi_rho0p25_eps0p05_lr1e4_i40000	r3m_bn_bi	LITE_RUNNING
2026-08-07T12:55:15+12:00	hpsA_r3m_bn_bi_rho0p25_eps0p05_lr1e4_i40000	r3m_bn_bi	LITE_COMPLETE
2026-08-07T12:55:15+12:00	hpsA_r3m_bn_bi_rho0p25_eps0p05_lr1e4_i40000	r3m_bn_bi	LITE_RUNNING
2026-08-07T12:55:24+12:00	hpsA_r3m_bn_bi_rho0p25_eps0p05_lr1e4_i40000	r3m_bn_bi	LITE_COMPLETE
2026-08-07T12:55:24+12:00	hpsA_r3m_bn_bi_rho0p25_eps0p05_lr1e4_i40000	r3m_bn_bi	LITE_RUNNING
2026-08-07T12:55:33+12:00	hpsA_r3m_bn_bi_rho0p25_eps0p05_lr1e4_i40000	r3m_bn_bi	LITE_COMPLETE
2026-08-07T12:55:33+12:00	hpsA_r3m_bn_bi_rho0p25_eps0p05_lr1e4_i40000	r3m_bn_bi	LITE_RUNNING
2026-08-07T12:55:42+12:00	hpsA_r3m_bn_bi_rho0p25_eps0p05_lr1e4_i40000	r3m_bn_bi	LITE_COMPLETE
2026-08-07T12:55:42+12:00	hpsA_r3m_bn_bi_rho0p25_eps0p05_lr1e4_i40000	r3m_bn_bi	LITE_RUNNING
2026-08-07T12:55:51+12:00	hpsA_r3m_bn_bi_rho0p25_eps0p05_lr1e4_i40000	r3m_bn_bi	LITE_COMPLETE
2026-08-07T12:55:51+12:00	hpsA_r3m_bn_bi_rho0p25_eps0p05_lr1e4_i40000	r3m_bn_bi	LITE_RUNNING
2026-08-07T12:56:00+12:00	hpsA_r3m_bn_bi_rho0p25_eps0p05_lr1e4_i40000	r3m_bn_bi	LITE_COMPLETE
2026-08-07T12:56:00+12:00	hpsA_r3m_bn_bi_rho0p25_eps0p05_lr1e4_i40000	r3m_bn_bi	LITE_RUNNING
2026-08-07T12:56:09+12:00	hpsA_r3m_bn_bi_rho0p25_eps0p05_lr1e4_i40000	r3m_bn_bi	LITE_COMPLETE
2026-08-07T12:56:09+12:00	hpsA_r3m_bn_bi_rho0p25_eps0p05_lr1e4_i40000	r3m_bn_bi	LITE_RUNNING
2026-08-07T12:56:18+12:00	hpsA_r3m_bn_bi_rho0p25_eps0p05_lr1e4_i40000	r3m_bn_bi	LITE_COMPLETE
2026-08-07T12:56:18+12:00	hpsA_r3m_bn_bi_rho0p25_eps0p05_lr1e4_i40000	r3m_bn_bi	LITE_RUNNING
2026-08-07T12:56:27+12:00	hpsA_r3m_bn_bi_rho0p25_eps0p05_lr1e4_i40000	r3m_bn_bi	LITE_COMPLETE
2026-08-07T12:56:27+12:00	hpsA_r3m_bn_bi_rho0p25_eps0p05_lr1e4_i40000	r3m_bn_bi	LITE_RUNNING
2026-08-07T12:56:36+12:00	hpsA_r3m_bn_bi_rho0p25_eps0p05_lr1e4_i40000	r3m_bn_bi	LITE_COMPLETE
2026-08-07T12:56:36+12:00	hpsA_r3m_bn_bi_rho0p25_eps0p05_lr1e4_i40000	r3m_bn_bi	LITE_RUNNING
2026-08-07T12:56:44+12:00	hpsA_r3m_bn_bi_rho0p25_eps0p05_lr1e4_i40000	r3m_bn_bi	LITE_COMPLETE
2026-08-07T12:56:44+12:00	hpsA_r3m_bn_bi_rho0p25_eps0p05_lr1e4_i40000	r3m_bn_bi	LITE_RUNNING
2026-08-07T12:56:53+12:00	hpsA_r3m_bn_bi_rho0p25_eps0p05_lr1e4_i40000	r3m_bn_bi	LITE_COMPLETE
2026-08-07T12:56:53+12:00	hpsA_r3m_bn_bi_rho0p25_eps0p05_lr1e4_i40000	r3m_bn_bi	LITE_RUNNING
2026-08-07T12:57:02+12:00	hpsA_r3m_bn_bi_rho0p25_eps0p05_lr1e4_i40000	r3m_bn_bi	LITE_COMPLETE
2026-08-07T12:57:02+12:00	hpsA_r3m_bn_bi_rho0p25_eps0p05_lr1e4_i40000	r3m_bn_bi	LITE_RUNNING
2026-08-07T12:57:11+12:00	hpsA_r3m_bn_bi_rho0p25_eps0p05_lr1e4_i40000	r3m_bn_bi	LITE_COMPLETE
2026-08-07T12:57:11+12:00	hpsA_r3m_bn_bi_rho0p25_eps0p05_lr1e4_i40000	r3m_bn_bi	LITE_RUNNING
2026-08-07T12:57:20+12:00	hpsA_r3m_bn_bi_rho0p25_eps0p05_lr1e4_i40000	r3m_bn_bi	LITE_COMPLETE
2026-08-07T12:57:20+12:00	hpsA_r3m_bn_bi_rho0p25_eps0p05_lr1e4_i40000	r3m_bn_bi	LITE_RUNNING
2026-08-07T12:57:29+12:00	hpsA_r3m_bn_bi_rho0p25_eps0p05_lr1e4_i40000	r3m_bn_bi	LITE_COMPLETE
2026-08-07T12:57:29+12:00	hpsA_r3m_bn_bi_rho0p25_eps0p05_lr1e4_i40000	r3m_bn_bi	LITE_RUNNING
2026-08-07T12:57:38+12:00	hpsA_r3m_bn_bi_rho0p25_eps0p05_lr1e4_i40000	r3m_bn_bi	LITE_COMPLETE
2026-08-07T12:57:38+12:00	hpsA_r3m_bn_bi_rho0p25_eps0p05_lr1e4_i40000	r3m_bn_bi	LITE_RUNNING
2026-08-07T12:57:47+12:00	hpsA_r3m_bn_bi_rho0p25_eps0p05_lr1e4_i40000	r3m_bn_bi	LITE_COMPLETE
2026-08-07T12:57:47+12:00	hpsA_r3m_bn_bi_rho0p25_eps0p05_lr1e4_i40000	r3m_bn_bi	LITE_RUNNING
2026-08-07T12:57:56+12:00	hpsA_r3m_bn_bi_rho0p25_eps0p05_lr1e4_i40000	r3m_bn_bi	LITE_COMPLETE
2026-08-07T12:57:56+12:00	hpsA_r3m_bn_bi_rho0p25_eps0p05_lr1e4_i40000	r3m_bn_bi	LITE_RUNNING
2026-08-07T12:58:04+12:00	hpsA_r3m_bn_bi_rho0p25_eps0p05_lr1e4_i40000	r3m_bn_bi	LITE_COMPLETE
2026-08-07T12:58:04+12:00	hpsA_r3m_bn_bi_rho0p25_eps0p05_lr1e4_i40000	r3m_bn_bi	LITE_RUNNING
2026-08-07T12:58:13+12:00	hpsA_r3m_bn_bi_rho0p25_eps0p05_lr1e4_i40000	r3m_bn_bi	LITE_COMPLETE
2026-08-07T12:58:13+12:00	hpsA_r3m_bn_bi_rho0p25_eps0p05_lr1e4_i40000	r3m_bn_bi	LITE_RUNNING
2026-08-07T12:58:22+12:00	hpsA_r3m_bn_bi_rho0p25_eps0p05_lr1e4_i40000	r3m_bn_bi	LITE_COMPLETE
2026-08-07T12:58:22+12:00	hpsA_r3m_bn_bi_rho0p25_eps0p05_lr1e4_i40000	r3m_bn_bi	LITE_RUNNING
2026-08-07T12:58:31+12:00	hpsA_r3m_bn_bi_rho0p25_eps0p05_lr1e4_i40000	r3m_bn_bi	LITE_COMPLETE
2026-08-07T12:58:31+12:00	hpsA_r3m_bn_bi_rho0p25_eps0p05_lr1e4_i40000	r3m_bn_bi	LITE_RUNNING
2026-08-07T12:58:40+12:00	hpsA_r3m_bn_bi_rho0p25_eps0p05_lr1e4_i40000	r3m_bn_bi	LITE_COMPLETE
2026-08-07T12:58:40+12:00	hpsA_r3m_bn_bi_rho0p25_eps0p05_lr1e4_i40000	r3m_bn_bi	LITE_RUNNING
2026-08-07T12:58:49+12:00	hpsA_r3m_bn_bi_rho0p25_eps0p05_lr1e4_i40000	r3m_bn_bi	LITE_COMPLETE
2026-08-07T12:58:49+12:00	hpsA_r3m_bn_bi_rho0p25_eps0p05_lr1e4_i40000	r3m_bn_bi	LITE_RUNNING
2026-08-07T12:58:58+12:00	hpsA_r3m_bn_bi_rho0p25_eps0p05_lr1e4_i40000	r3m_bn_bi	LITE_COMPLETE
2026-08-07T12:58:58+12:00	hpsA_r3m_bn_bi_rho0p25_eps0p05_lr1e4_i40000	r3m_bn_bi	LITE_RUNNING
2026-08-07T12:59:07+12:00	hpsA_r3m_bn_bi_rho0p25_eps0p05_lr1e4_i40000	r3m_bn_bi	LITE_COMPLETE
2026-08-07T12:59:07+12:00	hpsA_r3m_bn_bi_rho0p25_eps0p05_lr1e4_i40000	r3m_bn_bi	LITE_RUNNING
2026-08-07T12:59:16+12:00	hpsA_r3m_bn_bi_rho0p25_eps0p05_lr1e4_i40000	r3m_bn_bi	LITE_COMPLETE
2026-08-07T12:59:16+12:00	hpsA_r3m_bn_bi_rho0p25_eps0p05_lr1e4_i40000	r3m_bn_bi	LITE_RUNNING
2026-08-07T12:59:25+12:00	hpsA_r3m_bn_bi_rho0p25_eps0p05_lr1e4_i40000	r3m_bn_bi	LITE_COMPLETE
2026-08-07T12:59:25+12:00	hpsA_r3m_bn_bi_rho0p25_eps0p05_lr1e4_i40000	r3m_bn_bi	LITE_RUNNING
2026-08-07T12:59:34+12:00	hpsA_r3m_bn_bi_rho0p25_eps0p05_lr1e4_i40000	r3m_bn_bi	LITE_COMPLETE
2026-08-07T12:59:34+12:00	hpsA_r3m_bn_bi_rho0p25_eps0p05_lr1e4_i40000	r3m_bn_bi	LITE_RUNNING
2026-08-07T12:59:42+12:00	hpsA_r3m_bn_bi_rho0p25_eps0p05_lr1e4_i40000	r3m_bn_bi	LITE_COMPLETE
2026-08-07T12:59:42+12:00	hpsA_r3m_bn_bi_rho0p25_eps0p05_lr1e4_i40000	r3m_bn_bi	LITE_RUNNING
2026-08-07T12:59:51+12:00	hpsA_r3m_bn_bi_rho0p25_eps0p05_lr1e4_i40000	r3m_bn_bi	LITE_COMPLETE
2026-08-07T12:59:51+12:00	hpsA_r3m_bn_bi_rho0p25_eps0p05_lr1e4_i40000	r3m_bn_bi	LITE_RUNNING
2026-08-07T13:00:00+12:00	hpsA_r3m_bn_bi_rho0p25_eps0p05_lr1e4_i40000	r3m_bn_bi	LITE_COMPLETE
2026-08-07T13:00:00+12:00	hpsA_r3m_bn_bi_rho0p25_eps0p05_lr1e4_i40000	r3m_bn_bi	LITE_RUNNING
2026-08-07T13:00:09+12:00	hpsA_r3m_bn_bi_rho0p25_eps0p05_lr1e4_i40000	r3m_bn_bi	LITE_COMPLETE
2026-08-07T13:00:09+12:00	hpsA_r3m_bn_bi_rho0p25_eps0p05_lr1e4_i40000	r3m_bn_bi	LITE_RUNNING
2026-08-07T13:00:18+12:00	hpsA_r3m_bn_bi_rho0p25_eps0p05_lr1e4_i40000	r3m_bn_bi	LITE_COMPLETE
2026-08-07T13:00:18+12:00	hpsA_r3m_bn_bi_rho0p25_eps0p05_lr1e4_i40000	r3m_bn_bi	LITE_RUNNING
2026-08-07T13:00:27+12:00	hpsA_r3m_bn_bi_rho0p25_eps0p05_lr1e4_i40000	r3m_bn_bi	LITE_COMPLETE
2026-08-07T13:00:27+12:00	hpsA_r3m_bn_bi_rho0p25_eps0p05_lr1e4_i40000	r3m_bn_bi	LITE_RUNNING
2026-08-07T13:00:36+12:00	hpsA_r3m_bn_bi_rho0p25_eps0p05_lr1e4_i40000	r3m_bn_bi	LITE_COMPLETE
2026-08-07T13:00:36+12:00	hpsA_r3m_bn_bi_rho0p25_eps0p05_lr1e4_i40000	r3m_bn_bi	LITE_RUNNING
2026-08-07T13:00:45+12:00	hpsA_r3m_bn_bi_rho0p25_eps0p05_lr1e4_i40000	r3m_bn_bi	LITE_COMPLETE
2026-08-07T13:00:45+12:00	hpsA_r3m_bn_bi_rho0p25_eps0p05_lr1e4_i40000	r3m_bn_bi	LITE_RUNNING
2026-08-07T13:00:54+12:00	hpsA_r3m_bn_bi_rho0p25_eps0p05_lr1e4_i40000	r3m_bn_bi	LITE_COMPLETE
2026-08-07T13:00:54+12:00	hpsA_r3m_bn_bi_rho0p25_eps0p05_lr1e4_i40000	r3m_bn_bi	LITE_RUNNING
2026-08-07T13:01:03+12:00	hpsA_r3m_bn_bi_rho0p25_eps0p05_lr1e4_i40000	r3m_bn_bi	LITE_COMPLETE
2026-08-07T13:01:03+12:00	hpsA_r3m_bn_bi_rho0p25_eps0p05_lr1e4_i40000	r3m_bn_bi	LITE_RUNNING
2026-08-07T13:01:11+12:00	hpsA_r3m_bn_bi_rho0p25_eps0p05_lr1e4_i40000	r3m_bn_bi	LITE_COMPLETE
2026-08-07T13:01:11+12:00	hpsA_r3m_bn_bi_rho0p25_eps0p05_lr1e4_i40000	r3m_bn_bi	LITE_RUNNING
2026-08-07T13:01:20+12:00	hpsA_r3m_bn_bi_rho0p25_eps0p05_lr1e4_i40000	r3m_bn_bi	LITE_COMPLETE
2026-08-07T13:01:20+12:00	hpsA_r3m_bn_bi_rho0p25_eps0p05_lr1e4_i40000	r3m_bn_bi	LITE_RUNNING
2026-08-07T13:01:29+12:00	hpsA_r3m_bn_bi_rho0p25_eps0p05_lr1e4_i40000	r3m_bn_bi	LITE_COMPLETE
2026-08-07T13:01:29+12:00	hpsA_r3m_bn_bi_rho0p25_eps0p05_lr1e4_i40000	r3m_bn_bi	LITE_RUNNING
2026-08-07T13:01:38+12:00	hpsA_r3m_bn_bi_rho0p25_eps0p05_lr1e4_i40000	r3m_bn_bi	LITE_COMPLETE
2026-08-07T13:01:38+12:00	hpsA_r3m_bn_bi_rho0p25_eps0p05_lr1e4_i40000	r3m_bn_bi	LITE_RUNNING
2026-08-07T13:01:47+12:00	hpsA_r3m_bn_bi_rho0p25_eps0p05_lr1e4_i40000	r3m_bn_bi	LITE_COMPLETE
2026-08-07T13:01:47+12:00	hpsA_r3m_bn_bi_rho0p25_eps0p05_lr1e4_i40000	r3m_bn_bi	LITE_RUNNING
2026-08-07T13:01:56+12:00	hpsA_r3m_bn_bi_rho0p25_eps0p05_lr1e4_i40000	r3m_bn_bi	LITE_COMPLETE
2026-08-07T13:01:56+12:00	hpsA_r3m_bn_bi_rho0p25_eps0p05_lr1e4_i40000	r3m_bn_bi	LITE_RUNNING
2026-08-07T13:02:05+12:00	hpsA_r3m_bn_bi_rho0p25_eps0p05_lr1e4_i40000	r3m_bn_bi	LITE_COMPLETE
2026-08-07T13:02:05+12:00	hpsA_r3m_bn_bi_rho0p25_eps0p05_lr1e4_i40000	r3m_bn_bi	LITE_RUNNING
2026-08-07T13:02:14+12:00	hpsA_r3m_bn_bi_rho0p25_eps0p05_lr1e4_i40000	r3m_bn_bi	LITE_COMPLETE
2026-08-07T13:02:14+12:00	hpsA_r3m_bn_bi_rho0p25_eps0p05_lr1e4_i40000	r3m_bn_bi	LITE_RUNNING
2026-08-07T13:02:23+12:00	hpsA_r3m_bn_bi_rho0p25_eps0p05_lr1e4_i40000	r3m_bn_bi	LITE_COMPLETE
2026-08-07T13:02:23+12:00	hpsA_r3m_bn_bi_rho0p25_eps0p05_lr1e4_i40000	r3m_bn_bi	LITE_RUNNING
2026-08-07T13:02:32+12:00	hpsA_r3m_bn_bi_rho0p25_eps0p05_lr1e4_i40000	r3m_bn_bi	LITE_COMPLETE
2026-08-07T13:02:32+12:00	hpsA_r3m_bn_bi_rho0p25_eps0p05_lr1e4_i40000	r3m_bn_bi	LITE_RUNNING
2026-08-07T13:02:41+12:00	hpsA_r3m_bn_bi_rho0p25_eps0p05_lr1e4_i40000	r3m_bn_bi	LITE_COMPLETE
2026-08-07T13:02:41+12:00	hpsA_r3m_bn_bi_rho0p25_eps0p05_lr1e4_i40000	r3m_bn_bi	LITE_RUNNING
2026-08-07T13:02:50+12:00	hpsA_r3m_bn_bi_rho0p25_eps0p05_lr1e4_i40000	r3m_bn_bi	LITE_COMPLETE
2026-08-07T13:02:50+12:00	hpsA_r3m_bn_bi_rho0p25_eps0p05_lr1e4_i40000	r3m_bn_bi	LITE_RUNNING
2026-08-07T13:02:58+12:00	hpsA_r3m_bn_bi_rho0p25_eps0p05_lr1e4_i40000	r3m_bn_bi	LITE_COMPLETE
2026-08-07T13:02:58+12:00	hpsA_r3m_bn_bi_rho0p25_eps0p05_lr1e4_i40000	r3m_bn_bi	LITE_RUNNING
2026-08-07T13:03:07+12:00	hpsA_r3m_bn_bi_rho0p25_eps0p05_lr1e4_i40000	r3m_bn_bi	LITE_COMPLETE
2026-08-07T13:03:07+12:00	hpsA_r3m_bn_bi_rho0p25_eps0p05_lr1e4_i40000	r3m_bn_bi	LITE_RUNNING
2026-08-07T13:03:16+12:00	hpsA_r3m_bn_bi_rho0p25_eps0p05_lr1e4_i40000	r3m_bn_bi	LITE_COMPLETE
2026-08-07T13:03:16+12:00	hpsA_r3m_bn_bi_rho0p25_eps0p05_lr1e4_i40000	r3m_bn_bi	LITE_RUNNING
2026-08-07T13:03:25+12:00	hpsA_r3m_bn_bi_rho0p25_eps0p05_lr1e4_i40000	r3m_bn_bi	LITE_COMPLETE
2026-08-07T13:03:25+12:00	hpsA_r3m_bn_bi_rho0p25_eps0p05_lr1e4_i40000	r3m_bn_bi	LITE_RUNNING
2026-08-07T13:03:34+12:00	hpsA_r3m_bn_bi_rho0p25_eps0p05_lr1e4_i40000	r3m_bn_bi	LITE_COMPLETE
2026-08-07T13:03:34+12:00	hpsA_r3m_bn_bi_rho0p25_eps0p05_lr1e4_i40000	r3m_bn_bi	LITE_RUNNING
2026-08-07T13:03:43+12:00	hpsA_r3m_bn_bi_rho0p25_eps0p05_lr1e4_i40000	r3m_bn_bi	LITE_COMPLETE
2026-08-07T13:03:43+12:00	hpsA_r3m_bn_bi_rho0p25_eps0p05_lr1e4_i40000	r3m_bn_bi	LITE_RUNNING
2026-08-07T13:03:52+12:00	hpsA_r3m_bn_bi_rho0p25_eps0p05_lr1e4_i40000	r3m_bn_bi	LITE_COMPLETE
2026-08-07T13:03:52+12:00	hpsA_r3m_bn_bi_rho0p25_eps0p05_lr1e4_i40000	r3m_bn_bi	LITE_RUNNING
2026-08-07T13:04:01+12:00	hpsA_r3m_bn_bi_rho0p25_eps0p05_lr1e4_i40000	r3m_bn_bi	LITE_COMPLETE
2026-08-07T13:04:01+12:00	hpsA_r3m_bn_bi_rho0p25_eps0p05_lr1e4_i40000	r3m_bn_bi	LITE_RUNNING
2026-08-07T13:04:10+12:00	hpsA_r3m_bn_bi_rho0p25_eps0p05_lr1e4_i40000	r3m_bn_bi	LITE_COMPLETE
2026-08-07T13:04:10+12:00	hpsA_r3m_bn_bi_rho0p25_eps0p05_lr1e4_i40000	r3m_bn_bi	LITE_RUNNING
2026-08-07T13:04:18+12:00	hpsA_r3m_bn_bi_rho0p25_eps0p05_lr1e4_i40000	r3m_bn_bi	LITE_COMPLETE
2026-08-07T13:04:18+12:00	hpsA_r3m_bn_bi_rho0p25_eps0p05_lr1e4_i40000	r3m_bn_bi	LITE_RUNNING
2026-08-07T13:04:27+12:00	hpsA_r3m_bn_bi_rho0p25_eps0p05_lr1e4_i40000	r3m_bn_bi	LITE_COMPLETE
2026-08-07T13:04:27+12:00	hpsA_r3m_bn_bi_rho0p25_eps0p05_lr1e4_i40000	r3m_bn_bi	LITE_RUNNING
2026-08-07T13:04:36+12:00	hpsA_r3m_bn_bi_rho0p25_eps0p05_lr1e4_i40000	r3m_bn_bi	LITE_COMPLETE
2026-08-07T13:04:36+12:00	hpsA_r3m_bn_bi_rho0p25_eps0p05_lr1e4_i40000	r3m_bn_bi	LITE_RUNNING
2026-08-07T13:04:45+12:00	hpsA_r3m_bn_bi_rho0p25_eps0p05_lr1e4_i40000	r3m_bn_bi	LITE_COMPLETE
2026-08-07T13:04:45+12:00	hpsA_r3m_bn_bi_rho0p25_eps0p05_lr1e4_i40000	r3m_bn_bi	LITE_RUNNING
2026-08-07T13:04:54+12:00	hpsA_r3m_bn_bi_rho0p25_eps0p05_lr1e4_i40000	r3m_bn_bi	LITE_COMPLETE
2026-08-07T13:04:54+12:00	hpsA_r3m_bn_bi_rho0p25_eps0p05_lr1e4_i40000	r3m_bn_bi	LITE_RUNNING
2026-08-07T13:05:03+12:00	hpsA_r3m_bn_bi_rho0p25_eps0p05_lr1e4_i40000	r3m_bn_bi	LITE_COMPLETE
2026-08-07T13:05:03+12:00	hpsA_r3m_bn_bi_rho0p25_eps0p05_lr1e4_i40000	r3m_bn_bi	LITE_RUNNING
2026-08-07T13:05:12+12:00	hpsA_r3m_bn_bi_rho0p25_eps0p05_lr1e4_i40000	r3m_bn_bi	LITE_COMPLETE
2026-08-07T13:05:12+12:00	hpsA_r3m_bn_bi_rho0p25_eps0p05_lr1e4_i40000	r3m_bn_bi	LITE_RUNNING
2026-08-07T13:05:21+12:00	hpsA_r3m_bn_bi_rho0p25_eps0p05_lr1e4_i40000	r3m_bn_bi	LITE_COMPLETE
2026-08-07T13:05:21+12:00	hpsA_r3m_bn_bi_rho0p25_eps0p05_lr1e4_i40000	r3m_bn_bi	LITE_RUNNING
2026-08-07T13:05:30+12:00	hpsA_r3m_bn_bi_rho0p25_eps0p05_lr1e4_i40000	r3m_bn_bi	LITE_COMPLETE
2026-08-07T13:05:30+12:00	hpsA_r3m_bn_bi_rho0p25_eps0p05_lr1e4_i40000	r3m_bn_bi	LITE_RUNNING
2026-08-07T13:05:39+12:00	hpsA_r3m_bn_bi_rho0p25_eps0p05_lr1e4_i40000	r3m_bn_bi	LITE_COMPLETE
2026-08-07T13:05:39+12:00	hpsA_r3m_bn_bi_rho0p25_eps0p05_lr1e4_i40000	r3m_bn_bi	LITE_RUNNING
2026-08-07T13:05:48+12:00	hpsA_r3m_bn_bi_rho0p25_eps0p05_lr1e4_i40000	r3m_bn_bi	LITE_COMPLETE
2026-08-07T13:05:48+12:00	hpsA_r3m_bn_bi_rho0p25_eps0p05_lr1e4_i40000	r3m_bn_bi	LITE_RUNNING
2026-08-07T13:05:57+12:00	hpsA_r3m_bn_bi_rho0p25_eps0p05_lr1e4_i40000	r3m_bn_bi	LITE_COMPLETE
2026-08-07T13:05:57+12:00	hpsA_r3m_bn_bi_rho0p25_eps0p05_lr1e4_i40000	r3m_bn_bi	LITE_RUNNING
2026-08-07T13:06:06+12:00	hpsA_r3m_bn_bi_rho0p25_eps0p05_lr1e4_i40000	r3m_bn_bi	LITE_COMPLETE
2026-08-07T13:06:06+12:00	hpsA_r3m_bn_bi_rho0p25_eps0p05_lr1e4_i40000	r3m_bn_bi	LITE_RUNNING
2026-08-07T13:06:15+12:00	hpsA_r3m_bn_bi_rho0p25_eps0p05_lr1e4_i40000	r3m_bn_bi	LITE_COMPLETE
2026-08-07T13:06:15+12:00	hpsA_r3m_bn_bi_rho0p25_eps0p05_lr1e4_i40000	r3m_bn_bi	LITE_RUNNING
2026-08-07T13:06:23+12:00	hpsA_r3m_bn_bi_rho0p25_eps0p05_lr1e4_i40000	r3m_bn_bi	LITE_COMPLETE
2026-08-07T13:06:23+12:00	hpsA_r3m_bn_bi_rho0p25_eps0p05_lr1e4_i40000	r3m_bn_bi	LITE_RUNNING
2026-08-07T13:06:32+12:00	hpsA_r3m_bn_bi_rho0p25_eps0p05_lr1e4_i40000	r3m_bn_bi	LITE_COMPLETE
2026-08-07T13:06:32+12:00	hpsA_r3m_bn_bi_rho0p25_eps0p05_lr1e4_i40000	r3m_bn_bi	LITE_RUNNING
2026-08-07T13:06:41+12:00	hpsA_r3m_bn_bi_rho0p25_eps0p05_lr1e4_i40000	r3m_bn_bi	LITE_COMPLETE
2026-08-07T13:06:41+12:00	hpsA_r3m_bn_bi_rho0p25_eps0p05_lr1e4_i40000	r3m_bn_bi	LITE_RUNNING
2026-08-07T13:06:50+12:00	hpsA_r3m_bn_bi_rho0p25_eps0p05_lr1e4_i40000	r3m_bn_bi	LITE_COMPLETE
2026-08-07T13:06:50+12:00	hpsA_r3m_bn_bi_rho0p25_eps0p05_lr1e4_i40000	r3m_bn_bi	LITE_RUNNING
2026-08-07T13:06:59+12:00	hpsA_r3m_bn_bi_rho0p25_eps0p05_lr1e4_i40000	r3m_bn_bi	LITE_COMPLETE
2026-08-07T13:06:59+12:00	hpsA_r3m_bn_bi_rho0p25_eps0p05_lr1e4_i40000	r3m_bn_bi	LITE_RUNNING
2026-08-07T13:07:08+12:00	hpsA_r3m_bn_bi_rho0p25_eps0p05_lr1e4_i40000	r3m_bn_bi	LITE_COMPLETE
2026-08-07T13:07:08+12:00	hpsA_r3m_bn_bi_rho0p25_eps0p05_lr1e4_i40000	r3m_bn_bi	LITE_RUNNING
2026-08-07T13:07:17+12:00	hpsA_r3m_bn_bi_rho0p25_eps0p05_lr1e4_i40000	r3m_bn_bi	LITE_COMPLETE
2026-08-07T13:07:17+12:00	hpsA_r3m_bn_bi_rho0p25_eps0p05_lr1e4_i40000	r3m_bn_bi	LITE_RUNNING
2026-08-07T13:07:26+12:00	hpsA_r3m_bn_bi_rho0p25_eps0p05_lr1e4_i40000	r3m_bn_bi	LITE_COMPLETE
2026-08-07T13:07:26+12:00	hpsA_r3m_bn_bi_rho0p25_eps0p05_lr1e4_i40000	r3m_bn_bi	LITE_RUNNING
2026-08-07T13:07:35+12:00	hpsA_r3m_bn_bi_rho0p25_eps0p05_lr1e4_i40000	r3m_bn_bi	LITE_COMPLETE
2026-08-07T13:07:35+12:00	hpsA_r3m_bn_bi_rho0p25_eps0p05_lr1e4_i40000	r3m_bn_bi	LITE_RUNNING
2026-08-07T13:07:44+12:00	hpsA_r3m_bn_bi_rho0p25_eps0p05_lr1e4_i40000	r3m_bn_bi	LITE_COMPLETE
2026-08-07T13:07:44+12:00	hpsA_r3m_bn_bi_rho0p25_eps0p05_lr1e4_i40000	r3m_bn_bi	LITE_RUNNING
2026-08-07T13:07:53+12:00	hpsA_r3m_bn_bi_rho0p25_eps0p05_lr1e4_i40000	r3m_bn_bi	LITE_COMPLETE
2026-08-07T13:07:53+12:00	hpsA_r3m_bn_bi_rho0p25_eps0p05_lr1e4_i40000	r3m_bn_bi	LITE_RUNNING
2026-08-07T13:08:02+12:00	hpsA_r3m_bn_bi_rho0p25_eps0p05_lr1e4_i40000	r3m_bn_bi	LITE_COMPLETE
2026-08-07T13:08:02+12:00	hpsA_r3m_bn_bi_rho0p25_eps0p05_lr1e4_i40000	r3m_bn_bi	LITE_RUNNING
2026-08-07T13:08:10+12:00	hpsA_r3m_bn_bi_rho0p25_eps0p05_lr1e4_i40000	r3m_bn_bi	LITE_COMPLETE
2026-08-07T13:08:10+12:00	hpsA_r3m_bn_bi_rho0p25_eps0p05_lr1e4_i40000	r3m_bn_bi	LITE_RUNNING
2026-08-07T13:08:19+12:00	hpsA_r3m_bn_bi_rho0p25_eps0p05_lr1e4_i40000	r3m_bn_bi	LITE_COMPLETE
2026-08-07T13:08:19+12:00	hpsA_r3m_bn_bi_rho0p25_eps0p05_lr1e4_i40000	r3m_bn_bi	LITE_RUNNING
2026-08-07T13:08:28+12:00	hpsA_r3m_bn_bi_rho0p25_eps0p05_lr1e4_i40000	r3m_bn_bi	LITE_COMPLETE
2026-08-07T13:08:28+12:00	hpsA_r3m_bn_bi_rho0p25_eps0p05_lr1e4_i40000	r3m_bn_bi	LITE_RUNNING
2026-08-07T13:08:37+12:00	hpsA_r3m_bn_bi_rho0p25_eps0p05_lr1e4_i40000	r3m_bn_bi	LITE_COMPLETE
2026-08-07T13:08:37+12:00	hpsA_r3m_bn_bi_rho0p25_eps0p05_lr1e4_i40000	r3m_bn_bi	LITE_RUNNING
2026-08-07T13:08:46+12:00	hpsA_r3m_bn_bi_rho0p25_eps0p05_lr1e4_i40000	r3m_bn_bi	LITE_COMPLETE
2026-08-07T13:08:46+12:00	hpsA_r3m_bn_bi_rho0p25_eps0p05_lr1e4_i40000	r3m_bn_bi	LITE_RUNNING
2026-08-07T13:08:55+12:00	hpsA_r3m_bn_bi_rho0p25_eps0p05_lr1e4_i40000	r3m_bn_bi	LITE_COMPLETE
2026-08-07T13:08:55+12:00	hpsA_r3m_bn_bi_rho0p25_eps0p05_lr1e4_i40000	r3m_bn_bi	LITE_RUNNING
2026-08-07T13:09:04+12:00	hpsA_r3m_bn_bi_rho0p25_eps0p05_lr1e4_i40000	r3m_bn_bi	LITE_COMPLETE
2026-08-07T13:09:04+12:00	hpsA_r3m_bn_bi_rho0p25_eps0p05_lr1e4_i40000	r3m_bn_bi	LITE_RUNNING
2026-08-07T13:09:13+12:00	hpsA_r3m_bn_bi_rho0p25_eps0p05_lr1e4_i40000	r3m_bn_bi	LITE_COMPLETE
2026-08-07T13:09:13+12:00	hpsA_r3m_bn_bi_rho0p25_eps0p05_lr1e4_i40000	r3m_bn_bi	LITE_RUNNING
2026-08-07T13:09:22+12:00	hpsA_r3m_bn_bi_rho0p25_eps0p05_lr1e4_i40000	r3m_bn_bi	LITE_COMPLETE
2026-08-07T13:09:22+12:00	hpsA_r3m_bn_bi_rho0p25_eps0p05_lr1e4_i40000	r3m_bn_bi	LITE_RUNNING
2026-08-07T13:09:31+12:00	hpsA_r3m_bn_bi_rho0p25_eps0p05_lr1e4_i40000	r3m_bn_bi	LITE_COMPLETE
2026-08-07T13:09:31+12:00	hpsA_r3m_bn_bi_rho0p25_eps0p05_lr1e4_i40000	r3m_bn_bi	LITE_RUNNING
2026-08-07T13:09:40+12:00	hpsA_r3m_bn_bi_rho0p25_eps0p05_lr1e4_i40000	r3m_bn_bi	LITE_COMPLETE
2026-08-07T13:09:40+12:00	hpsA_r3m_bn_bi_rho0p25_eps0p05_lr1e4_i40000	r3m_bn_bi	LITE_RUNNING
2026-08-07T13:09:49+12:00	hpsA_r3m_bn_bi_rho0p25_eps0p05_lr1e4_i40000	r3m_bn_bi	LITE_COMPLETE
2026-08-07T13:09:49+12:00	hpsA_r3m_bn_bi_rho0p25_eps0p05_lr1e4_i40000	r3m_bn_bi	LITE_RUNNING
2026-08-07T13:09:58+12:00	hpsA_r3m_bn_bi_rho0p25_eps0p05_lr1e4_i40000	r3m_bn_bi	LITE_COMPLETE
2026-08-07T13:09:58+12:00	hpsA_r3m_bn_bi_rho0p25_eps0p05_lr1e4_i40000	r3m_bn_bi	LITE_RUNNING
2026-08-07T13:10:07+12:00	hpsA_r3m_bn_bi_rho0p25_eps0p05_lr1e4_i40000	r3m_bn_bi	LITE_COMPLETE
2026-08-07T13:10:07+12:00	hpsA_r3m_bn_bi_rho0p25_eps0p05_lr1e4_i40000	r3m_bn_bi	LITE_RUNNING
2026-08-07T13:10:16+12:00	hpsA_r3m_bn_bi_rho0p25_eps0p05_lr1e4_i40000	r3m_bn_bi	LITE_COMPLETE
2026-08-07T13:10:16+12:00	hpsA_r3m_bn_bi_rho0p25_eps0p05_lr1e4_i40000	r3m_bn_bi	LITE_RUNNING
2026-08-07T13:10:24+12:00	hpsA_r3m_bn_bi_rho0p25_eps0p05_lr1e4_i40000	r3m_bn_bi	LITE_COMPLETE
2026-08-07T13:10:24+12:00	hpsA_r3m_bn_bi_rho0p25_eps0p05_lr1e4_i40000	r3m_bn_bi	LITE_RUNNING
2026-08-07T13:10:33+12:00	hpsA_r3m_bn_bi_rho0p25_eps0p05_lr1e4_i40000	r3m_bn_bi	LITE_COMPLETE
2026-08-07T13:10:33+12:00	hpsA_r3m_bn_bi_rho0p25_eps0p05_lr1e4_i40000	r3m_bn_bi	LITE_RUNNING
2026-08-07T13:10:42+12:00	hpsA_r3m_bn_bi_rho0p25_eps0p05_lr1e4_i40000	r3m_bn_bi	LITE_COMPLETE
2026-08-07T13:10:42+12:00	hpsA_r3m_bn_bi_rho0p25_eps0p05_lr1e4_i40000	r3m_bn_bi	LITE_RUNNING
2026-08-07T13:10:51+12:00	hpsA_r3m_bn_bi_rho0p25_eps0p05_lr1e4_i40000	r3m_bn_bi	LITE_COMPLETE
2026-08-07T13:10:51+12:00	hpsA_r3m_bn_bi_rho0p25_eps0p05_lr1e4_i40000	r3m_bn_bi	LITE_RUNNING
2026-08-07T13:11:00+12:00	hpsA_r3m_bn_bi_rho0p25_eps0p05_lr1e4_i40000	r3m_bn_bi	LITE_COMPLETE
2026-08-07T13:11:00+12:00	hpsA_r3m_bn_bi_rho0p25_eps0p05_lr1e4_i40000	r3m_bn_bi	LITE_RUNNING
2026-08-07T13:11:09+12:00	hpsA_r3m_bn_bi_rho0p25_eps0p05_lr1e4_i40000	r3m_bn_bi	LITE_COMPLETE
2026-08-07T13:11:09+12:00	hpsA_r3m_bn_bi_rho0p25_eps0p05_lr1e4_i40000	r3m_bn_bi	LITE_RUNNING
2026-08-07T13:11:18+12:00	hpsA_r3m_bn_bi_rho0p25_eps0p05_lr1e4_i40000	r3m_bn_bi	LITE_COMPLETE
2026-08-07T13:11:18+12:00	hpsA_r3m_bn_bi_rho0p25_eps0p05_lr1e4_i40000	r3m_bn_bi	LITE_RUNNING
2026-08-07T13:11:27+12:00	hpsA_r3m_bn_bi_rho0p25_eps0p05_lr1e4_i40000	r3m_bn_bi	LITE_COMPLETE
2026-08-07T13:11:27+12:00	hpsA_r3m_bn_bi_rho0p25_eps0p05_lr1e4_i40000	r3m_bn_bi	LITE_RUNNING
2026-08-07T13:11:36+12:00	hpsA_r3m_bn_bi_rho0p25_eps0p05_lr1e4_i40000	r3m_bn_bi	LITE_COMPLETE
2026-08-07T13:11:36+12:00	hpsA_r3m_bn_bi_rho0p25_eps0p05_lr1e4_i40000	r3m_bn_bi	LITE_RUNNING
2026-08-07T13:11:45+12:00	hpsA_r3m_bn_bi_rho0p25_eps0p05_lr1e4_i40000	r3m_bn_bi	LITE_COMPLETE
2026-08-07T13:11:45+12:00	hpsA_r3m_bn_bi_rho0p25_eps0p05_lr1e4_i40000	r3m_bn_bi	LITE_RUNNING
2026-08-07T13:11:54+12:00	hpsA_r3m_bn_bi_rho0p25_eps0p05_lr1e4_i40000	r3m_bn_bi	LITE_COMPLETE
2026-08-07T13:11:54+12:00	hpsA_r3m_bn_bi_rho0p25_eps0p05_lr1e4_i40000	r3m_bn_bi	LITE_RUNNING
2026-08-07T13:12:02+12:00	hpsA_r3m_bn_bi_rho0p25_eps0p05_lr1e4_i40000	r3m_bn_bi	LITE_COMPLETE
2026-08-07T13:12:02+12:00	hpsA_r3m_bn_bi_rho0p25_eps0p05_lr1e4_i40000	r3m_bn_bi	LITE_RUNNING
2026-08-07T13:12:11+12:00	hpsA_r3m_bn_bi_rho0p25_eps0p05_lr1e4_i40000	r3m_bn_bi	LITE_COMPLETE
2026-08-07T13:12:11+12:00	hpsA_r3m_bn_bi_rho0p25_eps0p05_lr1e4_i40000	r3m_bn_bi	LITE_RUNNING
2026-08-07T13:12:20+12:00	hpsA_r3m_bn_bi_rho0p25_eps0p05_lr1e4_i40000	r3m_bn_bi	LITE_COMPLETE
2026-08-07T13:12:20+12:00	hpsA_r3m_bn_bi_rho0p25_eps0p05_lr1e4_i40000	r3m_bn_bi	LITE_RUNNING
2026-08-07T13:12:29+12:00	hpsA_r3m_bn_bi_rho0p25_eps0p05_lr1e4_i40000	r3m_bn_bi	LITE_COMPLETE
2026-08-07T13:12:29+12:00	hpsA_r3m_bn_bi_rho0p25_eps0p05_lr1e4_i40000	r3m_bn_bi	LITE_RUNNING
2026-08-07T13:12:38+12:00	hpsA_r3m_bn_bi_rho0p25_eps0p05_lr1e4_i40000	r3m_bn_bi	LITE_COMPLETE
2026-08-07T13:12:38+12:00	hpsA_r3m_bn_bi_rho0p25_eps0p05_lr1e4_i40000	r3m_bn_bi	LITE_RUNNING
2026-08-07T13:12:47+12:00	hpsA_r3m_bn_bi_rho0p25_eps0p05_lr1e4_i40000	r3m_bn_bi	LITE_COMPLETE
2026-08-07T13:12:47+12:00	hpsA_r3m_bn_bi_rho0p25_eps0p05_lr1e4_i40000	r3m_bn_bi	LITE_RUNNING
2026-08-07T13:12:56+12:00	hpsA_r3m_bn_bi_rho0p25_eps0p05_lr1e4_i40000	r3m_bn_bi	LITE_COMPLETE
2026-08-07T13:12:56+12:00	hpsA_r3m_bn_bi_rho0p25_eps0p05_lr1e4_i40000	r3m_bn_bi	LITE_RUNNING
2026-08-07T13:13:05+12:00	hpsA_r3m_bn_bi_rho0p25_eps0p05_lr1e4_i40000	r3m_bn_bi	LITE_COMPLETE
2026-08-07T13:13:05+12:00	hpsA_r3m_bn_bi_rho0p25_eps0p05_lr1e4_i40000	r3m_bn_bi	LITE_RUNNING
2026-08-07T13:13:14+12:00	hpsA_r3m_bn_bi_rho0p25_eps0p05_lr1e4_i40000	r3m_bn_bi	LITE_COMPLETE
2026-08-07T13:13:14+12:00	hpsA_r3m_bn_bi_rho0p25_eps0p05_lr1e4_i40000	r3m_bn_bi	LITE_RUNNING
2026-08-07T13:13:23+12:00	hpsA_r3m_bn_bi_rho0p25_eps0p05_lr1e4_i40000	r3m_bn_bi	LITE_COMPLETE
2026-08-07T13:13:23+12:00	hpsA_r3m_bn_bi_rho0p25_eps0p05_lr1e4_i40000	r3m_bn_bi	LITE_RUNNING
2026-08-07T13:13:55+12:00	hpsA_r3m_bn_bi_rho0p25_eps0p05_lr1e4_i40000	r3m_bn_bi	LITE_RUNNING
2026-08-07T13:14:04+12:00	hpsA_r3m_bn_bi_rho0p25_eps0p05_lr1e4_i40000	r3m_bn_bi	LITE_FAILED_EXIT_1
2026-08-07T13:16:15+12:00	hpsA_r3m_bn_bi_rho0p25_eps0p05_lr1e4_i40000	r3m_bn_bi	LITE_RUNNING
2026-08-07T16:01:14+12:00	hpsA_r3m_bn_bi_rho0p25_eps0p05_lr1e4_i40000	r3m_bn_bi	LITE_COMPLETE
2026-08-07T16:01:14+12:00	hpsA_r3m_bn_bi_rho0p25_eps0p025_lr1e4_i40000	r3m_bn_bi	UPSTREAM_RUNNING_TO_5000
2026-08-07T17:58:34+12:00	hpsA_r3m_bn_bi_rho0p25_eps0p025_lr1e4_i40000	r3m_bn_bi	UPSTREAM_SEGMENT_COMPLETE_5000
2026-08-07T17:58:34+12:00	hpsA_r3m_bn_bi_rho0p25_eps0p025_lr1e4_i40000	r3m_bn_bi	UPSTREAM_RUNNING_TO_10000
2026-08-07T19:55:59+12:00	hpsA_r3m_bn_bi_rho0p25_eps0p025_lr1e4_i40000	r3m_bn_bi	UPSTREAM_SEGMENT_COMPLETE_10000
2026-08-07T19:55:59+12:00	hpsA_r3m_bn_bi_rho0p25_eps0p025_lr1e4_i40000	r3m_bn_bi	UPSTREAM_RUNNING_TO_15000
2026-08-07T21:53:45+12:00	hpsA_r3m_bn_bi_rho0p25_eps0p025_lr1e4_i40000	r3m_bn_bi	UPSTREAM_SEGMENT_COMPLETE_15000
2026-08-07T21:53:46+12:00	hpsA_r3m_bn_bi_rho0p25_eps0p025_lr1e4_i40000	r3m_bn_bi	UPSTREAM_RUNNING_TO_20000
2026-08-07T23:52:01+12:00	hpsA_r3m_bn_bi_rho0p25_eps0p025_lr1e4_i40000	r3m_bn_bi	UPSTREAM_SEGMENT_COMPLETE_20000
2026-08-07T23:52:01+12:00	hpsA_r3m_bn_bi_rho0p25_eps0p025_lr1e4_i40000	r3m_bn_bi	UPSTREAM_RUNNING_TO_25000
2026-08-08T01:49:42+12:00	hpsA_r3m_bn_bi_rho0p25_eps0p025_lr1e4_i40000	r3m_bn_bi	UPSTREAM_SEGMENT_COMPLETE_25000
2026-08-08T01:49:42+12:00	hpsA_r3m_bn_bi_rho0p25_eps0p025_lr1e4_i40000	r3m_bn_bi	UPSTREAM_RUNNING_TO_30000
2026-08-08T03:47:05+12:00	hpsA_r3m_bn_bi_rho0p25_eps0p025_lr1e4_i40000	r3m_bn_bi	UPSTREAM_SEGMENT_COMPLETE_30000
2026-08-08T03:47:06+12:00	hpsA_r3m_bn_bi_rho0p25_eps0p025_lr1e4_i40000	r3m_bn_bi	UPSTREAM_RUNNING_TO_35000
2026-08-08T05:44:17+12:00	hpsA_r3m_bn_bi_rho0p25_eps0p025_lr1e4_i40000	r3m_bn_bi	UPSTREAM_SEGMENT_COMPLETE_35000
2026-08-08T05:44:17+12:00	hpsA_r3m_bn_bi_rho0p25_eps0p025_lr1e4_i40000	r3m_bn_bi	UPSTREAM_RUNNING_TO_40000
2026-08-08T07:41:41+12:00	hpsA_r3m_bn_bi_rho0p25_eps0p025_lr1e4_i40000	r3m_bn_bi	UPSTREAM_SEGMENT_COMPLETE_40000
2026-08-08T07:41:41+12:00	hpsA_r3m_bn_bi_rho0p25_eps0p025_lr1e4_i40000	r3m_bn_bi	UPSTREAM_COMPLETE
2026-08-08T07:41:44+12:00	hpsA_r3m_bn_bi_rho0p25_eps0p025_lr1e4_i40000	r3m_bn_bi	LITE_RUNNING
2026-08-08T10:28:03+12:00	hpsA_r3m_bn_bi_rho0p25_eps0p025_lr1e4_i40000	r3m_bn_bi	LITE_COMPLETE
2026-08-08T10:28:03+12:00	hpsA_r3m_bn_bi_rho0p25_eps0p1_lr1e4_i40000	r3m_bn_bi	UPSTREAM_RUNNING_TO_5000
2026-08-08T12:24:59+12:00	hpsA_r3m_bn_bi_rho0p25_eps0p1_lr1e4_i40000	r3m_bn_bi	UPSTREAM_SEGMENT_COMPLETE_5000
2026-08-08T12:24:59+12:00	hpsA_r3m_bn_bi_rho0p25_eps0p1_lr1e4_i40000	r3m_bn_bi	UPSTREAM_RUNNING_TO_10000
2026-08-08T14:23:22+12:00	hpsA_r3m_bn_bi_rho0p25_eps0p1_lr1e4_i40000	r3m_bn_bi	UPSTREAM_SEGMENT_COMPLETE_10000
2026-08-08T14:23:22+12:00	hpsA_r3m_bn_bi_rho0p25_eps0p1_lr1e4_i40000	r3m_bn_bi	UPSTREAM_RUNNING_TO_15000
2026-08-08T16:21:52+12:00	hpsA_r3m_bn_bi_rho0p25_eps0p1_lr1e4_i40000	r3m_bn_bi	UPSTREAM_SEGMENT_COMPLETE_15000
2026-08-08T16:21:52+12:00	hpsA_r3m_bn_bi_rho0p25_eps0p1_lr1e4_i40000	r3m_bn_bi	UPSTREAM_RUNNING_TO_20000
2026-08-08T18:20:35+12:00	hpsA_r3m_bn_bi_rho0p25_eps0p1_lr1e4_i40000	r3m_bn_bi	UPSTREAM_SEGMENT_COMPLETE_20000
2026-08-08T18:20:35+12:00	hpsA_r3m_bn_bi_rho0p25_eps0p1_lr1e4_i40000	r3m_bn_bi	UPSTREAM_RUNNING_TO_25000
2026-08-08T20:18:40+12:00	hpsA_r3m_bn_bi_rho0p25_eps0p1_lr1e4_i40000	r3m_bn_bi	UPSTREAM_SEGMENT_COMPLETE_25000
2026-08-08T20:18:40+12:00	hpsA_r3m_bn_bi_rho0p25_eps0p1_lr1e4_i40000	r3m_bn_bi	UPSTREAM_RUNNING_TO_30000
2026-08-08T22:16:33+12:00	hpsA_r3m_bn_bi_rho0p25_eps0p1_lr1e4_i40000	r3m_bn_bi	UPSTREAM_SEGMENT_COMPLETE_30000
2026-08-08T22:16:33+12:00	hpsA_r3m_bn_bi_rho0p25_eps0p1_lr1e4_i40000	r3m_bn_bi	UPSTREAM_RUNNING_TO_35000
2026-08-09T00:14:53+12:00	hpsA_r3m_bn_bi_rho0p25_eps0p1_lr1e4_i40000	r3m_bn_bi	UPSTREAM_SEGMENT_COMPLETE_35000
2026-08-09T00:14:54+12:00	hpsA_r3m_bn_bi_rho0p25_eps0p1_lr1e4_i40000	r3m_bn_bi	UPSTREAM_RUNNING_TO_40000
2026-08-09T02:13:55+12:00	hpsA_r3m_bn_bi_rho0p25_eps0p1_lr1e4_i40000	r3m_bn_bi	UPSTREAM_SEGMENT_COMPLETE_40000
2026-08-09T02:13:55+12:00	hpsA_r3m_bn_bi_rho0p25_eps0p1_lr1e4_i40000	r3m_bn_bi	UPSTREAM_COMPLETE
2026-08-09T02:13:58+12:00	hpsA_r3m_bn_bi_rho0p25_eps0p1_lr1e4_i40000	r3m_bn_bi	LITE_RUNNING
2026-08-09T05:03:38+12:00	hpsA_r3m_bn_bi_rho0p25_eps0p1_lr1e4_i40000	r3m_bn_bi	LITE_COMPLETE
2026-08-09T05:03:38+12:00	WAITING_FOR_IMPORTED_H200_LITE
2026-08-09T05:18:38+12:00	WAITING_FOR_IMPORTED_H200_LITE
2026-08-09T05:33:38+12:00	WAITING_FOR_IMPORTED_H200_LITE
2026-08-09T05:48:38+12:00	WAITING_FOR_IMPORTED_H200_LITE
2026-08-09T06:03:38+12:00	WAITING_FOR_IMPORTED_H200_LITE
2026-08-09T06:13:13+12:00	hpsA_h200_vit_imagenet_rho0p5_eps0p05_lr7p5e5_i40000	vit_imagenet	LITE_RUNNING
2026-08-09T07:02:48+12:00	hpsA_h200_vit_imagenet_rho0p5_eps0p05_lr7p5e5_i40000	vit_imagenet	LITE_COMPLETE
2026-08-09T07:02:48+12:00	hpsA_h200_r3m_bn_bi_rho0p5_eps0p05_lr1e4_i40000	r3m_bn_bi	UPSTREAM_RUNNING_TO_5000
2026-08-09T08:59:49+12:00	hpsA_h200_r3m_bn_bi_rho0p5_eps0p05_lr1e4_i40000	r3m_bn_bi	UPSTREAM_SEGMENT_COMPLETE_5000
2026-08-09T08:59:49+12:00	hpsA_h200_r3m_bn_bi_rho0p5_eps0p05_lr1e4_i40000	r3m_bn_bi	UPSTREAM_RUNNING_TO_10000
2026-08-09T10:56:45+12:00	hpsA_h200_r3m_bn_bi_rho0p5_eps0p05_lr1e4_i40000	r3m_bn_bi	UPSTREAM_SEGMENT_COMPLETE_10000
2026-08-09T10:56:45+12:00	hpsA_h200_r3m_bn_bi_rho0p5_eps0p05_lr1e4_i40000	r3m_bn_bi	UPSTREAM_RUNNING_TO_15000
2026-08-09T12:53:17+12:00	hpsA_h200_r3m_bn_bi_rho0p5_eps0p05_lr1e4_i40000	r3m_bn_bi	UPSTREAM_SEGMENT_COMPLETE_15000
2026-08-09T12:53:17+12:00	hpsA_h200_r3m_bn_bi_rho0p5_eps0p05_lr1e4_i40000	r3m_bn_bi	UPSTREAM_RUNNING_TO_20000
2026-08-09T14:49:37+12:00	hpsA_h200_r3m_bn_bi_rho0p5_eps0p05_lr1e4_i40000	r3m_bn_bi	UPSTREAM_SEGMENT_COMPLETE_20000
2026-08-09T14:49:37+12:00	hpsA_h200_vit_imagenet_rho1p0_eps0p05_lr7p5e5_i40000	vit_imagenet	LITE_RUNNING
2026-08-09T14:49:46+12:00	hpsA_h200_vit_imagenet_rho1p0_eps0p05_lr7p5e5_i40000	vit_imagenet	LITE_FAILED_EXIT_1
2026-08-09T14:50:50+12:00	hpsA_h200_vit_imagenet_rho1p0_eps0p05_lr7p5e5_i40000	vit_imagenet	LITE_RUNNING
2026-08-09T14:50:59+12:00	hpsA_h200_vit_imagenet_rho1p0_eps0p05_lr7p5e5_i40000	vit_imagenet	LITE_FAILED_EXIT_1
2026-08-09T15:00:50+12:00	hpsA_h200_vit_imagenet_rho1p0_eps0p05_lr7p5e5_i40000	vit_imagenet	LITE_RUNNING
2026-08-09T15:00:58+12:00	hpsA_h200_vit_imagenet_rho1p0_eps0p05_lr7p5e5_i40000	vit_imagenet	LITE_FAILED_EXIT_1
2026-08-09T15:10:50+12:00	hpsA_h200_vit_imagenet_rho1p0_eps0p05_lr7p5e5_i40000	vit_imagenet	LITE_RUNNING
2026-08-09T15:10:58+12:00	hpsA_h200_vit_imagenet_rho1p0_eps0p05_lr7p5e5_i40000	vit_imagenet	LITE_FAILED_EXIT_1
2026-08-09T15:20:50+12:00	hpsA_h200_vit_imagenet_rho1p0_eps0p05_lr7p5e5_i40000	vit_imagenet	LITE_RUNNING
2026-08-09T15:20:58+12:00	hpsA_h200_vit_imagenet_rho1p0_eps0p05_lr7p5e5_i40000	vit_imagenet	LITE_FAILED_EXIT_1
2026-08-09T15:30:50+12:00	hpsA_h200_vit_imagenet_rho1p0_eps0p05_lr7p5e5_i40000	vit_imagenet	LITE_RUNNING
2026-08-09T15:30:58+12:00	hpsA_h200_vit_imagenet_rho1p0_eps0p05_lr7p5e5_i40000	vit_imagenet	LITE_FAILED_EXIT_1
2026-08-09T15:40:50+12:00	hpsA_h200_vit_imagenet_rho1p0_eps0p05_lr7p5e5_i40000	vit_imagenet	LITE_RUNNING
2026-08-09T15:40:58+12:00	hpsA_h200_vit_imagenet_rho1p0_eps0p05_lr7p5e5_i40000	vit_imagenet	LITE_FAILED_EXIT_1
2026-08-09T15:50:50+12:00	hpsA_h200_vit_imagenet_rho1p0_eps0p05_lr7p5e5_i40000	vit_imagenet	LITE_RUNNING
2026-08-09T15:50:58+12:00	hpsA_h200_vit_imagenet_rho1p0_eps0p05_lr7p5e5_i40000	vit_imagenet	LITE_FAILED_EXIT_1
2026-08-09T16:00:50+12:00	hpsA_h200_vit_imagenet_rho1p0_eps0p05_lr7p5e5_i40000	vit_imagenet	LITE_RUNNING
2026-08-09T16:00:58+12:00	hpsA_h200_vit_imagenet_rho1p0_eps0p05_lr7p5e5_i40000	vit_imagenet	LITE_FAILED_EXIT_1
2026-08-09T16:10:50+12:00	hpsA_h200_vit_imagenet_rho1p0_eps0p05_lr7p5e5_i40000	vit_imagenet	LITE_RUNNING
2026-08-09T16:10:58+12:00	hpsA_h200_vit_imagenet_rho1p0_eps0p05_lr7p5e5_i40000	vit_imagenet	LITE_FAILED_EXIT_1
2026-08-09T16:20:50+12:00	hpsA_h200_vit_imagenet_rho1p0_eps0p05_lr7p5e5_i40000	vit_imagenet	LITE_RUNNING
2026-08-09T16:20:58+12:00	hpsA_h200_vit_imagenet_rho1p0_eps0p05_lr7p5e5_i40000	vit_imagenet	LITE_FAILED_EXIT_1
2026-08-09T16:30:50+12:00	hpsA_h200_vit_imagenet_rho1p0_eps0p05_lr7p5e5_i40000	vit_imagenet	LITE_RUNNING
2026-08-09T16:30:58+12:00	hpsA_h200_vit_imagenet_rho1p0_eps0p05_lr7p5e5_i40000	vit_imagenet	LITE_FAILED_EXIT_1
2026-08-09T16:40:50+12:00	hpsA_h200_vit_imagenet_rho1p0_eps0p05_lr7p5e5_i40000	vit_imagenet	LITE_RUNNING
2026-08-09T16:40:58+12:00	hpsA_h200_vit_imagenet_rho1p0_eps0p05_lr7p5e5_i40000	vit_imagenet	LITE_FAILED_EXIT_1
2026-08-09T16:50:50+12:00	hpsA_h200_vit_imagenet_rho1p0_eps0p05_lr7p5e5_i40000	vit_imagenet	LITE_RUNNING
2026-08-09T16:50:58+12:00	hpsA_h200_vit_imagenet_rho1p0_eps0p05_lr7p5e5_i40000	vit_imagenet	LITE_FAILED_EXIT_1
2026-08-09T17:00:50+12:00	hpsA_h200_vit_imagenet_rho1p0_eps0p05_lr7p5e5_i40000	vit_imagenet	LITE_RUNNING
2026-08-09T17:00:58+12:00	hpsA_h200_vit_imagenet_rho1p0_eps0p05_lr7p5e5_i40000	vit_imagenet	LITE_FAILED_EXIT_1
2026-08-09T17:10:50+12:00	hpsA_h200_vit_imagenet_rho1p0_eps0p05_lr7p5e5_i40000	vit_imagenet	LITE_RUNNING
2026-08-09T17:10:58+12:00	hpsA_h200_vit_imagenet_rho1p0_eps0p05_lr7p5e5_i40000	vit_imagenet	LITE_FAILED_EXIT_1
2026-08-09T17:20:50+12:00	hpsA_h200_vit_imagenet_rho1p0_eps0p05_lr7p5e5_i40000	vit_imagenet	LITE_RUNNING
2026-08-09T17:20:58+12:00	hpsA_h200_vit_imagenet_rho1p0_eps0p05_lr7p5e5_i40000	vit_imagenet	LITE_FAILED_EXIT_1
2026-08-09T17:30:50+12:00	hpsA_h200_vit_imagenet_rho1p0_eps0p05_lr7p5e5_i40000	vit_imagenet	LITE_RUNNING
2026-08-09T17:30:59+12:00	hpsA_h200_vit_imagenet_rho1p0_eps0p05_lr7p5e5_i40000	vit_imagenet	LITE_FAILED_EXIT_1
2026-08-09T17:32:20+12:00	hpsA_h200_vit_imagenet_rho1p0_eps0p05_lr7p5e5_i40000	vit_imagenet	LITE_RUNNING
2026-08-09T18:25:04+12:00	hpsA_h200_vit_imagenet_rho1p0_eps0p05_lr7p5e5_i40000	vit_imagenet	LITE_COMPLETE
2026-08-09T18:25:04+12:00	hpsA_h200_r3m_bn_bi_rho0p5_eps0p05_lr1e4_i40000	r3m_bn_bi	UPSTREAM_RUNNING_TO_25000
2026-08-09T20:22:59+12:00	hpsA_h200_r3m_bn_bi_rho0p5_eps0p05_lr1e4_i40000	r3m_bn_bi	UPSTREAM_SEGMENT_COMPLETE_25000
2026-08-09T20:22:59+12:00	hpsA_h200_r3m_bn_bi_rho0p5_eps0p05_lr1e4_i40000	r3m_bn_bi	UPSTREAM_RUNNING_TO_30000
2026-08-09T22:19:49+12:00	hpsA_h200_r3m_bn_bi_rho0p5_eps0p05_lr1e4_i40000	r3m_bn_bi	UPSTREAM_SEGMENT_COMPLETE_30000
2026-08-09T22:19:49+12:00	hpsA_h200_r3m_bn_bi_rho0p5_eps0p05_lr1e4_i40000	r3m_bn_bi	UPSTREAM_RUNNING_TO_35000
2026-08-10T00:17:22+12:00	hpsA_h200_r3m_bn_bi_rho0p5_eps0p05_lr1e4_i40000	r3m_bn_bi	UPSTREAM_SEGMENT_COMPLETE_35000
2026-08-10T00:17:22+12:00	hpsA_h200_r3m_bn_bi_rho0p5_eps0p05_lr1e4_i40000	r3m_bn_bi	UPSTREAM_RUNNING_TO_40000
2026-08-10T02:15:19+12:00	hpsA_h200_r3m_bn_bi_rho0p5_eps0p05_lr1e4_i40000	r3m_bn_bi	UPSTREAM_SEGMENT_COMPLETE_40000
2026-08-10T02:15:19+12:00	hpsA_h200_r3m_bn_bi_rho0p5_eps0p05_lr1e4_i40000	r3m_bn_bi	UPSTREAM_COMPLETE
2026-08-10T02:15:22+12:00	hpsA_h200_r3m_bn_bi_rho0p5_eps0p05_lr1e4_i40000	r3m_bn_bi	LITE_RUNNING
2026-08-10T05:04:04+12:00	hpsA_h200_r3m_bn_bi_rho0p5_eps0p05_lr1e4_i40000	r3m_bn_bi	LITE_COMPLETE
2026-08-10T05:04:04+12:00	hpsA_h200_r3m_bn_bi_rho1p0_eps0p05_lr1e4_i40000	r3m_bn_bi	UPSTREAM_RUNNING_TO_5000
2026-08-10T07:02:12+12:00	hpsA_h200_r3m_bn_bi_rho1p0_eps0p05_lr1e4_i40000	r3m_bn_bi	UPSTREAM_SEGMENT_COMPLETE_5000
2026-08-10T07:02:12+12:00	hpsA_h200_r3m_bn_bi_rho1p0_eps0p05_lr1e4_i40000	r3m_bn_bi	UPSTREAM_RUNNING_TO_10000
2026-08-10T09:01:36+12:00	hpsA_h200_r3m_bn_bi_rho1p0_eps0p05_lr1e4_i40000	r3m_bn_bi	UPSTREAM_SEGMENT_COMPLETE_10000
2026-08-10T09:01:36+12:00	hpsA_h200_r3m_bn_bi_rho1p0_eps0p05_lr1e4_i40000	r3m_bn_bi	UPSTREAM_RUNNING_TO_15000
2026-08-10T11:01:07+12:00	hpsA_h200_r3m_bn_bi_rho1p0_eps0p05_lr1e4_i40000	r3m_bn_bi	UPSTREAM_SEGMENT_COMPLETE_15000
2026-08-10T11:01:07+12:00	hpsA_h200_r3m_bn_bi_rho1p0_eps0p05_lr1e4_i40000	r3m_bn_bi	UPSTREAM_RUNNING_TO_20000
2026-08-10T13:00:49+12:00	hpsA_h200_r3m_bn_bi_rho1p0_eps0p05_lr1e4_i40000	r3m_bn_bi	UPSTREAM_SEGMENT_COMPLETE_20000
2026-08-10T13:00:49+12:00	hpsA_h200_r3m_bn_bi_rho1p0_eps0p05_lr1e4_i40000	r3m_bn_bi	UPSTREAM_RUNNING_TO_25000
2026-08-10T14:59:50+12:00	hpsA_h200_r3m_bn_bi_rho1p0_eps0p05_lr1e4_i40000	r3m_bn_bi	UPSTREAM_SEGMENT_COMPLETE_25000
2026-08-10T14:59:50+12:00	hpsA_h200_r3m_bn_bi_rho1p0_eps0p05_lr1e4_i40000	r3m_bn_bi	UPSTREAM_RUNNING_TO_30000
2026-08-10T16:57:47+12:00	hpsA_h200_r3m_bn_bi_rho1p0_eps0p05_lr1e4_i40000	r3m_bn_bi	UPSTREAM_SEGMENT_COMPLETE_30000
2026-08-10T16:57:47+12:00	hpsA_h200_r3m_bn_bi_rho1p0_eps0p05_lr1e4_i40000	r3m_bn_bi	UPSTREAM_RUNNING_TO_35000
2026-08-10T18:54:24+12:00	hpsA_h200_r3m_bn_bi_rho1p0_eps0p05_lr1e4_i40000	r3m_bn_bi	UPSTREAM_SEGMENT_COMPLETE_35000
2026-08-10T18:54:24+12:00	hpsA_h200_r3m_bn_bi_rho1p0_eps0p05_lr1e4_i40000	r3m_bn_bi	UPSTREAM_RUNNING_TO_40000
2026-08-10T20:51:16+12:00	hpsA_h200_r3m_bn_bi_rho1p0_eps0p05_lr1e4_i40000	r3m_bn_bi	UPSTREAM_SEGMENT_COMPLETE_40000
2026-08-10T20:51:16+12:00	hpsA_h200_r3m_bn_bi_rho1p0_eps0p05_lr1e4_i40000	r3m_bn_bi	UPSTREAM_COMPLETE
2026-08-10T20:51:21+12:00	hpsA_h200_r3m_bn_bi_rho1p0_eps0p05_lr1e4_i40000	r3m_bn_bi	LITE_RUNNING
2026-08-10T23:46:24+12:00	hpsA_h200_r3m_bn_bi_rho1p0_eps0p05_lr1e4_i40000	r3m_bn_bi	LITE_COMPLETE
2026-08-10T23:46:24+12:00	hpsA_h200_vit_imagenet_rho0p5_eps0p025_lr7p5e5_i40000	vit_imagenet	LITE_RUNNING
2026-08-11T00:36:48+12:00	hpsA_h200_vit_imagenet_rho0p5_eps0p025_lr7p5e5_i40000	vit_imagenet	LITE_COMPLETE
2026-08-11T00:36:48+12:00	hpsA_h200_vit_imagenet_rho0p5_eps0p1_lr7p5e5_i40000	vit_imagenet	LITE_RUNNING
2026-08-11T01:26:54+12:00	hpsA_h200_vit_imagenet_rho0p5_eps0p1_lr7p5e5_i40000	vit_imagenet	LITE_COMPLETE
2026-08-11T01:26:54+12:00	hpsA_h200_vit_imagenet_rho0p25_eps0p025_lr7p5e5_i40000	vit_imagenet	LITE_RUNNING
2026-08-11T02:15:34+12:00	hpsA_h200_vit_imagenet_rho0p25_eps0p025_lr7p5e5_i40000	vit_imagenet	LITE_COMPLETE
2026-08-11T02:15:34+12:00	hpsA_h200_r3m_bn_bi_rho0p5_eps0p025_lr1e4_i40000	r3m_bn_bi	UPSTREAM_RUNNING_TO_5000
2026-08-11T04:13:49+12:00	hpsA_h200_r3m_bn_bi_rho0p5_eps0p025_lr1e4_i40000	r3m_bn_bi	UPSTREAM_SEGMENT_COMPLETE_5000
2026-08-11T04:13:50+12:00	hpsA_h200_r3m_bn_bi_rho0p5_eps0p025_lr1e4_i40000	r3m_bn_bi	UPSTREAM_RUNNING_TO_10000
2026-08-11T06:12:58+12:00	hpsA_h200_r3m_bn_bi_rho0p5_eps0p025_lr1e4_i40000	r3m_bn_bi	UPSTREAM_SEGMENT_COMPLETE_10000
2026-08-11T06:12:58+12:00	hpsA_h200_vit_imagenet_rho0p25_eps0p1_lr7p5e5_i40000	vit_imagenet	LITE_RUNNING
2026-08-11T07:05:03+12:00	hpsA_h200_vit_imagenet_rho0p25_eps0p1_lr7p5e5_i40000	vit_imagenet	LITE_COMPLETE
2026-08-11T07:05:03+12:00	hpsA_h200_r3m_bn_bi_rho0p25_eps0p05_lr1e4_i40000	r3m_bn_bi	LITE_RUNNING
2026-08-11T08:40:51+12:00	hpsA_h200_r3m_bn_bi_rho0p25_eps0p05_lr1e4_i40000	r3m_bn_bi	LITE_RUNNING
2026-08-11T09:29:34+12:00	hpsA_h200_r3m_bn_bi_rho0p25_eps0p05_lr1e4_i40000	r3m_bn_bi	LITE_RUNNING
2026-08-11T12:23:08+12:00	hpsA_h200_r3m_bn_bi_rho0p25_eps0p05_lr1e4_i40000	r3m_bn_bi	LITE_COMPLETE
2026-08-11T12:23:08+12:00	hpsA_h200_vit_imagenet_rho1p0_eps0p025_lr7p5e5_i40000	vit_imagenet	LITE_RUNNING
2026-08-11T13:12:52+12:00	hpsA_h200_vit_imagenet_rho1p0_eps0p025_lr7p5e5_i40000	vit_imagenet	LITE_COMPLETE
2026-08-11T13:12:52+12:00	hpsA_h200_r3m_bn_bi_rho0p5_eps0p025_lr1e4_i40000	r3m_bn_bi	UPSTREAM_RUNNING_TO_15000
2026-08-11T15:10:38+12:00	hpsA_h200_r3m_bn_bi_rho0p5_eps0p025_lr1e4_i40000	r3m_bn_bi	UPSTREAM_SEGMENT_COMPLETE_15000
2026-08-11T15:10:38+12:00	hpsA_h200_r3m_bn_bi_rho0p5_eps0p025_lr1e4_i40000	r3m_bn_bi	UPSTREAM_RUNNING_TO_20000
2026-08-11T17:07:51+12:00	hpsA_h200_r3m_bn_bi_rho0p5_eps0p025_lr1e4_i40000	r3m_bn_bi	UPSTREAM_SEGMENT_COMPLETE_20000
2026-08-11T17:07:51+12:00	hpsA_h200_r3m_bn_bi_rho0p5_eps0p025_lr1e4_i40000	r3m_bn_bi	UPSTREAM_RUNNING_TO_25000
2026-08-11T19:04:43+12:00	hpsA_h200_r3m_bn_bi_rho0p5_eps0p025_lr1e4_i40000	r3m_bn_bi	UPSTREAM_SEGMENT_COMPLETE_25000
2026-08-11T19:04:43+12:00	hpsA_h200_vit_imagenet_rho1p0_eps0p1_lr7p5e5_i40000	vit_imagenet	LITE_RUNNING
2026-08-11T19:52:18+12:00	hpsA_h200_vit_imagenet_rho1p0_eps0p1_lr7p5e5_i40000	vit_imagenet	LITE_COMPLETE
2026-08-11T19:52:18+12:00	hpsA_h200_r3m_bn_bi_rho0p5_eps0p025_lr1e4_i40000	r3m_bn_bi	UPSTREAM_RUNNING_TO_30000
2026-08-11T21:49:31+12:00	hpsA_h200_r3m_bn_bi_rho0p5_eps0p025_lr1e4_i40000	r3m_bn_bi	UPSTREAM_SEGMENT_COMPLETE_30000
2026-08-11T21:49:31+12:00	hpsA_h200_r3m_bn_bi_rho0p5_eps0p025_lr1e4_i40000	r3m_bn_bi	UPSTREAM_RUNNING_TO_35000
2026-08-11T23:46:36+12:00	hpsA_h200_r3m_bn_bi_rho0p5_eps0p025_lr1e4_i40000	r3m_bn_bi	UPSTREAM_SEGMENT_COMPLETE_35000
2026-08-11T23:46:37+12:00	hpsA_h200_r3m_bn_bi_rho0p5_eps0p025_lr1e4_i40000	r3m_bn_bi	UPSTREAM_RUNNING_TO_40000
2026-08-12T04:25:50+12:00	hpsA_h200_r3m_bn_bi_rho0p5_eps0p025_lr1e4_i40000	r3m_bn_bi	LITE_RUNNING
2026-08-12T07:11:39+12:00	hpsA_h200_r3m_bn_bi_rho0p5_eps0p025_lr1e4_i40000	r3m_bn_bi	LITE_COMPLETE
2026-08-12T07:11:39+12:00	hpsA_h200_r3m_bn_bi_rho0p5_eps0p1_lr1e4_i40000	r3m_bn_bi	UPSTREAM_RUNNING_TO_5000
2026-08-12T09:14:29+12:00	hpsA_h200_r3m_bn_bi_rho0p5_eps0p1_lr1e4_i40000	r3m_bn_bi	UPSTREAM_SEGMENT_COMPLETE_5000
2026-08-12T09:14:29+12:00	hpsA_h200_r3m_bn_bi_rho0p5_eps0p1_lr1e4_i40000	r3m_bn_bi	UPSTREAM_RUNNING_TO_10000
2026-08-12T11:16:04+12:00	hpsA_h200_r3m_bn_bi_rho0p5_eps0p1_lr1e4_i40000	r3m_bn_bi	UPSTREAM_SEGMENT_COMPLETE_10000
2026-08-12T11:16:04+12:00	hpsA_h200_r3m_bn_bi_rho0p5_eps0p1_lr1e4_i40000	r3m_bn_bi	UPSTREAM_RUNNING_TO_15000
2026-08-12T13:17:37+12:00	hpsA_h200_r3m_bn_bi_rho0p5_eps0p1_lr1e4_i40000	r3m_bn_bi	UPSTREAM_SEGMENT_COMPLETE_15000
2026-08-12T13:17:37+12:00	hpsA_h200_r3m_bn_bi_rho0p5_eps0p1_lr1e4_i40000	r3m_bn_bi	UPSTREAM_RUNNING_TO_20000
2026-08-12T15:19:25+12:00	hpsA_h200_r3m_bn_bi_rho0p5_eps0p1_lr1e4_i40000	r3m_bn_bi	UPSTREAM_SEGMENT_COMPLETE_20000
2026-08-12T15:19:25+12:00	hpsA_h200_r3m_bn_bi_rho0p5_eps0p1_lr1e4_i40000	r3m_bn_bi	UPSTREAM_RUNNING_TO_25000
2026-08-12T17:20:32+12:00	hpsA_h200_r3m_bn_bi_rho0p5_eps0p1_lr1e4_i40000	r3m_bn_bi	UPSTREAM_SEGMENT_COMPLETE_25000
2026-08-12T17:20:32+12:00	hpsA_h200_r3m_bn_bi_rho0p5_eps0p1_lr1e4_i40000	r3m_bn_bi	UPSTREAM_RUNNING_TO_30000
2026-08-12T19:21:20+12:00	hpsA_h200_r3m_bn_bi_rho0p5_eps0p1_lr1e4_i40000	r3m_bn_bi	UPSTREAM_SEGMENT_COMPLETE_30000
2026-08-12T19:21:21+12:00	hpsA_h200_r3m_bn_bi_rho0p5_eps0p1_lr1e4_i40000	r3m_bn_bi	UPSTREAM_RUNNING_TO_35000
2026-08-12T21:22:30+12:00	hpsA_h200_r3m_bn_bi_rho0p5_eps0p1_lr1e4_i40000	r3m_bn_bi	UPSTREAM_SEGMENT_COMPLETE_35000
2026-08-12T21:22:30+12:00	hpsA_h200_r3m_bn_bi_rho0p5_eps0p1_lr1e4_i40000	r3m_bn_bi	UPSTREAM_RUNNING_TO_40000
2026-08-12T23:23:48+12:00	hpsA_h200_r3m_bn_bi_rho0p5_eps0p1_lr1e4_i40000	r3m_bn_bi	UPSTREAM_SEGMENT_COMPLETE_40000
2026-08-12T23:23:48+12:00	hpsA_h200_r3m_bn_bi_rho0p5_eps0p1_lr1e4_i40000	r3m_bn_bi	UPSTREAM_COMPLETE
2026-08-12T23:30:07+12:00	hpsA_h200_r3m_bn_bi_rho0p5_eps0p1_lr1e4_i40000	r3m_bn_bi	LITE_RUNNING
2026-08-13T02:26:01+12:00	hpsA_h200_r3m_bn_bi_rho0p5_eps0p1_lr1e4_i40000	r3m_bn_bi	LITE_COMPLETE
2026-08-13T02:26:01+12:00	hpsA_h200_r3m_bn_bi_rho1p0_eps0p025_lr1e4_i40000	r3m_bn_bi	LITE_RUNNING
2026-08-13T05:18:53+12:00	hpsA_h200_r3m_bn_bi_rho1p0_eps0p025_lr1e4_i40000	r3m_bn_bi	LITE_COMPLETE
2026-08-13T05:18:53+12:00	hpsA_h200_r3m_bn_bi_rho1p0_eps0p1_lr1e4_i40000	r3m_bn_bi	UPSTREAM_RUNNING_TO_5000
2026-08-13T07:20:46+12:00	hpsA_h200_r3m_bn_bi_rho1p0_eps0p1_lr1e4_i40000	r3m_bn_bi	UPSTREAM_SEGMENT_COMPLETE_5000
2026-08-13T07:20:46+12:00	hpsA_h200_r3m_bn_bi_rho1p0_eps0p1_lr1e4_i40000	r3m_bn_bi	UPSTREAM_RUNNING_TO_10000
2026-08-13T09:22:44+12:00	hpsA_h200_r3m_bn_bi_rho1p0_eps0p1_lr1e4_i40000	r3m_bn_bi	UPSTREAM_SEGMENT_COMPLETE_10000
2026-08-13T09:22:44+12:00	hpsA_h200_r3m_bn_bi_rho1p0_eps0p1_lr1e4_i40000	r3m_bn_bi	UPSTREAM_RUNNING_TO_15000
2026-08-13T11:24:34+12:00	hpsA_h200_r3m_bn_bi_rho1p0_eps0p1_lr1e4_i40000	r3m_bn_bi	UPSTREAM_SEGMENT_COMPLETE_15000
2026-08-13T11:24:34+12:00	hpsA_h200_r3m_bn_bi_rho1p0_eps0p1_lr1e4_i40000	r3m_bn_bi	UPSTREAM_RUNNING_TO_20000
2026-08-13T13:26:35+12:00	hpsA_h200_r3m_bn_bi_rho1p0_eps0p1_lr1e4_i40000	r3m_bn_bi	UPSTREAM_SEGMENT_COMPLETE_20000
2026-08-13T13:26:35+12:00	hpsA_h200_r3m_bn_bi_rho1p0_eps0p1_lr1e4_i40000	r3m_bn_bi	UPSTREAM_RUNNING_TO_25000
2026-08-13T15:28:48+12:00	hpsA_h200_r3m_bn_bi_rho1p0_eps0p1_lr1e4_i40000	r3m_bn_bi	UPSTREAM_SEGMENT_COMPLETE_25000
2026-08-13T15:28:48+12:00	hpsA_h200_r3m_bn_bi_rho1p0_eps0p1_lr1e4_i40000	r3m_bn_bi	UPSTREAM_RUNNING_TO_30000
2026-08-13T17:30:37+12:00	hpsA_h200_r3m_bn_bi_rho1p0_eps0p1_lr1e4_i40000	r3m_bn_bi	UPSTREAM_SEGMENT_COMPLETE_30000
2026-08-13T17:30:37+12:00	hpsA_h200_r3m_bn_bi_rho1p0_eps0p1_lr1e4_i40000	r3m_bn_bi	UPSTREAM_RUNNING_TO_35000
2026-08-13T19:32:40+12:00	hpsA_h200_r3m_bn_bi_rho1p0_eps0p1_lr1e4_i40000	r3m_bn_bi	UPSTREAM_SEGMENT_COMPLETE_35000
2026-08-13T19:32:41+12:00	hpsA_h200_r3m_bn_bi_rho1p0_eps0p1_lr1e4_i40000	r3m_bn_bi	UPSTREAM_RUNNING_TO_40000
2026-08-13T21:35:03+12:00	hpsA_h200_r3m_bn_bi_rho1p0_eps0p1_lr1e4_i40000	r3m_bn_bi	UPSTREAM_SEGMENT_COMPLETE_40000
2026-08-13T21:35:03+12:00	hpsA_h200_r3m_bn_bi_rho1p0_eps0p1_lr1e4_i40000	r3m_bn_bi	UPSTREAM_COMPLETE
2026-08-13T21:35:09+12:00	hpsA_h200_r3m_bn_bi_rho1p0_eps0p1_lr1e4_i40000	r3m_bn_bi	LITE_RUNNING
2026-08-14T00:24:00+12:00	hpsA_h200_r3m_bn_bi_rho1p0_eps0p1_lr1e4_i40000	r3m_bn_bi	LITE_COMPLETE
2026-08-14T00:24:00+12:00	WAITING_FOR_IMPORTED_H200_LITE
2026-08-14T00:39:00+12:00	WAITING_FOR_IMPORTED_H200_LITE
2026-08-14T00:55:00+12:00	hpsA2_vit_imagenet_b20_rho0p5_eps0p05_lr3p75em5_i40000	vit_imagenet	UPSTREAM_RUNNING_TO_5000
2026-08-14T01:00:07+12:00	hpsA2_vit_imagenet_b20_rho0p5_eps0p05_lr3p75em5_i40000	vit_imagenet	UPSTREAM_RUNNING_TO_5000
2026-08-14T01:18:23+12:00	hpsA2_vit_imagenet_b20_rho0p5_eps0p05_lr3p75em5_i40000	vit_imagenet	UPSTREAM_RUNNING_TO_5000
